Dam Name,Report Date,Report Time,Dead Storage (MCM),Design Live Storage (MCM),Design Gross Storage (MCM),Current Live Storage (MCM),Current Gross Storage (MCM),Current Live Storage (%),Last Year Storage (%),Status
Gunjawani,09/09/2026,08:00 स.,0.21,104.48,104.69,104.48,104.69,100.0,96.39,Success
Khadakwasla,09/09/2026,08:00 स.,30.0,55.91,85.91,55.91,85.91,100.0,98.41,Success
Mulshi,09/09/2026,08:00 स.,230.0,522.76,752.76,522.76,752.76,100.0,100.0,Success
Panshet,09/09/2026,08:00 स.,9.0,301.61,310.61,301.61,310.61,100.0,100.0,Success
Temghar,09/09/2026,08:00 स.,2.95,105.01,107.96,104.53,107.48,99.54,100.0,Success
Gunjawani,08/09/2026,08:00 स.,0.21,104.48,104.69,104.48,104.69,100.0,96.39,PDF Not Available
Khadakwasla,08/09/2026,08:00 स.,30.0,55.91,85.91,55.91,85.91,100.0,98.41,PDF Not Available
Mulshi,08/09/2026,08:00 स.,230.0,522.76,752.76,522.76,752.76,100.0,100.0,PDF Not Available
Panshet,08/09/2026,08:00 स.,9.0,301.61,310.61,301.61,310.61,100.0,100.0,PDF Not Available
Temghar,08/09/2026,08:00 स.,2.95,105.01,107.96,104.53,107.48,99.54,100.0,PDF Not Available
Gunjawani,07/09/2026,08:00 स.,0.21,104.48,104.69,104.48,104.69,100.0,96.39,PDF Not Available
Khadakwasla,07/09/2026,05:56 स.,30.0,55.91,85.91,55.91,85.91,100.0,98.41,Success
Mulshi,07/09/2026,07:07 स.,230.0,522.76,752.76,522.76,752.76,100.0,100.0,Success
Panshet,07/09/2026,07:15 स.,9.0,301.61,310.61,301.61,310.61,100.0,100.0,Success
Temghar,07/09/2026,05:46 स.,2.95,105.01,107.96,104.53,107.48,99.54,100.0,Success
Gunjawani,06/09/2026,08:00 स.,0.21,104.48,104.69,104.48,104.69,100.0,96.39,PDF Not Available
Khadakwasla,06/09/2026,07:57 स.,30.0,55.91,85.91,55.91,85.91,100.0,98.91,Success
Mulshi,06/09/2026,06:57 स.,230.0,522.76,752.76,522.76,752.76,100.0,100.0,Success
Panshet,06/09/2026,07:56 स.,9.0,301.61,310.61,301.61,310.61,100.0,100.0,Success
Temghar,06/09/2026,05:39 स.,2.95,105.01,107.96,103.58,106.53,98.64,100.0,Success
Gunjawani,05/09/2026,08:00 स.,0.21,104.48,104.69,104.48,104.69,100.0,96.39,Success
Khadakwasla,05/09/2026,06:22 स.,30.0,55.91,85.91,55.91,85.91,100.0,98.66,Success
Mulshi,05/09/2026,08:00 स.,230.0,522.76,752.76,522.76,752.76,100.0,100.0,Success
Panshet,05/09/2026,07:21 स.,9.0,301.61,310.61,301.61,310.61,100.0,100.0,Success
Temghar,05/09/2026,05:40 स.,2.95,105.01,107.96,103.58,106.53,98.64,100.0,Success
Gunjawani,04/09/2026,06:26 स.,0.21,104.48,104.69,104.48,104.69,100.0,96.39,Success
Khadakwasla,04/09/2026,06:51 स.,30.0,55.91,85.91,55.91,85.91,100.0,97.6,Success
Mulshi,04/09/2026,07:00 स.,230.0,522.76,752.76,522.76,752.76,100.0,100.0,Success
Panshet,04/09/2026,08:05 स.,9.0,301.61,310.61,301.61,310.61,100.0,99.96,Success
Temghar,04/09/2026,06:12 स.,2.95,105.01,107.96,103.58,106.53,98.64,100.0,Success
Gunjawani,03/09/2026,08:00 स.,0.21,104.48,104.69,104.48,104.69,100.0,96.1,Success
Khadakwasla,03/09/2026,06:04 स.,30.0,55.91,85.91,55.91,85.91,100.0,93.57,Success
Mulshi,03/09/2026,07:00 स.,230.0,522.76,752.76,522.76,752.76,100.0,100.0,Success
Panshet,03/09/2026,07:45 स.,9.0,301.61,310.61,301.61,310.61,100.0,99.96,Success
Temghar,03/09/2026,05:37 स.,2.95,105.01,107.96,104.53,107.48,99.54,100.0,Success
Gunjawani,02/09/2026,07:51 स.,0.21,104.48,104.69,104.48,104.69,100.0,95.8,Success
Khadakwasla,02/09/2026,05:56 स.,30.0,55.91,85.91,55.91,85.91,100.0,89.23,Success
Mulshi,02/09/2026,07:00 स.,230.0,522.76,752.76,522.76,752.76,100.0,100.0,Success
Panshet,02/09/2026,08:02 स.,9.0,301.61,310.61,301.61,310.61,100.0,99.56,Success
Temghar,02/09/2026,05:37 स.,2.95,105.01,107.96,104.53,107.48,99.54,100.0,Success
Gunjawani,01/09/2026,06:40 स.,0.21,104.48,104.69,103.18,103.39,98.76,95.8,Success
Khadakwasla,01/09/2026,06:19 स.,30.0,55.91,85.91,55.91,85.91,100.0,80.13,Success
Mulshi,01/09/2026,07:00 स.,230.0,522.76,752.76,522.76,752.76,100.0,100.0,Success
Panshet,01/09/2026,07:40 स.,9.0,301.61,310.61,301.61,310.61,100.0,99.31,Success
Temghar,01/09/2026,08:00 स.,2.95,105.01,107.96,104.53,107.48,99.54,100.0,Success
Gunjawani,31/08/2026,08:00 स.,0.21,104.48,104.69,102.56,102.77,98.16,95.8,Success
Khadakwasla,31/08/2026,07:52 स.,30.0,55.91,85.91,55.91,85.91,100.0,79.11,Success
Mulshi,31/08/2026,07:00 स.,230.0,522.76,752.76,522.76,752.76,100.0,100.0,Success
Panshet,31/08/2026,08:00 स.,9.0,301.61,310.61,301.61,310.61,100.0,99.15,Success
Temghar,31/08/2026,05:40 स.,2.95,105.01,107.96,104.53,107.48,99.54,100.0,Success
Gunjawani,30/08/2026,08:00 स.,0.21,104.48,104.69,101.95,102.16,97.58,95.8,Success
Khadakwasla,30/08/2026,05:57 स.,30.0,55.91,85.91,55.91,85.91,100.0,76.12,Success
Mulshi,30/08/2026,08:00 स.,230.0,522.76,752.76,522.76,752.76,100.0,100.0,Success
Panshet,30/08/2026,08:00 स.,9.0,301.61,310.61,301.61,310.61,100.0,99.0,Success
Temghar,30/08/2026,05:39 स.,2.95,105.01,107.96,104.53,107.48,99.54,100.0,Success
Gunjawani,29/08/2026,10:49 स.,0.21,104.48,104.69,101.33,101.54,96.99,95.8,Success
Khadakwasla,29/08/2026,06:04 स.,30.0,55.91,85.91,55.91,85.91,100.0,76.37,Success
Mulshi,29/08/2026,07:00 स.,230.0,522.76,752.76,522.76,752.76,100.0,100.0,Success
Panshet,29/08/2026,08:00 स.,9.0,301.61,310.61,301.61,310.61,100.0,98.84,Success
Temghar,29/08/2026,05:14 स.,2.95,105.01,107.96,104.53,107.48,99.54,100.0,Success
Gunjawani,28/08/2026,01:43 स.,0.21,104.48,104.69,104.48,104.69,100.0,96.39,Success
Khadakwasla,28/08/2026,05:59 स.,30.0,55.91,85.91,55.91,85.91,100.0,71.34,Success
Mulshi,28/08/2026,08:00 स.,230.0,522.76,752.76,522.76,752.76,100.0,100.0,Success
Panshet,28/08/2026,07:25 स.,9.0,301.61,310.61,301.61,310.61,100.0,98.68,Success
Temghar,28/08/2026,05:53 स.,2.95,105.01,107.96,104.53,107.48,99.54,100.0,Success
Gunjawani,27/08/2026,09:24 स.,0.21,104.48,104.69,100.1,100.31,95.81,96.98,Success
Khadakwasla,27/08/2026,06:00 स.,30.0,55.91,85.91,55.91,85.91,100.0,75.14,Success
Mulshi,27/08/2026,07:00 स.,230.0,522.76,752.76,522.76,752.76,100.0,100.0,Success
Panshet,27/08/2026,06:26 स.,9.0,301.61,310.61,301.61,310.61,100.0,98.68,Success
Temghar,27/08/2026,05:37 स.,2.95,105.01,107.96,105.01,107.96,100.0,100.0,Success
Gunjawani,26/08/2026,11:43 स.,0.21,104.48,104.69,99.48,99.69,95.21,96.98,Success
Khadakwasla,26/08/2026,05:58 स.,30.0,55.91,85.91,55.91,85.91,100.0,76.61,Success
Mulshi,26/08/2026,06:51 स.,230.0,522.76,752.76,522.76,752.76,100.0,100.0,Success
Panshet,26/08/2026,07:44 स.,9.0,301.61,310.61,301.61,310.61,100.0,98.83,Success
Temghar,26/08/2026,04:49 स.,2.95,105.01,107.96,105.01,107.96,100.0,100.0,Success
Gunjawani,25/08/2026,07:29 स.,0.21,104.48,104.69,98.86,99.07,94.62,96.39,Success
Khadakwasla,25/08/2026,05:50 स.,30.0,55.91,85.91,55.91,85.91,100.0,75.37,Success
Mulshi,25/08/2026,06:53 स.,230.0,522.76,752.76,522.76,752.76,100.0,100.0,Success
Panshet,25/08/2026,07:12 स.,9.0,301.61,310.61,301.61,310.61,100.0,97.45,Success
Temghar,25/08/2026,05:23 स.,2.95,105.01,107.96,105.01,107.96,100.0,100.0,Success
Gunjawani,24/08/2026,06:42 स.,0.21,104.48,104.69,98.24,98.45,94.03,95.8,Success
Khadakwasla,24/08/2026,05:57 स.,30.0,55.91,85.91,55.91,85.91,100.0,74.5,Success
Mulshi,24/08/2026,07:09 स.,230.0,522.76,752.76,522.76,752.76,100.0,100.0,Success
Panshet,24/08/2026,08:00 स.,9.0,301.61,310.61,301.61,310.61,100.0,96.94,Success
Temghar,24/08/2026,05:25 स.,2.95,105.01,107.96,105.01,107.96,100.0,100.0,Success
Gunjawani,23/08/2026,05:23 स.,0.21,104.48,104.69,97.63,97.84,93.44,95.8,Success
Khadakwasla,23/08/2026,06:37 स.,30.0,55.91,85.91,55.91,85.91,100.0,73.53,Success
Mulshi,23/08/2026,07:00 स.,230.0,522.76,752.76,522.76,752.76,100.0,100.0,Success
Panshet,23/08/2026,08:07 स.,9.0,301.61,310.61,301.61,310.61,100.0,96.42,Success
Temghar,23/08/2026,05:51 स.,2.95,105.01,107.96,105.01,107.96,100.0,100.0,Success
Gunjawani,22/08/2026,08:00 स.,0.21,104.48,104.69,97.32,97.53,93.15,92.94,Success
Khadakwasla,22/08/2026,05:51 स.,30.0,55.91,85.91,55.91,85.91,100.0,74.3,Success
Mulshi,22/08/2026,07:00 स.,230.0,522.76,752.76,522.76,752.76,100.0,100.0,Success
Panshet,22/08/2026,07:34 स.,9.0,301.61,310.61,301.61,310.61,100.0,95.28,Success
Temghar,22/08/2026,08:00 स.,2.95,105.01,107.96,105.01,107.96,100.0,100.0,Success
Gunjawani,21/08/2026,05:21 स.,0.21,104.48,104.69,97.01,97.22,92.85,90.08,Success
Khadakwasla,21/08/2026,06:24 स.,30.0,55.91,85.91,55.91,85.91,100.0,87.25,Success
Mulshi,21/08/2026,08:00 स.,230.0,522.76,752.76,522.76,752.76,100.0,100.0,Success
Panshet,21/08/2026,07:57 स.,9.0,301.61,310.61,301.61,310.61,100.0,95.23,Success
Temghar,21/08/2026,05:44 स.,2.95,105.01,107.96,105.01,107.96,100.0,100.0,Success
Gunjawani,20/08/2026,05:23 स.,0.21,104.48,104.69,97.01,97.22,92.85,88.97,Success
Khadakwasla,20/08/2026,08:31 स.,30.0,55.91,85.91,55.91,85.91,100.0,97.6,Success
Mulshi,20/08/2026,07:00 स.,230.0,522.76,752.76,522.76,752.76,100.0,100.0,Success
Panshet,20/08/2026,08:00 स.,9.0,301.61,310.61,301.61,310.61,100.0,96.15,Success
Temghar,20/08/2026,05:50 स.,2.95,105.01,107.96,105.01,107.96,100.0,100.0,Success
Gunjawani,19/08/2026,05:21 स.,0.21,104.48,104.69,97.01,97.22,92.85,81.24,Success
Khadakwasla,19/08/2026,06:32 स.,30.0,55.91,85.91,55.91,85.91,100.0,66.84,Success
Mulshi,19/08/2026,06:54 स.,230.0,522.76,752.76,522.76,752.76,100.0,100.0,Success
Panshet,19/08/2026,07:41 स.,9.0,301.61,310.61,301.61,310.61,100.0,97.06,Success
Temghar,19/08/2026,06:01 स.,2.95,105.01,107.96,105.01,107.96,100.0,98.87,Success
Gunjawani,18/08/2026,05:25 स.,0.21,104.48,104.69,96.43,96.64,92.3,76.63,Success
Khadakwasla,18/08/2026,06:30 स.,30.0,55.91,85.91,55.91,85.91,100.0,52.17,Success
Mulshi,18/08/2026,06:52 स.,230.0,522.76,752.76,522.76,752.76,100.0,95.19,Success
Panshet,18/08/2026,07:47 स.,9.0,301.61,310.61,301.61,310.61,100.0,92.74,Success
Temghar,18/08/2026,05:43 स.,2.95,105.01,107.96,105.01,107.96,100.0,96.61,Success
Gunjawani,17/08/2026,05:23 स.,0.21,104.48,104.69,96.43,96.64,92.3,74.06,Success
Khadakwasla,17/08/2026,06:20 स.,30.0,55.91,85.91,55.91,85.91,100.0,51.35,Success
Mulshi,17/08/2026,08:00 स.,230.0,522.76,752.76,522.76,752.76,100.0,93.52,Success
Panshet,17/08/2026,06:52 स.,9.0,301.61,310.61,301.61,310.61,100.0,91.46,Success
Temghar,17/08/2026,05:58 स.,2.95,105.01,107.96,105.01,107.96,100.0,96.61,Success
Gunjawani,16/08/2026,07:30 स.,0.21,104.48,104.69,95.85,96.06,91.74,74.06,Success
Khadakwasla,16/08/2026,06:14 स.,30.0,55.91,85.91,55.91,85.91,100.0,50.63,Success
Mulshi,16/08/2026,08:00 स.,230.0,522.76,752.76,522.76,752.76,100.0,91.86,Success
Panshet,16/08/2026,07:10 स.,9.0,301.61,310.61,301.61,310.61,100.0,89.84,Success
Temghar,16/08/2026,05:47 स.,2.95,105.01,107.96,105.01,107.96,100.0,95.72,Success
Gunjawani,15/08/2026,08:00 स.,0.21,104.48,104.69,95.27,95.48,91.18,73.81,Success
Khadakwasla,15/08/2026,06:26 स.,30.0,55.91,85.91,55.91,85.91,100.0,49.97,Success
Mulshi,15/08/2026,07:00 स.,230.0,522.76,752.76,522.76,752.76,100.0,90.19,Success
Panshet,15/08/2026,06:08 स.,9.0,301.61,310.61,301.61,310.61,100.0,89.79,Success
Temghar,15/08/2026,04:23 स.,2.95,105.01,107.96,105.01,107.96,100.0,95.63,Success
Gunjawani,14/08/2026,05:34 स.,0.21,104.48,104.69,94.69,94.9,90.63,73.55,Success
Khadakwasla,14/08/2026,06:30 स.,30.0,55.91,85.91,55.91,85.91,100.0,48.86,Success
Mulshi,14/08/2026,07:00 स.,230.0,522.76,752.76,522.76,752.76,100.0,90.41,Success
Panshet,14/08/2026,07:00 स.,9.0,301.61,310.61,301.61,310.61,100.0,89.98,Success
Temghar,14/08/2026,08:00 स.,2.95,105.01,107.96,105.01,107.96,100.0,95.59,Success
Gunjawani,13/08/2026,08:00 स.,0.21,104.48,104.69,94.4,94.61,90.35,73.3,Success
Khadakwasla,13/08/2026,05:43 स.,30.0,55.91,85.91,55.91,85.91,100.0,48.86,Success
Mulshi,13/08/2026,07:00 स.,230.0,522.76,752.76,522.76,752.76,100.0,90.41,Success
Panshet,13/08/2026,06:13 स.,9.0,301.61,310.61,301.61,310.61,100.0,90.37,Success
Temghar,13/08/2026,05:50 स.,2.95,105.01,107.96,105.01,107.96,100.0,95.55,Success
Gunjawani,12/08/2026,07:05 स.,0.21,104.48,104.69,94.11,94.32,90.07,73.04,Success
Khadakwasla,12/08/2026,05:36 स.,30.0,55.91,85.91,55.91,85.91,100.0,49.05,Success
Mulshi,12/08/2026,06:57 स.,230.0,522.76,752.76,522.76,752.76,100.0,90.63,Success
Panshet,12/08/2026,06:16 स.,9.0,301.61,310.61,301.61,310.61,100.0,90.47,Success
Temghar,12/08/2026,05:45 स.,2.95,105.01,107.96,105.01,107.96,100.0,95.55,Success
Gunjawani,11/08/2026,06:34 स.,0.21,104.48,104.69,94.11,94.32,90.07,73.04,Success
Khadakwasla,11/08/2026,05:36 स.,30.0,55.91,85.91,55.91,85.91,100.0,54.39,Success
Mulshi,11/08/2026,07:00 स.,230.0,522.76,752.76,521.8,751.8,99.82,91.09,Success
Panshet,11/08/2026,07:01 स.,9.0,301.61,310.61,301.61,310.61,100.0,90.46,Success
Temghar,11/08/2026,05:32 स.,2.95,105.01,107.96,105.01,107.96,100.0,95.37,Success
Gunjawani,10/08/2026,06:28 स.,0.21,104.48,104.69,94.11,94.32,90.07,73.04,Success
Khadakwasla,10/08/2026,05:36 स.,30.0,55.91,85.91,55.91,85.91,100.0,58.16,Success
Mulshi,10/08/2026,07:11 स.,230.0,522.76,752.76,517.0,747.0,98.9,91.31,Success
Panshet,10/08/2026,06:57 स.,9.0,301.61,310.61,301.61,310.61,100.0,89.84,Success
Temghar,10/08/2026,05:50 स.,2.95,105.01,107.96,105.01,107.96,100.0,95.23,Success
Gunjawani,09/08/2026,07:15 स.,0.21,104.48,104.69,94.11,94.32,90.07,72.52,Success
Khadakwasla,09/08/2026,05:45 स.,30.0,55.91,85.91,55.91,85.91,100.0,61.29,Success
Mulshi,09/08/2026,07:45 स.,230.0,522.76,752.76,512.89,742.89,98.11,91.54,Success
Panshet,09/08/2026,08:04 स.,9.0,301.61,310.61,301.61,310.61,100.0,89.69,Success
Temghar,09/08/2026,05:55 स.,2.95,105.01,107.96,105.01,107.96,100.0,95.23,Success
Gunjawani,08/08/2026,06:49 स.,0.21,104.48,104.69,94.11,94.32,90.07,72.52,Success
Khadakwasla,08/08/2026,05:36 स.,30.0,55.91,85.91,55.91,85.91,100.0,65.48,Success
Mulshi,08/08/2026,07:00 स.,230.0,522.76,752.76,510.88,740.88,97.73,92.6,Success
Panshet,08/08/2026,06:14 स.,9.0,301.61,310.61,301.61,310.61,100.0,89.4,Success
Temghar,08/08/2026,05:08 स.,2.95,105.01,107.96,105.01,107.96,100.0,95.06,Success
Gunjawani,07/08/2026,07:11 स.,0.21,104.48,104.69,94.69,94.9,90.63,72.52,Success
Khadakwasla,07/08/2026,06:01 स.,30.0,55.91,85.91,55.91,85.91,100.0,68.77,Success
Mulshi,07/08/2026,07:00 स.,230.0,522.76,752.76,509.67,739.67,97.5,92.52,Success
Panshet,07/08/2026,08:23 स.,9.0,301.61,310.61,301.61,310.61,100.0,89.4,Success
Temghar,07/08/2026,06:07 स.,2.95,105.01,107.96,105.01,107.96,100.0,95.23,Success
Gunjawani,06/08/2026,06:47 स.,0.21,104.48,104.69,95.27,95.48,91.18,72.01,Success
Khadakwasla,06/08/2026,06:06 स.,30.0,55.91,85.91,55.91,85.91,100.0,69.76,Success
Mulshi,06/08/2026,07:00 स.,230.0,522.76,752.76,510.47,740.47,97.65,92.98,Success
Panshet,06/08/2026,05:28 स.,9.0,301.61,310.61,301.61,310.61,100.0,89.2,Success
Temghar,06/08/2026,06:56 स.,2.95,105.01,107.96,105.01,107.96,100.0,95.72,Success
Gunjawani,05/08/2026,06:06 स.,0.21,104.48,104.69,95.27,95.48,91.18,71.5,Success
Khadakwasla,05/08/2026,06:03 स.,30.0,55.91,85.91,55.91,85.91,100.0,66.2,Success
Mulshi,05/08/2026,07:00 स.,230.0,522.76,752.76,508.86,738.86,97.34,93.2,Success
Panshet,05/08/2026,05:29 स.,9.0,301.61,310.61,301.61,310.61,100.0,89.54,Success
Temghar,05/08/2026,05:22 स.,2.95,105.01,107.96,105.01,107.96,100.0,96.21,Success
Gunjawani,04/08/2026,07:53 स.,0.21,104.48,104.69,94.69,94.9,90.63,71.26,Success
Khadakwasla,04/08/2026,06:10 स.,30.0,55.91,85.91,55.91,85.91,100.0,62.17,Success
Mulshi,04/08/2026,07:04 स.,230.0,522.76,752.76,509.26,739.26,97.42,93.51,Success
Panshet,04/08/2026,07:01 स.,9.0,301.61,310.61,301.61,310.61,100.0,89.54,Success
Temghar,04/08/2026,05:57 स.,2.95,105.01,107.96,103.58,106.53,98.64,96.39,Success
Gunjawani,03/08/2026,07:14 स.,0.21,104.48,104.69,93.53,93.74,89.52,71.03,Success
Khadakwasla,03/08/2026,06:08 स.,30.0,55.91,85.91,55.91,85.91,100.0,59.6,Success
Mulshi,03/08/2026,08:00 स.,230.0,522.76,752.76,504.43,734.43,96.49,93.21,Success
Panshet,03/08/2026,08:00 स.,9.0,301.61,310.61,299.39,308.39,99.26,89.28,Success
Temghar,03/08/2026,04:53 स.,2.95,105.01,107.96,100.28,103.23,95.5,96.3,Success
Gunjawani,02/08/2026,05:24 स.,0.21,104.48,104.69,94.11,94.32,90.07,72.01,Success
Khadakwasla,02/08/2026,06:29 स.,30.0,55.91,85.91,55.91,85.91,100.0,57.93,Success
Mulshi,02/08/2026,08:00 स.,230.0,522.76,752.76,499.6,729.6,95.57,92.9,Success
Panshet,02/08/2026,08:00 स.,9.0,301.61,310.61,297.18,306.18,98.53,89.03,Success
Temghar,02/08/2026,05:24 स.,2.95,105.01,107.96,97.49,100.44,92.84,95.9,Success
Gunjawani,01/08/2026,05:24 स.,0.21,104.48,104.69,94.69,94.9,90.63,72.01,Success
Khadakwasla,01/08/2026,06:15 स.,30.0,55.91,85.91,53.4,83.4,95.51,60.04,Success
Mulshi,01/08/2026,07:00 स.,230.0,522.76,752.76,494.77,724.77,94.65,92.6,Success
Panshet,01/08/2026,06:48 स.,9.0,301.61,310.61,294.96,303.96,97.8,88.77,Success
Temghar,01/08/2026,06:02 स.,2.95,105.01,107.96,91.11,94.06,86.76,95.46,Success
Gunjawani,31/07/2026,05:21 स.,0.21,104.48,104.69,92.37,92.58,88.41,73.04,Success
Khadakwasla,31/07/2026,06:35 स.,30.0,55.91,85.91,55.91,85.91,100.0,64.32,Success
Mulshi,31/07/2026,07:00 स.,230.0,522.76,752.76,481.7,711.7,92.15,92.45,Success
Panshet,31/07/2026,06:06 स.,9.0,301.61,310.61,296.74,305.74,98.39,88.82,Success
Temghar,31/07/2026,08:00 स.,2.95,105.01,107.96,88.75,91.7,84.52,94.03,Success
Gunjawani,30/07/2026,05:18 स.,0.21,104.48,104.69,91.22,91.43,87.31,74.58,Success
Khadakwasla,30/07/2026,06:12 स.,30.0,55.91,85.91,55.91,85.91,100.0,61.29,Success
Mulshi,30/07/2026,07:06 स.,230.0,522.76,752.76,483.28,713.28,92.45,92.3,Success
Panshet,30/07/2026,06:00 स.,9.0,301.61,310.61,297.19,306.19,98.53,90.14,Success
Temghar,30/07/2026,08:00 स.,2.95,105.01,107.96,86.4,89.35,82.28,92.61,Success
Gunjawani,29/07/2026,05:24 स.,0.21,104.48,104.69,90.06,90.27,86.2,76.11,Success
Khadakwasla,29/07/2026,06:09 स.,30.0,55.91,85.91,55.91,85.91,100.0,63.94,Success
Mulshi,29/07/2026,07:03 स.,230.0,522.76,752.76,488.02,718.02,93.35,92.07,Success
Panshet,29/07/2026,06:12 स.,9.0,301.61,310.61,296.28,305.28,98.23,91.74,Success
Temghar,29/07/2026,05:38 स.,2.95,105.01,107.96,84.04,86.99,80.03,91.18,Success
Gunjawani,28/07/2026,05:20 स.,0.21,104.48,104.69,88.9,89.11,85.09,77.14,Success
Khadakwasla,28/07/2026,05:53 स.,30.0,55.91,85.91,55.91,85.91,100.0,76.84,Success
Mulshi,28/07/2026,07:00 स.,230.0,522.76,752.76,488.41,718.41,93.43,92.75,Success
Panshet,28/07/2026,06:12 स.,9.0,301.61,310.61,290.96,299.96,96.47,92.78,Success
Temghar,28/07/2026,05:27 स.,2.95,105.01,107.96,81.89,84.84,77.98,89.61,Success
Gunjawani,27/07/2026,05:17 स.,0.21,104.48,104.69,88.32,88.53,84.53,75.6,Success
Khadakwasla,27/07/2026,06:00 स.,30.0,55.91,85.91,55.91,85.91,100.0,70.9,Success
Mulshi,27/07/2026,07:11 स.,230.0,522.76,752.76,488.02,718.02,93.35,91.39,Success
Panshet,27/07/2026,06:03 स.,9.0,301.61,310.61,283.82,292.82,94.1,91.26,Success
Temghar,27/07/2026,08:00 स.,2.95,105.01,107.96,77.74,80.69,74.03,85.11,Success
Gunjawani,26/07/2026,05:22 स.,0.21,104.48,104.69,90.06,90.27,86.2,72.52,Success
Khadakwasla,26/07/2026,06:06 स.,30.0,55.91,85.91,55.91,85.91,100.0,57.47,Success
Mulshi,26/07/2026,07:00 स.,230.0,522.76,752.76,491.18,721.18,93.96,89.44,Success
Panshet,26/07/2026,06:26 स.,9.0,301.61,310.61,274.51,283.51,91.01,87.23,Success
Temghar,26/07/2026,06:31 स.,2.95,105.01,107.96,73.6,76.55,70.09,80.61,Success
Gunjawani,25/07/2026,05:25 स.,0.21,104.48,104.69,90.64,90.85,86.75,70.79,Success
Khadakwasla,25/07/2026,06:06 स.,30.0,55.91,85.91,55.91,85.91,100.0,52.72,Success
Mulshi,25/07/2026,07:00 स.,230.0,522.76,752.76,495.98,725.98,94.88,87.0,Success
Panshet,25/07/2026,06:10 स.,9.0,301.61,310.61,263.38,272.38,87.32,83.97,Success
Temghar,25/07/2026,08:00 स.,2.95,105.01,107.96,73.6,76.55,70.09,72.47,Success
Gunjawani,24/07/2026,06:16 स.,0.21,104.48,104.69,84.88,85.09,81.24,70.32,Success
Khadakwasla,24/07/2026,06:15 स.,30.0,55.91,85.91,55.91,85.91,100.0,52.51,Success
Mulshi,24/07/2026,08:00 स.,230.0,522.76,752.76,485.65,715.65,92.9,86.77,Success
Panshet,24/07/2026,06:12 स.,9.0,301.61,310.61,248.2,257.2,82.29,82.24,Success
Temghar,24/07/2026,04:45 स.,2.95,105.01,107.96,73.6,76.55,70.09,64.34,Success
Gunjawani,23/07/2026,06:05 स.,0.21,104.48,104.69,78.45,78.66,75.09,70.09,Success
Khadakwasla,23/07/2026,07:00 स.,30.0,55.91,85.91,51.48,81.48,92.08,52.34,Success
Mulshi,23/07/2026,07:30 स.,230.0,522.76,752.76,475.38,705.38,90.94,85.45,Success
Panshet,23/07/2026,08:00 स.,9.0,301.61,310.61,231.16,240.16,76.64,81.11,Success
Temghar,23/07/2026,07:15 स.,2.95,105.01,107.96,58.77,61.72,55.97,75.89,Success
Gunjawani,22/07/2026,06:18 स.,0.21,104.48,104.69,73.72,73.93,70.56,70.09,Success
Khadakwasla,22/07/2026,07:00 स.,30.0,55.91,85.91,42.01,72.01,75.14,52.51,Success
Mulshi,22/07/2026,08:00 स.,230.0,522.76,752.76,458.27,688.27,87.66,83.84,Success
Panshet,22/07/2026,07:26 स.,9.0,301.61,310.61,214.13,223.13,71.0,79.98,Success
Temghar,22/07/2026,08:00 स.,2.95,105.01,107.96,52.32,55.27,49.82,75.13,Success
Gunjawani,21/07/2026,06:18 स.,0.21,104.48,104.69,71.76,71.97,68.68,70.09,Success
Khadakwasla,21/07/2026,08:00 स.,30.0,55.91,85.91,37.59,67.59,67.23,53.56,Success
Mulshi,21/07/2026,07:45 स.,230.0,522.76,752.76,427.27,657.27,81.73,83.55,Success
Panshet,21/07/2026,07:43 स.,9.0,301.61,310.61,202.86,211.86,67.26,79.48,Success
Temghar,21/07/2026,08:00 स.,2.95,105.01,107.96,47.08,50.03,44.83,74.73,Success
Gunjawani,20/07/2026,06:03 स.,0.21,104.48,104.69,71.02,71.23,67.97,70.09,Success
Khadakwasla,20/07/2026,08:00 स.,30.0,55.91,85.91,39.14,69.14,70.01,54.39,Success
Mulshi,20/07/2026,08:00 स.,230.0,522.76,752.76,414.03,644.03,79.2,83.55,Success
Panshet,20/07/2026,07:00 स.,9.0,301.61,310.61,195.35,204.35,64.77,79.02,Success
Temghar,20/07/2026,08:00 स.,2.95,105.01,107.96,44.82,47.77,42.68,74.45,Success
Gunjawani,19/07/2026,05:18 स.,0.21,104.48,104.69,70.54,70.75,67.52,70.32,Success
Khadakwasla,19/07/2026,08:00 स.,30.0,55.91,85.91,41.54,71.54,74.3,55.15,Success
Mulshi,19/07/2026,08:00 स.,230.0,522.76,752.76,406.54,636.54,77.77,82.97,Success
Panshet,19/07/2026,07:59 स.,9.0,301.61,310.61,191.56,200.56,63.51,78.44,Success
Temghar,19/07/2026,08:00 स.,2.95,105.01,107.96,43.74,46.69,41.65,74.05,Success
Gunjawani,18/07/2026,06:07 स.,0.21,104.48,104.69,70.29,70.5,67.28,70.32,Success
Khadakwasla,18/07/2026,08:00 स.,30.0,55.91,85.91,44.23,74.23,79.11,56.62,Success
Mulshi,18/07/2026,08:00 स.,230.0,522.76,752.76,399.44,629.44,76.41,82.75,Success
Panshet,18/07/2026,07:40 स.,9.0,301.61,310.61,187.99,196.99,62.33,77.98,Success
Temghar,18/07/2026,08:00 स.,2.95,105.01,107.96,42.9,45.85,40.85,73.62,Success
Gunjawani,17/07/2026,05:24 स.,0.21,104.48,104.69,70.04,70.25,67.04,70.09,Success
Khadakwasla,17/07/2026,08:00 स.,30.0,55.91,85.91,46.82,76.82,83.74,60.76,Success
Mulshi,17/07/2026,08:00 स.,230.0,522.76,752.76,393.12,623.12,75.2,83.04,Success
Panshet,17/07/2026,07:36 स.,9.0,301.61,310.61,184.85,193.85,61.29,77.21,Success
Temghar,17/07/2026,08:00 स.,2.95,105.01,107.96,41.99,44.94,39.99,73.23,Success
Gunjawani,16/07/2026,05:20 स.,0.21,104.48,104.69,69.8,70.01,66.81,69.86,Success
Khadakwasla,16/07/2026,07:00 स.,30.0,55.91,85.91,49.62,79.62,88.75,61.95,Success
Mulshi,16/07/2026,06:43 स.,230.0,522.76,752.76,390.9,620.9,74.78,83.4,Success
Panshet,16/07/2026,05:07 स.,9.0,301.61,310.61,184.17,193.17,61.06,76.12,Success
Temghar,16/07/2026,08:00 स.,2.95,105.01,107.96,41.75,44.7,39.76,72.29,Success
Gunjawani,15/07/2026,05:18 स.,0.21,104.48,104.69,68.71,68.92,65.76,68.68,Success
Khadakwasla,15/07/2026,08:00 स.,30.0,55.91,85.91,51.33,81.33,91.81,63.38,Success
Mulshi,15/07/2026,07:45 स.,230.0,522.76,752.76,390.9,620.9,74.78,84.21,Success
Panshet,15/07/2026,08:00 स.,9.0,301.61,310.61,183.08,192.08,60.7,74.68,Success
Temghar,15/07/2026,08:00 स.,2.95,105.01,107.96,41.44,44.39,39.46,70.89,Success
Gunjawani,14/07/2026,08:00 स.,0.21,104.48,104.69,68.17,68.38,65.25,68.56,PDF Not Available
Khadakwasla,14/07/2026,08:00 स.,30.0,55.91,85.91,53.24,83.24,95.22,60.42,PDF Not Available
Mulshi,14/07/2026,08:00 स.,230.0,522.76,752.76,392.2,622.2,75.02,83.08,PDF Not Available
Panshet,14/07/2026,08:00 स.,9.0,301.61,310.61,181.99,190.99,60.34,73.25,PDF Not Available
Temghar,14/07/2026,08:00 स.,2.95,105.01,107.96,41.24,44.19,39.27,69.18,PDF Not Available
Gunjawani,13/07/2026,05:35 am,0.21,104.48,104.69,67.63,67.84,64.73,68.45,Success
Khadakwasla,13/07/2026,08:00 am,30.0,55.91,85.91,55.16,85.16,98.66,57.47,Success
Mulshi,13/07/2026,07:45 am,230.0,522.76,752.76,393.49,623.49,75.27,81.95,Success
Panshet,13/07/2026,08:00 स.,9.0,301.61,310.61,180.9,189.9,59.98,71.82,Success
Temghar,13/07/2026,08:00 am,2.95,105.01,107.96,41.04,43.99,39.08,67.48,Success
Gunjawani,12/07/2026,06:27 am,0.21,104.48,104.69,66.54,66.75,63.69,68.68,Success
Khadakwasla,12/07/2026,08:00 am,30.0,55.91,85.91,55.91,85.91,100.0,57.04,Success
Mulshi,12/07/2026,08:00 am,230.0,522.76,752.76,393.12,623.12,75.2,81.3,Success
Panshet,12/07/2026,10:04 स.,9.0,301.61,310.61,179.81,188.81,59.62,70.38,Success
Temghar,12/07/2026,07:45 am,2.95,105.01,107.96,40.7,43.65,38.76,66.45,Success
Gunjawani,11/07/2026,06:59 स.,0.21,104.48,104.69,65.45,65.66,62.64,68.68,Success
Khadakwasla,11/07/2026,08:00 स.,30.0,55.91,85.91,55.91,85.91,100.0,55.77,Success
Mulshi,11/07/2026,07:45 स.,230.0,522.76,752.76,391.64,621.64,74.92,80.5,Success
Panshet,11/07/2026,05:53 am,9.0,301.61,310.61,177.74,186.74,58.93,69.58,Success
Temghar,11/07/2026,07:45 स.,2.95,105.01,107.96,40.16,43.11,38.24,64.91,Success
Gunjawani,10/07/2026,08:00 स.,0.21,104.48,104.69,59.61,59.82,57.05,70.3,Success
Khadakwasla,10/07/2026,08:00 स.,30.0,55.91,85.91,55.91,85.91,100.0,54.95,Success
Mulshi,10/07/2026,06:00 स.,230.0,522.76,752.76,388.31,618.31,74.28,79.92,Success
Panshet,10/07/2026,05:49 स.,9.0,301.61,310.61,176.72,185.72,58.59,68.63,Success
Temghar,10/07/2026,06:00 स.,2.95,105.01,107.96,39.06,42.01,37.2,62.87,Success
Gunjawani,09/07/2026,08:00 स.,0.21,104.48,104.69,53.78,53.99,51.47,71.93,Success
Khadakwasla,09/07/2026,08:00 स.,30.0,55.91,85.91,53.52,83.52,95.73,56.0,Success
Mulshi,09/07/2026,08:00 स.,230.0,522.76,752.76,381.65,611.65,73.01,80.36,Success
Panshet,09/07/2026,05:54 स.,9.0,301.61,310.61,170.24,179.24,56.44,67.34,Success
Temghar,09/07/2026,01:30 स.,2.95,105.01,107.96,36.31,39.26,34.58,61.44,Success
Gunjawani,08/07/2026,06:48 स.,0.21,104.48,104.69,47.94,48.15,45.88,73.55,Success
Khadakwasla,08/07/2026,08:00 स.,30.0,55.91,85.91,55.91,85.91,100.0,57.7,Success
Mulshi,08/07/2026,08:00 स.,230.0,522.76,752.76,340.78,570.78,65.19,80.79,Success
Panshet,08/07/2026,08:00 स.,9.0,301.61,310.61,144.55,153.55,47.93,65.62,Success
Temghar,08/07/2026,06:00 स.,2.95,105.01,107.96,29.58,32.53,28.17,59.99,Success
Gunjawani,07/07/2026,05:42 स.,0.21,104.48,104.69,37.73,37.94,36.11,76.63,Success
Khadakwasla,07/07/2026,08:00 स.,30.0,55.91,85.91,41.77,71.77,74.71,61.29,Success
Mulshi,07/07/2026,08:43 स.,230.0,522.76,752.76,265.79,495.79,50.84,82.1,Success
Panshet,07/07/2026,06:08 स.,9.0,301.61,310.61,118.86,127.86,39.41,63.9,Success
Temghar,07/07/2026,12:00 स.,2.95,105.01,107.96,17.38,20.33,16.55,58.23,Success
Gunjawani,06/07/2026,07:51 am,0.21,104.48,104.69,28.29,28.5,27.08,76.63,Success
Khadakwasla,06/07/2026,08:00 am,30.0,55.91,85.91,15.8,45.8,28.26,61.51,Success
Mulshi,06/07/2026,08:00 am,230.0,522.76,752.76,179.65,409.65,34.37,81.44,Success
Panshet,06/07/2026,05:56 am,9.0,301.61,310.61,85.99,94.99,28.51,61.77,Success
Temghar,06/07/2026,08:00 am,2.95,105.01,107.96,10.89,13.84,10.37,55.26,Success
Gunjawani,05/07/2026,06:34 am,0.21,104.48,104.69,22.3,22.51,21.34,75.09,Success
Khadakwasla,05/07/2026,07:00 am,30.0,55.91,85.91,7.61,37.61,13.61,59.6,Success
Mulshi,05/07/2026,08:00 am,230.0,522.76,752.76,100.96,330.96,19.31,77.91,Success
Panshet,05/07/2026,05:55 am,9.0,301.61,310.61,69.33,78.33,22.99,59.65,Success
Temghar,05/07/2026,08:00 am,2.95,105.01,107.96,4.01,6.96,3.82,51.61,Success
Gunjawani,04/07/2026,06:40 स.,0.21,104.48,104.69,19.42,19.63,18.59,73.04,Success
Khadakwasla,04/07/2026,08:00 स.,30.0,55.91,85.91,7.39,37.39,13.22,60.19,Success
Mulshi,04/07/2026,07:30 स.,230.0,522.76,752.76,71.57,301.57,13.69,73.22,Success
Panshet,04/07/2026,05:52 स.,9.0,301.61,310.61,62.59,71.59,20.75,57.43,Success
Temghar,04/07/2026,08:00 स.,2.95,105.01,107.96,0.86,3.81,0.82,48.62,Success
Gunjawani,03/07/2026,05:42 स.,0.21,104.48,104.69,19.09,19.3,18.27,70.32,Success
Khadakwasla,03/07/2026,08:00 स.,30.0,55.91,85.91,7.61,37.61,13.61,58.16,Success
Mulshi,03/07/2026,08:00 स.,230.0,522.76,752.76,57.92,287.92,11.08,70.61,Success
Panshet,03/07/2026,05:54 स.,9.0,301.61,310.61,56.05,65.05,18.58,50.56,Success
Temghar,03/07/2026,08:00 स.,2.95,105.01,107.96,0.0,2.95,0.0,46.39,Success
Gunjawani,02/07/2026,08:00 स.,0.21,104.48,104.69,19.01,19.22,18.19,68.92,PDF Not Available
Khadakwasla,02/07/2026,08:00 स.,30.0,55.91,85.91,8.13,38.13,14.54,60.88,PDF Not Available
Mulshi,02/07/2026,08:00 स.,230.0,522.76,752.76,51.56,281.56,9.86,66.49,PDF Not Available
Panshet,02/07/2026,08:00 स.,9.0,301.61,310.61,53.62,62.62,17.78,49.34,PDF Not Available
Temghar,02/07/2026,08:00 स.,2.95,105.01,107.96,0.0,2.95,0.0,43.02,PDF Not Available
Gunjawani,01/07/2026,05:41 स.,0.21,104.48,104.69,18.93,19.14,18.12,67.51,Success
Khadakwasla,01/07/2026,08:09 स.,30.0,55.91,85.91,8.65,38.65,15.47,63.6,Success
Mulshi,01/07/2026,07:01 स.,230.0,522.76,752.76,45.19,275.19,8.64,62.37,Success
Panshet,01/07/2026,05:52 स.,9.0,301.61,310.61,51.18,60.18,16.97,48.13,Success
Temghar,01/07/2026,06:00 स.,2.95,105.01,107.96,0.0,2.95,0.0,39.64,Success
Gunjawani,30/06/2026,05:41 स.,0.21,104.48,104.69,18.93,19.14,18.12,65.77,Success
Khadakwasla,30/06/2026,06:00 स.,30.0,55.91,85.91,8.46,38.46,15.13,61.51,Success
Mulshi,30/06/2026,08:00 स.,230.0,522.76,752.76,43.87,273.87,8.39,61.35,Success
Panshet,30/06/2026,06:01 स.,9.0,301.61,310.61,51.69,60.69,17.14,45.95,Success
Temghar,30/06/2026,08:35 स.,2.95,105.01,107.96,0.0,2.95,0.0,35.9,Success
Gunjawani,29/06/2026,05:05 स.,0.21,104.48,104.69,18.93,19.14,18.12,62.65,Success
Khadakwasla,29/06/2026,08:00 स.,30.0,55.91,85.91,8.09,38.09,14.47,61.08,Success
Mulshi,29/06/2026,07:45 स.,230.0,522.76,752.76,43.61,273.61,8.34,58.43,Success
Panshet,29/06/2026,07:47 स.,9.0,301.61,310.61,52.6,61.6,17.44,44.61,Success
Temghar,29/06/2026,08:00 स.,2.95,105.01,107.96,0.0,2.95,0.0,35.34,Success
Gunjawani,28/06/2026,08:00 स.,0.21,104.48,104.69,18.93,19.14,18.12,59.72,Success
Khadakwasla,28/06/2026,08:31 स.,30.0,55.91,85.91,8.37,38.37,14.97,62.42,Success
Mulshi,28/06/2026,07:45 स.,230.0,522.76,752.76,45.19,275.19,8.64,58.03,Success
Panshet,28/06/2026,08:31 स.,9.0,301.61,310.61,53.62,62.62,17.78,43.38,Success
Temghar,28/06/2026,08:00 स.,2.95,105.01,107.96,0.0,2.95,0.0,33.98,Success
Gunjawani,27/06/2026,05:58 स.,0.21,104.48,104.69,18.93,19.14,18.12,56.79,Success
Khadakwasla,27/06/2026,08:00 स.,30.0,55.91,85.91,9.72,39.72,17.39,63.01,PDF Not Available
Mulshi,27/06/2026,08:00 स.,230.0,522.76,752.76,47.69,277.69,9.12,54.14,PDF Not Available
Panshet,27/06/2026,08:00 स.,9.0,301.61,310.61,53.62,62.62,17.78,41.62,PDF Not Available
Temghar,27/06/2026,08:00 स.,2.95,105.01,107.96,0.0,2.95,0.0,25.66,PDF Not Available
Gunjawani,26/06/2026,08:26 स.,0.21,104.48,104.69,18.93,19.14,18.12,55.09,Success
Khadakwasla,26/06/2026,08:00 स.,30.0,55.91,85.91,11.06,41.06,19.78,63.6,Success
Mulshi,26/06/2026,08:00 स.,230.0,522.76,752.76,50.19,280.19,9.6,50.26,Success
Panshet,26/06/2026,07:28 स.,9.0,301.61,310.61,53.62,62.62,17.78,39.87,Success
Temghar,26/06/2026,08:00 स.,2.95,105.01,107.96,0.0,2.95,0.0,17.34,Success
Gunjawani,25/06/2026,06:44 स.,0.21,104.48,104.69,18.93,19.14,18.12,53.4,Success
Khadakwasla,25/06/2026,08:06 स.,30.0,55.91,85.91,11.35,41.35,20.3,60.87,Success
Mulshi,25/06/2026,07:17 स.,230.0,522.76,752.76,54.13,284.13,10.35,48.82,Success
Panshet,25/06/2026,08:07 स.,9.0,301.61,310.61,53.42,62.42,17.71,38.12,Success
Temghar,25/06/2026,08:00 स.,2.95,105.01,107.96,0.0,2.95,0.0,17.34,Success
Gunjawani,24/06/2026,08:00 स.,0.21,104.48,104.69,18.84,19.05,18.03,48.98,Success
Khadakwasla,24/06/2026,08:00 स.,30.0,55.91,85.91,13.88,43.88,24.83,63.94,Success
Mulshi,24/06/2026,07:12 स.,230.0,522.76,752.76,53.87,283.87,10.3,44.67,Success
Panshet,24/06/2026,08:10 स.,9.0,301.61,310.61,53.19,62.19,17.64,35.02,Success
Temghar,24/06/2026,08:00 स.,2.95,105.01,107.96,0.0,2.95,0.0,17.34,Success
Gunjawani,23/06/2026,05:32 स.,0.21,104.48,104.69,18.76,18.97,17.96,44.56,Success
Khadakwasla,23/06/2026,08:00 स.,30.0,55.91,85.91,14.6,44.6,26.11,62.17,Success
Mulshi,23/06/2026,08:00 स.,230.0,522.76,752.76,55.49,285.49,10.61,42.72,Success
Panshet,23/06/2026,07:35 स.,9.0,301.61,310.61,53.19,62.19,17.64,31.34,Success
Temghar,23/06/2026,08:36 स.,2.95,105.01,107.96,0.0,2.95,0.0,17.34,Success
Gunjawani,22/06/2026,05:31 स.,0.21,104.48,104.69,18.76,18.97,17.96,43.23,Success
Khadakwasla,22/06/2026,08:00 स.,30.0,55.91,85.91,16.18,46.18,28.94,63.6,Success
Mulshi,22/06/2026,07:00 स.,230.0,522.76,752.76,57.11,287.11,10.92,40.78,Success
Panshet,22/06/2026,07:35 स.,9.0,301.61,310.61,53.19,62.19,17.64,30.21,Success
Temghar,22/06/2026,08:00 स.,2.95,105.01,107.96,0.0,2.95,0.0,17.34,Success
Gunjawani,21/06/2026,05:47 स.,0.21,104.48,104.69,18.76,18.97,17.96,40.56,Success
Khadakwasla,21/06/2026,07:56 स.,30.0,55.91,85.91,15.94,45.94,28.51,64.1,Success
Mulshi,21/06/2026,07:00 स.,230.0,522.76,752.76,59.28,289.28,11.34,36.76,Success
Panshet,21/06/2026,07:56 स.,9.0,301.61,310.61,53.19,62.19,17.64,28.11,Success
Temghar,21/06/2026,08:00 स.,2.95,105.01,107.96,0.0,2.95,0.0,17.34,Success
Gunjawani,20/06/2026,06:20 स.,0.21,104.48,104.69,18.76,18.97,17.96,37.0,Success
Khadakwasla,20/06/2026,08:50 स.,30.0,55.91,85.91,17.44,47.44,31.19,78.39,Success
Mulshi,20/06/2026,06:58 स.,230.0,522.76,752.76,61.99,291.99,11.86,33.63,Success
Panshet,20/06/2026,08:50 स.,9.0,301.61,310.61,53.62,62.62,17.78,25.05,Success
Temghar,20/06/2026,08:44 स.,2.95,105.01,107.96,0.0,2.95,0.0,13.41,Success
Gunjawani,19/06/2026,05:45 स.,0.21,104.48,104.69,18.76,18.97,17.96,29.91,Success
Khadakwasla,19/06/2026,07:00 स.,30.0,55.91,85.91,19.64,49.64,35.13,64.75,Success
Mulshi,19/06/2026,06:33 स.,230.0,522.76,752.76,64.96,294.96,12.43,26.05,Success
Panshet,19/06/2026,07:22 स.,9.0,301.61,310.61,53.62,62.62,17.78,20.28,Success
Temghar,19/06/2026,08:00 स.,2.95,105.01,107.96,0.0,2.95,0.0,8.76,Success
Gunjawani,18/06/2026,06:15 स.,0.21,104.48,104.69,18.76,18.97,17.96,27.33,Success
Khadakwasla,18/06/2026,07:46 स.,30.0,55.91,85.91,20.49,50.49,36.65,61.51,Success
Mulshi,18/06/2026,06:58 स.,230.0,522.76,752.76,67.95,297.95,13.0,22.6,Success
Panshet,18/06/2026,07:46 स.,9.0,301.61,310.61,53.81,62.81,17.84,17.91,Success
Temghar,18/06/2026,08:00 स.,2.95,105.01,107.96,0.0,2.95,0.0,5.97,Success
Gunjawani,17/06/2026,06:32 स.,0.21,104.48,104.69,18.76,18.97,17.96,24.42,Success
Khadakwasla,17/06/2026,08:00 स.,30.0,55.91,85.91,22.28,52.28,39.85,46.97,Success
Mulshi,17/06/2026,07:00 स.,230.0,522.76,752.76,71.01,301.01,13.58,21.91,Success
Panshet,17/06/2026,06:56 स.,9.0,301.61,310.61,53.81,62.81,17.84,13.42,Success
Temghar,17/06/2026,08:00 स.,2.95,105.01,107.96,0.0,2.95,0.0,4.39,Success
Gunjawani,16/06/2026,06:00 स.,0.21,104.48,104.69,18.76,18.97,17.96,23.76,Success
Khadakwasla,16/06/2026,08:11 स.,30.0,55.91,85.91,22.56,52.56,40.35,46.97,Success
Mulshi,16/06/2026,06:00 स.,230.0,522.76,752.76,74.35,304.35,14.22,18.81,Success
Panshet,16/06/2026,08:12 स.,9.0,301.61,310.61,53.81,62.81,17.84,13.42,Success
Temghar,16/06/2026,08:49 स.,2.95,105.01,107.96,0.0,2.95,0.0,0.84,Success
Gunjawani,15/06/2026,05:36 स.,0.21,104.48,104.69,18.76,18.97,17.96,23.33,Success
Khadakwasla,15/06/2026,06:53 स.,30.0,55.91,85.91,22.93,52.93,41.01,46.97,Success
Mulshi,15/06/2026,07:00 स.,230.0,522.76,752.76,76.85,306.85,14.7,17.92,Success
Panshet,15/06/2026,06:54 स.,9.0,301.61,310.61,54.01,63.01,17.91,13.42,Success
Temghar,15/06/2026,07:00 स.,2.95,105.01,107.96,0.0,2.95,0.0,0.84,Success
Gunjawani,14/06/2026,06:26 स.,0.21,104.48,104.69,18.76,18.97,17.96,23.33,Success
Khadakwasla,14/06/2026,07:48 स.,30.0,55.91,85.91,22.28,52.28,39.85,46.32,Success
Mulshi,14/06/2026,07:00 स.,230.0,522.76,752.76,78.8,308.8,15.07,18.19,Success
Panshet,14/06/2026,07:48 स.,9.0,301.61,310.61,55.46,64.46,18.39,13.4,Success
Temghar,14/06/2026,08:00 स.,2.95,105.01,107.96,0.0,2.95,0.0,0.42,Success
Gunjawani,13/06/2026,05:06 स.,0.21,104.48,104.69,18.93,19.14,18.12,23.11,Success
Khadakwasla,13/06/2026,06:52 स.,30.0,55.91,85.91,21.37,51.37,38.22,46.32,Success
Mulshi,13/06/2026,06:30 स.,230.0,522.76,752.76,81.02,311.02,15.5,18.92,Success
Panshet,13/06/2026,07:23 स.,9.0,301.61,310.61,57.1,66.1,18.93,13.4,Success
Temghar,13/06/2026,08:30 स.,2.95,105.01,107.96,0.0,2.95,0.0,0.0,Success
Gunjawani,12/06/2026,07:17 स.,0.21,104.48,104.69,18.93,19.14,18.12,22.89,Success
Khadakwasla,12/06/2026,08:00 स.,30.0,55.91,85.91,21.67,51.67,38.76,45.5,Success
Mulshi,12/06/2026,08:00 स.,230.0,522.76,752.76,83.7,313.7,16.01,19.26,Success
Panshet,12/06/2026,08:00 स.,9.0,301.61,310.61,59.04,68.04,19.57,13.79,Success
Temghar,12/06/2026,07:45 स.,2.95,105.01,107.96,0.0,2.95,0.0,1.38,Success
Gunjawani,11/06/2026,05:30 स.,0.21,104.48,104.69,19.09,19.3,18.27,22.67,Success
Khadakwasla,11/06/2026,06:28 स.,30.0,55.91,85.91,21.97,51.97,39.3,44.69,Success
Mulshi,11/06/2026,08:00 स.,230.0,522.76,752.76,86.38,316.38,16.52,19.59,Success
Panshet,11/06/2026,06:28 स.,9.0,301.61,310.61,60.98,69.98,20.22,14.18,Success
Temghar,11/06/2026,08:00 स.,2.95,105.01,107.96,0.0,2.95,0.0,2.31,Success
Gunjawani,10/06/2026,08:12 स.,0.21,104.48,104.69,19.42,19.63,18.59,22.45,Success
Khadakwasla,10/06/2026,08:26 स.,30.0,55.91,85.91,22.56,52.56,40.35,43.52,Success
Mulshi,10/06/2026,05:45 स.,230.0,522.76,752.76,89.06,319.06,17.04,19.93,Success
Panshet,10/06/2026,08:27 स.,9.0,301.61,310.61,62.41,71.41,20.69,14.7,Success
Temghar,10/06/2026,08:00 स.,2.95,105.01,107.96,0.0,2.95,0.0,3.35,Success
Gunjawani,09/06/2026,08:00 स.,0.21,104.48,104.69,19.51,19.72,18.67,22.36,Success
Khadakwasla,09/06/2026,08:25 स.,30.0,55.91,85.91,23.32,53.32,41.71,42.34,Success
Mulshi,09/06/2026,08:00 स.,230.0,522.76,752.76,91.52,321.52,17.51,20.03,Success
Panshet,09/06/2026,08:26 स.,9.0,301.61,310.61,63.84,72.84,21.17,15.2,Success
Temghar,09/06/2026,06:59 स.,2.95,105.01,107.96,0.0,2.95,0.0,4.35,Success
Gunjawani,08/06/2026,04:11 स.,0.21,104.48,104.69,19.59,19.8,18.75,22.27,Success
Khadakwasla,08/06/2026,08:36 स.,30.0,55.91,85.91,23.67,53.67,42.34,40.57,Success
Mulshi,08/06/2026,08:00 स.,230.0,522.76,752.76,93.98,323.98,17.98,20.13,Success
Panshet,08/06/2026,08:37 स.,9.0,301.61,310.61,65.26,74.26,21.64,15.69,Success
Temghar,08/06/2026,08:39 स.,2.95,105.01,107.96,0.0,2.95,0.0,4.98,Success
Gunjawani,07/06/2026,05:08 स.,0.21,104.48,104.69,19.59,19.8,18.75,22.08,Success
Khadakwasla,07/06/2026,07:32 स.,30.0,55.91,85.91,24.88,54.88,44.5,39.3,Success
Mulshi,07/06/2026,08:00 स.,230.0,522.76,752.76,96.43,326.43,18.45,20.23,Success
Panshet,07/06/2026,07:32 स.,9.0,301.61,310.61,66.9,75.9,22.18,16.06,Success
Temghar,07/06/2026,08:00 स.,2.95,105.01,107.96,0.0,2.95,0.0,4.8,Success
Gunjawani,06/06/2026,06:21 स.,0.21,104.48,104.69,19.98,20.19,19.12,21.9,Success
Khadakwasla,06/06/2026,07:00 स.,30.0,55.91,85.91,26.26,56.26,46.97,38.04,Success
Mulshi,06/06/2026,08:00 स.,230.0,522.76,752.76,98.89,328.89,18.92,20.32,Success
Panshet,06/06/2026,07:39 स.,9.0,301.61,310.61,68.54,77.54,22.72,16.59,Success
Temghar,06/06/2026,08:00 स.,2.95,105.01,107.96,0.0,2.95,0.0,4.88,Success
Gunjawani,05/06/2026,05:24 स.,0.21,104.48,104.69,20.17,20.38,19.31,21.71,Success
Khadakwasla,05/06/2026,06:54 स.,30.0,55.91,85.91,25.56,55.56,45.72,36.98,Success
Mulshi,05/06/2026,08:00 स.,230.0,522.76,752.76,101.35,331.35,19.39,20.42,Success
Panshet,05/06/2026,06:54 स.,9.0,301.61,310.61,69.76,78.76,23.13,17.01,Success
Temghar,05/06/2026,07:45 स.,2.95,105.01,107.96,0.0,2.95,0.0,4.9,Success
Gunjawani,04/06/2026,06:51 स.,0.21,104.48,104.69,20.17,20.38,19.31,21.71,Success
Khadakwasla,04/06/2026,08:26 स.,30.0,55.91,85.91,27.63,57.63,49.42,36.65,Success
Mulshi,04/06/2026,08:00 स.,230.0,522.76,752.76,103.81,333.81,19.86,20.52,Success
Panshet,04/06/2026,08:26 स.,9.0,301.61,310.61,70.38,79.38,23.33,17.41,Success
Temghar,04/06/2026,08:00 स.,2.95,105.01,107.96,0.0,2.95,0.0,4.9,Success
Gunjawani,03/06/2026,06:05 स.,0.21,104.48,104.69,20.36,20.57,19.49,21.71,Success
Khadakwasla,03/06/2026,07:36 स.,30.0,55.91,85.91,27.94,57.94,49.97,36.09,Success
Mulshi,03/06/2026,08:00 स.,230.0,522.76,752.76,106.27,336.27,20.33,20.62,Success
Panshet,03/06/2026,07:37 स.,9.0,301.61,310.61,72.0,81.0,23.87,17.82,Success
Temghar,03/06/2026,08:00 स.,2.95,105.01,107.96,0.0,2.95,0.0,4.62,Success
Gunjawani,02/06/2026,05:32 स.,0.21,104.48,104.69,20.56,20.77,19.68,21.53,Success
Khadakwasla,02/06/2026,07:56 स.,30.0,55.91,85.91,28.31,58.31,50.63,36.28,Success
Mulshi,02/06/2026,03:30 स.,230.0,522.76,752.76,108.72,338.72,20.8,20.72,Success
Panshet,02/06/2026,07:56 स.,9.0,301.61,310.61,73.58,82.58,24.4,18.28,Success
Temghar,02/06/2026,08:36 स.,2.95,105.01,107.96,0.0,2.95,0.0,4.62,Success
Gunjawani,01/06/2026,05:32 स.,0.21,104.48,104.69,20.94,21.15,20.04,21.53,Success
Khadakwasla,01/06/2026,08:30 स.,30.0,55.91,85.91,28.31,58.31,50.63,38.78,Success
Mulshi,01/06/2026,04:45 स.,230.0,522.76,752.76,111.18,341.18,21.27,21.28,Success
Panshet,01/06/2026,08:30 स.,9.0,301.61,310.61,75.28,84.28,24.96,18.25,Success
Temghar,01/06/2026,08:30 स.,2.95,105.01,107.96,0.0,2.95,0.0,7.94,Success
Gunjawani,31/05/2026,06:29 स.,0.21,104.48,104.69,20.94,21.15,20.04,21.34,Success
Khadakwasla,31/05/2026,07:43 स.,30.0,55.91,85.91,29.07,59.07,51.99,41.48,Success
Mulshi,31/05/2026,07:30 स.,230.0,522.76,752.76,113.64,343.64,21.74,23.91,Success
Panshet,31/05/2026,07:44 स.,9.0,301.61,310.61,76.98,85.98,25.52,18.25,Success
Temghar,31/05/2026,08:00 स.,2.95,105.01,107.96,0.0,2.95,0.0,7.94,Success
Gunjawani,30/05/2026,06:31 स.,0.21,104.48,104.69,21.14,21.35,20.23,21.34,Success
Khadakwasla,30/05/2026,08:00 स.,30.0,55.91,85.91,29.22,59.22,52.26,42.78,Success
Mulshi,30/05/2026,03:15 स.,230.0,522.76,752.76,116.62,346.62,22.31,24.43,Success
Panshet,30/05/2026,08:00 स.,9.0,301.61,310.61,79.04,88.04,26.21,18.25,Success
Temghar,30/05/2026,07:45 स.,2.95,105.01,107.96,0.0,2.95,0.0,7.94,Success
Gunjawani,29/05/2026,05:17 स.,0.21,104.48,104.69,21.14,21.35,20.23,20.97,Success
Khadakwasla,29/05/2026,09:00 स.,30.0,55.91,85.91,29.36,59.36,52.51,44.09,Success
Mulshi,29/05/2026,12:30 स.,230.0,522.76,752.76,120.21,350.21,23.0,24.95,Success
Panshet,29/05/2026,08:59 स.,9.0,301.61,310.61,81.11,90.11,26.89,18.25,Success
Temghar,29/05/2026,08:00 स.,2.95,105.01,107.96,0.0,2.95,0.0,7.94,Success
Gunjawani,28/05/2026,06:01 स.,0.21,104.48,104.69,21.14,21.35,20.23,20.97,Success
Khadakwasla,28/05/2026,06:54 स.,30.0,55.91,85.91,30.07,60.07,53.78,48.49,Success
Mulshi,28/05/2026,05:30 स.,230.0,522.76,752.76,120.81,350.81,23.11,25.18,Success
Panshet,28/05/2026,06:54 स.,9.0,301.61,310.61,82.84,91.84,27.47,17.78,Success
Temghar,28/05/2026,08:00 स.,2.95,105.01,107.96,0.0,2.95,0.0,7.94,Success
Gunjawani,27/05/2026,05:49 स.,0.21,104.48,104.69,21.14,21.35,20.23,20.79,Success
Khadakwasla,27/05/2026,07:44 स.,30.0,55.91,85.91,30.72,60.72,54.95,46.12,Success
Mulshi,27/05/2026,07:45 स.,230.0,522.76,752.76,123.5,353.5,23.62,25.13,Success
Panshet,27/05/2026,07:44 स.,9.0,301.61,310.61,84.29,93.29,27.95,17.97,Success
Temghar,27/05/2026,07:45 स.,2.95,105.01,107.96,0.0,2.95,0.0,7.94,Success
Gunjawani,26/05/2026,05:33 स.,0.21,104.48,104.69,21.14,21.35,20.23,20.42,Success
Khadakwasla,26/05/2026,07:56 स.,30.0,55.91,85.91,31.06,61.06,55.55,40.57,Success
Mulshi,26/05/2026,07:15 स.,230.0,522.76,752.76,127.71,357.71,24.43,24.31,Success
Panshet,26/05/2026,07:56 स.,9.0,301.61,310.61,85.76,94.76,28.43,17.95,Success
Temghar,26/05/2026,08:00 स.,2.95,105.01,107.96,0.0,2.95,0.0,7.94,Success
Gunjawani,25/05/2026,05:34 स.,0.21,104.48,104.69,21.14,21.35,20.23,20.42,Success
Khadakwasla,25/05/2026,07:07 स.,30.0,55.91,85.91,31.77,61.77,56.82,37.85,Success
Mulshi,25/05/2026,05:00 स.,230.0,522.76,752.76,131.04,361.04,25.07,23.68,Success
Panshet,25/05/2026,07:07 स.,9.0,301.61,310.61,87.46,96.46,29.0,18.5,Success
Temghar,25/05/2026,08:00 स.,2.95,105.01,107.96,0.0,2.95,0.0,7.94,Success
Gunjawani,24/05/2026,05:04 स.,0.21,104.48,104.69,21.14,21.35,20.23,20.42,Success
Khadakwasla,24/05/2026,08:14 स.,30.0,55.91,85.91,32.13,62.13,57.47,39.85,Success
Mulshi,24/05/2026,07:15 स.,230.0,522.76,752.76,133.46,363.46,25.53,24.2,Success
Panshet,24/05/2026,08:14 स.,9.0,301.61,310.61,89.16,98.16,29.56,18.47,Success
Temghar,24/05/2026,08:00 स.,2.95,105.01,107.96,0.0,2.95,0.0,7.94,Success
Gunjawani,23/05/2026,05:34 स.,0.21,104.48,104.69,21.14,21.35,20.23,20.23,Success
Khadakwasla,23/05/2026,08:08 स.,30.0,55.91,85.91,32.13,62.13,57.47,44.09,Success
Mulshi,23/05/2026,08:00 स.,230.0,522.76,752.76,136.92,366.92,26.19,25.42,Success
Panshet,23/05/2026,08:08 स.,9.0,301.61,310.61,90.86,99.86,30.12,18.47,Success
Temghar,23/05/2026,08:00 स.,2.95,105.01,107.96,0.0,2.95,0.0,3.97,Success
Gunjawani,22/05/2026,05:35 स.,0.21,104.48,104.69,21.33,21.54,20.42,19.86,Success
Khadakwasla,22/05/2026,08:24 स.,30.0,55.91,85.91,32.52,62.52,58.16,49.42,Success
Mulshi,22/05/2026,12:30 स.,230.0,522.76,752.76,140.38,370.38,26.85,26.63,Success
Panshet,22/05/2026,08:25 स.,9.0,301.61,310.61,92.33,101.33,30.61,18.45,Success
Temghar,22/05/2026,05:30 स.,2.95,105.01,107.96,0.0,2.95,0.0,0.0,Success
Gunjawani,21/05/2026,05:35 स.,0.21,104.48,104.69,21.52,21.73,20.6,19.49,Success
Khadakwasla,21/05/2026,08:00 स.,30.0,55.91,85.91,32.52,62.52,58.16,52.18,Success
Mulshi,21/05/2026,06:45 स.,230.0,522.76,752.76,143.84,373.84,27.52,26.05,Success
Panshet,21/05/2026,08:00 स.,9.0,301.61,310.61,94.27,103.27,31.26,18.45,Success
Temghar,21/05/2026,08:00 स.,2.95,105.01,107.96,0.0,2.95,0.0,7.97,Success
Gunjawani,20/05/2026,06:18 स.,0.21,104.48,104.69,21.52,21.73,20.6,19.31,Success
Khadakwasla,20/05/2026,07:04 स.,30.0,55.91,85.91,32.52,62.52,58.16,54.95,Success
Mulshi,20/05/2026,07:45 स.,230.0,522.76,752.76,145.7,375.7,27.87,26.23,Success
Panshet,20/05/2026,07:04 स.,9.0,301.61,310.61,96.21,105.21,31.9,18.45,Success
Temghar,20/05/2026,08:00 स.,2.95,105.01,107.96,0.0,2.95,0.0,7.96,Success
Gunjawani,19/05/2026,06:02 स.,0.21,104.48,104.69,21.52,21.73,20.6,19.68,Success
Khadakwasla,19/05/2026,08:31 स.,30.0,55.91,85.91,31.06,61.06,55.55,55.35,Success
Mulshi,19/05/2026,01:30 स.,230.0,522.76,752.76,150.05,380.05,28.7,26.8,Success
Panshet,19/05/2026,08:31 स.,9.0,301.61,310.61,99.15,108.15,32.87,18.95,Success
Temghar,19/05/2026,08:00 स.,2.95,105.01,107.96,0.0,2.95,0.0,7.96,Success
Gunjawani,18/05/2026,06:07 स.,0.21,104.48,104.69,21.52,21.73,20.6,19.68,Success
Khadakwasla,18/05/2026,08:25 स.,30.0,55.91,85.91,31.06,61.06,55.55,54.76,Success
Mulshi,18/05/2026,05:15 स.,230.0,522.76,752.76,151.92,381.92,29.06,27.1,Success
Panshet,18/05/2026,08:25 स.,9.0,301.61,310.61,101.65,110.65,33.7,19.38,Success
Temghar,18/05/2026,07:45 स.,2.95,105.01,107.96,0.0,2.95,0.0,7.94,Success
Gunjawani,17/05/2026,07:08 स.,0.21,104.48,104.69,21.52,21.73,20.6,20.05,Success
Khadakwasla,17/05/2026,08:00 स.,30.0,55.91,85.91,31.06,61.06,55.55,53.94,Success
Mulshi,17/05/2026,01:30 स.,230.0,522.76,752.76,154.71,384.71,29.59,27.57,Success
Panshet,17/05/2026,08:00 स.,9.0,301.61,310.61,103.32,112.32,34.26,20.17,Success
Temghar,17/05/2026,08:43 स.,2.95,105.01,107.96,0.0,2.95,0.0,7.96,Success
Gunjawani,16/05/2026,06:02 स.,0.21,104.48,104.69,21.52,21.73,20.6,20.6,Success
Khadakwasla,16/05/2026,08:27 स.,30.0,55.91,85.91,31.06,61.06,55.55,53.12,Success
Mulshi,16/05/2026,01:30 स.,230.0,522.76,752.76,157.21,387.21,30.07,28.76,Success
Panshet,16/05/2026,08:27 स.,9.0,301.61,310.61,104.99,113.99,34.81,20.96,Success
Temghar,16/05/2026,08:00 स.,2.95,105.01,107.96,52.5,55.45,50.0,3.98,Success
Gunjawani,15/05/2026,06:47 स.,0.21,104.48,104.69,21.52,21.73,20.6,21.16,Success
Khadakwasla,15/05/2026,08:00 स.,30.0,55.91,85.91,30.95,60.95,55.36,52.72,Success
Mulshi,15/05/2026,07:30 स.,230.0,522.76,752.76,159.1,389.1,30.43,28.94,Success
Panshet,15/05/2026,08:00 स.,9.0,301.61,310.61,106.38,115.38,35.27,21.02,Success
Temghar,15/05/2026,06:00 स.,2.95,105.01,107.96,52.5,55.45,50.0,0.0,Success
Gunjawani,14/05/2026,05:01 स.,0.21,104.48,104.69,22.11,22.32,21.16,21.71,Success
Khadakwasla,14/05/2026,08:22 स.,30.0,55.91,85.91,31.43,61.43,56.22,52.17,Success
Mulshi,14/05/2026,08:00 स.,230.0,522.76,752.76,162.24,392.24,31.04,30.08,Success
Panshet,14/05/2026,08:22 स.,9.0,301.61,310.61,108.36,117.36,35.93,21.41,Success
Temghar,14/05/2026,08:00 स.,2.95,105.01,107.96,52.5,55.45,50.0,0.0,Success
Gunjawani,13/05/2026,05:35 स.,0.21,104.48,104.69,22.49,22.7,21.53,22.27,Success
Khadakwasla,13/05/2026,08:00 स.,30.0,55.91,85.91,31.31,61.31,56.0,50.19,Success
Mulshi,13/05/2026,06:15 स.,230.0,522.76,752.76,165.38,395.38,31.64,31.22,Success
Panshet,13/05/2026,08:00 स.,9.0,301.61,310.61,109.43,118.43,36.28,21.86,Success
Temghar,13/05/2026,07:00 स.,2.95,105.01,107.96,52.5,55.45,50.0,0.0,Success
Gunjawani,12/05/2026,05:33 स.,0.21,104.48,104.69,23.46,23.67,22.45,22.67,Success
Khadakwasla,12/05/2026,08:00 स.,30.0,55.91,85.91,31.31,61.31,56.0,49.42,Success
Mulshi,12/05/2026,07:45 स.,230.0,522.76,752.76,168.52,398.52,32.24,30.61,Success
Panshet,12/05/2026,08:00 स.,9.0,301.61,310.61,111.93,120.93,37.11,22.39,Success
Temghar,12/05/2026,08:00 स.,2.95,105.01,107.96,0.0,2.95,0.0,8.21,Success
Gunjawani,11/05/2026,04:51 स.,0.21,104.48,104.69,23.92,24.13,22.89,23.76,Success
Khadakwasla,11/05/2026,08:17 स.,30.0,55.91,85.91,30.72,60.72,54.95,47.9,Success
Mulshi,11/05/2026,08:00 स.,230.0,522.76,752.76,170.73,400.73,32.66,30.73,Success
Panshet,11/05/2026,08:18 स.,9.0,301.61,310.61,114.96,123.96,38.12,22.86,Success
Temghar,11/05/2026,08:00 स.,2.95,105.01,107.96,0.0,2.95,0.0,8.22,Success
Gunjawani,10/05/2026,06:15 स.,0.21,104.48,104.69,24.37,24.58,23.33,23.76,Success
Khadakwasla,10/05/2026,08:31 स.,30.0,55.91,85.91,29.36,59.36,52.51,44.5,Success
Mulshi,10/05/2026,09:45 स.,230.0,522.76,752.76,172.94,402.94,33.08,30.85,Success
Panshet,10/05/2026,08:33 स.,9.0,301.61,310.61,118.02,127.02,39.13,23.51,Success
Temghar,10/05/2026,10:00 स.,2.95,105.01,107.96,0.0,2.95,0.0,8.23,Success
Gunjawani,09/05/2026,06:41 स.,0.21,104.48,104.69,25.06,25.27,23.99,24.2,Success
Khadakwasla,09/05/2026,08:00 स.,30.0,55.91,85.91,28.19,58.19,50.42,44.3,Success
Mulshi,09/05/2026,07:45 स.,230.0,522.76,752.76,174.53,404.53,33.39,31.52,Success
Panshet,09/05/2026,08:00 स.,9.0,301.61,310.61,120.58,129.58,39.98,23.89,Success
Temghar,09/05/2026,08:00 स.,2.95,105.01,107.96,0.0,2.95,0.0,8.32,Success
Gunjawani,08/05/2026,06:32 स.,0.21,104.48,104.69,25.74,25.95,24.64,24.85,Success
Khadakwasla,08/05/2026,08:00 स.,30.0,55.91,85.91,27.01,57.01,48.31,42.13,Success
Mulshi,08/05/2026,08:00 स.,230.0,522.76,752.76,176.77,406.77,33.81,31.94,Success
Panshet,08/05/2026,08:00 स.,9.0,301.61,310.61,123.38,132.38,40.91,24.27,Success
Temghar,08/05/2026,08:00 स.,2.95,105.01,107.96,0.0,2.95,0.0,8.32,Success
Gunjawani,07/05/2026,06:17 स.,0.21,104.48,104.69,26.42,26.63,25.29,25.51,Success
Khadakwasla,07/05/2026,08:29 स.,30.0,55.91,85.91,26.26,56.26,46.97,41.01,Success
Mulshi,07/05/2026,08:00 स.,230.0,522.76,752.76,178.48,408.48,34.14,33.03,Success
Panshet,07/05/2026,08:30 स.,9.0,301.61,310.61,127.16,136.16,42.16,25.05,Success
Temghar,07/05/2026,08:00 स.,2.95,105.01,107.96,0.02,2.97,0.02,8.37,Success
Gunjawani,06/05/2026,07:33 स.,0.21,104.48,104.69,26.42,26.63,25.29,26.82,Success
Khadakwasla,06/05/2026,08:00 स.,30.0,55.91,85.91,24.99,54.99,44.7,41.92,Success
Mulshi,06/05/2026,10:45 स.,230.0,522.76,752.76,180.18,410.18,34.47,34.12,Success
Panshet,06/05/2026,08:00 स.,9.0,301.61,310.61,129.42,138.42,42.91,25.52,Success
Temghar,06/05/2026,08:00 स.,2.95,105.01,107.96,0.04,2.99,0.04,8.47,Success
Gunjawani,05/05/2026,06:09 स.,0.21,104.48,104.69,27.11,27.32,25.95,26.82,Success
Khadakwasla,05/05/2026,08:00 स.,30.0,55.91,85.91,23.76,53.76,42.5,42.5,Success
Mulshi,05/05/2026,08:00 स.,230.0,522.76,752.76,181.89,411.89,34.79,33.02,Success
Panshet,05/05/2026,08:00 स.,9.0,301.61,310.61,132.4,141.4,43.9,26.09,Success
Temghar,05/05/2026,08:00 स.,2.95,105.01,107.96,0.45,3.4,0.43,8.47,Success
Gunjawani,04/05/2026,06:00 स.,0.21,104.48,104.69,27.79,28.0,26.6,27.33,Success
Khadakwasla,04/05/2026,08:00 स.,30.0,55.91,85.91,22.68,52.68,40.57,43.0,Success
Mulshi,04/05/2026,08:00 स.,230.0,522.76,752.76,183.48,413.48,35.1,33.26,Success
Panshet,04/05/2026,08:00 स.,9.0,301.61,310.61,135.08,144.08,44.79,26.47,Success
Temghar,04/05/2026,08:00 स.,2.95,105.01,107.96,0.22,3.17,0.21,8.49,Success
Gunjawani,03/05/2026,06:24 स.,0.21,104.48,104.69,28.56,28.77,27.34,28.11,Success
Khadakwasla,03/05/2026,08:00 स.,30.0,55.91,85.91,23.06,53.06,41.24,43.52,Success
Mulshi,03/05/2026,07:45 स.,230.0,522.76,752.76,186.36,416.36,35.65,33.57,Success
Panshet,03/05/2026,08:00 स.,9.0,301.61,310.61,137.43,146.43,45.57,27.2,Success
Temghar,03/05/2026,08:00 स.,2.95,105.01,107.96,0.3,3.25,0.29,8.63,Success
Gunjawani,02/05/2026,06:09 स.,0.21,104.48,104.69,29.37,29.58,28.11,28.88,Success
Khadakwasla,02/05/2026,06:49 स.,30.0,55.91,85.91,22.93,52.93,41.01,44.3,Success
Mulshi,02/05/2026,08:00 स.,230.0,522.76,752.76,188.19,418.19,36.0,34.86,Success
Panshet,02/05/2026,06:50 स.,9.0,301.61,310.61,139.2,148.2,46.15,27.73,Success
Temghar,02/05/2026,08:00 स.,2.95,105.01,107.96,0.4,3.35,0.38,4.44,Success
Gunjawani,01/05/2026,06:31 स.,0.21,104.48,104.69,29.91,30.12,28.63,29.4,Success
Khadakwasla,01/05/2026,08:00 स.,30.0,55.91,85.91,23.55,53.55,42.12,45.29,Success
Mulshi,01/05/2026,01:00 स.,230.0,522.76,752.76,190.02,420.02,36.35,36.14,Success
Panshet,01/05/2026,08:00 स.,9.0,301.61,310.61,140.83,149.83,46.69,28.26,Success
Temghar,01/05/2026,01:00 स.,2.95,105.01,107.96,0.4,3.35,0.38,0.26,Success
Gunjawani,30/04/2026,06:37 स.,0.21,104.48,104.69,30.72,30.93,29.4,30.17,Success
Khadakwasla,30/04/2026,08:19 स.,30.0,55.91,85.91,23.32,53.32,41.71,45.29,Success
Mulshi,30/04/2026,08:00 स.,230.0,522.76,752.76,191.85,421.85,36.7,34.67,Success
Panshet,30/04/2026,08:19 स.,9.0,301.61,310.61,142.91,151.91,47.38,28.7,Success
Temghar,30/04/2026,08:00 स.,2.95,105.01,107.96,0.37,3.32,0.35,8.81,Success
Gunjawani,29/04/2026,04:59 स.,0.21,104.48,104.69,31.52,31.73,30.17,30.95,Success
Khadakwasla,29/04/2026,08:00 स.,30.0,55.91,85.91,23.76,53.76,42.5,46.49,Success
Mulshi,29/04/2026,08:00 स.,230.0,522.76,752.76,194.12,424.12,37.13,35.34,Success
Panshet,29/04/2026,08:00 स.,9.0,301.61,310.61,144.96,153.96,48.06,29.45,Success
Temghar,29/04/2026,08:00 स.,2.95,105.01,107.96,0.4,3.35,0.38,8.83,Success
Gunjawani,28/04/2026,05:46 स.,0.21,104.48,104.69,32.33,32.54,30.94,31.72,Success
Khadakwasla,28/04/2026,08:00 स.,30.0,55.91,85.91,23.67,53.67,42.34,46.97,Success
Mulshi,28/04/2026,07:45 स.,230.0,522.76,752.76,196.71,426.71,37.63,35.71,Success
Panshet,28/04/2026,08:00 स.,9.0,301.61,310.61,146.59,155.59,48.6,29.83,Success
Temghar,28/04/2026,08:00 स.,2.95,105.01,107.96,0.43,3.38,0.41,8.91,Success
Gunjawani,27/04/2026,05:41 स.,0.21,104.48,104.69,32.33,32.54,30.94,31.98,Success
Khadakwasla,27/04/2026,08:00 स.,30.0,55.91,85.91,23.86,53.86,42.68,47.46,Success
Mulshi,27/04/2026,07:45 स.,230.0,522.76,752.76,199.3,429.3,38.12,35.89,Success
Panshet,27/04/2026,08:00 स.,9.0,301.61,310.61,148.36,157.36,49.19,30.27,Success
Temghar,27/04/2026,08:00 स.,2.95,105.01,107.96,0.45,3.4,0.43,8.94,Success
Gunjawani,26/04/2026,06:01 स.,0.21,104.48,104.69,33.14,33.35,31.72,32.27,Success
Khadakwasla,26/04/2026,08:00 स.,30.0,55.91,85.91,23.76,53.76,42.5,48.31,Success
Mulshi,26/04/2026,08:00 स.,230.0,522.76,752.76,201.57,431.57,38.56,36.33,Success
Panshet,26/04/2026,08:00 स.,9.0,301.61,310.61,149.68,158.68,49.63,30.82,Success
Temghar,26/04/2026,08:00 स.,2.95,105.01,107.96,0.47,3.42,0.45,9.04,Success
Gunjawani,25/04/2026,06:54 स.,0.21,104.48,104.69,34.03,34.24,32.57,32.86,Success
Khadakwasla,25/04/2026,07:45 स.,30.0,55.91,85.91,23.86,53.86,42.68,48.68,Success
Mulshi,25/04/2026,07:30 स.,230.0,522.76,752.76,204.16,434.16,39.05,36.95,Success
Panshet,25/04/2026,08:00 स.,9.0,301.61,310.61,151.86,160.86,50.35,31.39,Success
Temghar,25/04/2026,08:00 स.,2.95,105.01,107.96,0.5,3.45,0.48,9.11,Success
Gunjawani,24/04/2026,06:37 स.,0.21,104.48,104.69,34.03,34.24,32.57,33.45,Success
Khadakwasla,24/04/2026,08:00 स.,30.0,55.91,85.91,23.44,53.44,41.92,48.86,Success
Mulshi,24/04/2026,08:00 स.,230.0,522.76,752.76,206.74,436.74,39.55,37.44,Success
Panshet,24/04/2026,08:16 स.,9.0,301.61,310.61,153.7,162.7,50.96,31.9,Success
Temghar,24/04/2026,07:45 स.,2.95,105.01,107.96,0.49,3.44,0.47,9.11,Success
Gunjawani,23/04/2026,05:58 स.,0.21,104.48,104.69,34.64,34.85,33.15,34.34,Success
Khadakwasla,23/04/2026,08:22 स.,30.0,55.91,85.91,21.37,51.37,38.22,49.6,Success
Mulshi,23/04/2026,07:00 स.,230.0,522.76,752.76,209.31,439.31,40.04,38.06,Success
Panshet,23/04/2026,08:22 स.,9.0,301.61,310.61,155.57,164.57,51.58,32.37,Success
Temghar,23/04/2026,07:00 स.,2.95,105.01,107.96,0.53,3.48,0.5,9.24,Success
Gunjawani,22/04/2026,06:04 स.,0.21,104.48,104.69,35.26,35.47,33.75,35.23,Success
Khadakwasla,22/04/2026,08:00 स.,30.0,55.91,85.91,21.16,51.16,37.85,49.97,Success
Mulshi,22/04/2026,07:30 स.,230.0,522.76,752.76,211.56,441.56,40.47,38.68,Success
Panshet,22/04/2026,08:00 स.,9.0,301.61,310.61,157.61,166.61,52.26,33.0,Success
Temghar,22/04/2026,07:45 स.,2.95,105.01,107.96,0.54,3.49,0.51,9.27,Success
Gunjawani,21/04/2026,06:01 स.,0.21,104.48,104.69,35.88,36.09,34.34,36.11,Success
Khadakwasla,21/04/2026,08:00 स.,30.0,55.91,85.91,21.16,51.16,37.85,50.41,Success
Mulshi,21/04/2026,07:45 स.,230.0,522.76,752.76,214.13,444.13,40.96,39.24,Success
Panshet,21/04/2026,08:00 स.,9.0,301.61,310.61,158.86,167.86,52.67,33.55,Success
Temghar,21/04/2026,08:00 स.,2.95,105.01,107.96,0.57,3.52,0.54,9.32,Success
Gunjawani,20/04/2026,06:56 स.,0.21,104.48,104.69,36.8,37.01,35.22,37.0,Success
Khadakwasla,20/04/2026,08:00 स.,30.0,55.91,85.91,22.81,52.81,40.8,51.11,Success
Mulshi,20/04/2026,02:15 स.,230.0,522.76,752.76,217.34,447.34,41.58,39.61,Success
Panshet,20/04/2026,08:00 स.,9.0,301.61,310.61,158.97,167.97,52.71,34.1,Success
Temghar,20/04/2026,08:00 स.,2.95,105.01,107.96,0.57,3.52,0.54,9.39,Success
Gunjawani,19/04/2026,08:00 स.,0.21,104.48,104.69,37.11,37.32,35.52,37.44,PDF Not Available
Khadakwasla,19/04/2026,08:00 स.,30.0,55.91,85.91,24.54,54.54,43.89,51.34,PDF Not Available
Mulshi,19/04/2026,08:00 स.,230.0,522.76,752.76,219.13,449.13,41.92,40.04,PDF Not Available
Panshet,19/04/2026,08:00 स.,9.0,301.61,310.61,159.26,168.26,52.8,34.64,PDF Not Available
Temghar,19/04/2026,08:00 स.,2.95,105.01,107.96,0.58,3.53,0.55,9.44,PDF Not Available
Gunjawani,18/04/2026,06:01 स.,0.21,104.48,104.69,37.42,37.63,35.82,37.88,Success
Khadakwasla,18/04/2026,09:00 स.,30.0,55.91,85.91,26.26,56.26,46.97,51.57,Success
Mulshi,18/04/2026,08:45 स.,230.0,522.76,752.76,220.92,450.92,42.26,40.47,Success
Panshet,18/04/2026,09:00 स.,9.0,301.61,310.61,159.54,168.54,52.9,35.17,Success
Temghar,18/04/2026,09:00 स.,2.95,105.01,107.96,0.59,3.54,0.56,9.5,Success
Gunjawani,17/04/2026,06:02 स.,0.21,104.48,104.69,38.04,38.25,36.41,38.88,Success
Khadakwasla,17/04/2026,08:20 स.,30.0,55.91,85.91,27.94,57.94,49.97,51.78,Success
Mulshi,17/04/2026,07:45 स.,230.0,522.76,752.76,223.64,453.64,42.78,40.53,Success
Panshet,17/04/2026,08:19 स.,9.0,301.61,310.61,159.65,168.65,52.93,35.76,Success
Temghar,17/04/2026,08:00 स.,2.95,105.01,107.96,0.62,3.57,0.59,9.45,Success
Gunjawani,16/04/2026,06:03 स.,0.21,104.48,104.69,38.66,38.87,37.0,39.55,Success
Khadakwasla,16/04/2026,08:00 स.,30.0,55.91,85.91,28.58,58.58,51.12,52.17,Success
Mulshi,16/04/2026,08:00 स.,230.0,522.76,752.76,225.69,455.69,43.17,40.96,Success
Panshet,16/04/2026,08:00 स.,9.0,301.61,310.61,159.65,168.65,52.93,36.12,Success
Temghar,16/04/2026,08:27 स.,2.95,105.01,107.96,8.48,11.43,8.08,9.63,Success
Gunjawani,15/04/2026,05:37 स.,0.21,104.48,104.69,39.27,39.48,37.59,40.22,Success
Khadakwasla,15/04/2026,07:45 स.,30.0,55.91,85.91,28.95,58.95,51.78,52.51,Success
Mulshi,15/04/2026,08:00 स.,230.0,522.76,752.76,228.08,458.08,43.63,41.58,Success
Panshet,15/04/2026,08:00 स.,9.0,301.61,310.61,159.65,168.65,52.93,36.62,Success
Temghar,15/04/2026,08:00 स.,2.95,105.01,107.96,3.58,6.53,3.41,9.63,Success
Gunjawani,14/04/2026,06:02 स.,0.21,104.48,104.69,39.93,40.14,38.22,40.22,Success
Khadakwasla,14/04/2026,08:00 स.,30.0,55.91,85.91,29.36,59.36,52.51,52.92,Success
Mulshi,14/04/2026,08:00 स.,230.0,522.76,752.76,231.83,461.83,44.35,42.13,Success
Panshet,14/04/2026,08:00 स.,9.0,301.61,310.61,159.88,168.88,53.01,37.19,Success
Temghar,14/04/2026,08:25 स.,2.95,105.01,107.96,10.46,13.41,9.96,7.49,Success
Gunjawani,13/04/2026,06:01 स.,0.21,104.48,104.69,40.63,40.84,38.89,40.56,Success
Khadakwasla,13/04/2026,08:00 स.,30.0,55.91,85.91,29.47,59.47,52.71,53.12,Success
Mulshi,13/04/2026,08:00 स.,230.0,522.76,752.76,233.54,463.54,44.67,42.78,Success
Panshet,13/04/2026,08:00 स.,9.0,301.61,310.61,160.44,169.44,53.19,37.84,Success
Temghar,13/04/2026,08:16 स.,2.95,105.01,107.96,11.38,14.33,10.84,7.49,Success
Gunjawani,12/04/2026,05:22 स.,0.21,104.48,104.69,41.67,41.88,39.88,41.56,Success
Khadakwasla,12/04/2026,08:00 स.,30.0,55.91,85.91,27.94,57.94,49.97,53.34,Success
Mulshi,12/04/2026,07:45 स.,230.0,522.76,752.76,236.26,466.26,45.19,42.78,Success
Panshet,12/04/2026,08:00 स.,9.0,301.61,310.61,162.05,171.05,53.73,38.24,Success
Temghar,12/04/2026,08:00 स.,2.95,105.01,107.96,7.93,10.88,7.55,7.49,Success
Gunjawani,11/04/2026,06:01 स.,0.21,104.48,104.69,42.72,42.93,40.89,41.56,Success
Khadakwasla,11/04/2026,08:19 स.,30.0,55.91,85.91,26.67,56.67,47.7,53.78,Success
Mulshi,11/04/2026,07:00 स.,230.0,522.76,752.76,237.96,467.96,45.52,43.11,Success
Panshet,11/04/2026,08:19 स.,9.0,301.61,310.61,164.43,173.43,54.52,39.19,Success
Temghar,11/04/2026,07:00 स.,2.95,105.01,107.96,9.44,12.39,8.99,7.49,Success
Gunjawani,10/04/2026,06:03 स.,0.21,104.48,104.69,42.72,42.93,40.89,42.23,Success
Khadakwasla,10/04/2026,08:00 स.,30.0,55.91,85.91,24.99,54.99,44.7,53.12,Success
Mulshi,10/04/2026,08:00 स.,230.0,522.76,752.76,240.19,470.19,45.95,43.62,Success
Panshet,10/04/2026,08:00 स.,9.0,301.61,310.61,166.22,175.22,55.11,39.35,Success
Temghar,10/04/2026,08:00 स.,2.95,105.01,107.96,10.85,13.8,10.33,7.49,Success
Gunjawani,09/04/2026,06:01 स.,0.21,104.48,104.69,44.12,44.33,42.23,42.89,Success
Khadakwasla,09/04/2026,08:27 स.,30.0,55.91,85.91,25.2,55.2,45.07,53.34,Success
Mulshi,09/04/2026,08:00 स.,230.0,522.76,752.76,242.43,472.43,46.38,44.13,Success
Panshet,09/04/2026,08:27 स.,9.0,301.61,310.61,167.89,176.89,55.66,40.42,Success
Temghar,09/04/2026,08:00 स.,2.95,105.01,107.96,11.28,14.23,10.74,7.59,Success
Gunjawani,08/04/2026,05:55 am,0.21,104.48,104.69,44.82,45.03,42.9,43.56,Success
Khadakwasla,08/04/2026,07:45 am,30.0,55.91,85.91,24.65,54.65,44.09,53.12,Success
Mulshi,08/04/2026,08:00 स.,230.0,522.76,752.76,244.66,474.66,46.8,44.64,Success
Panshet,08/04/2026,08:00 am,9.0,301.61,310.61,169.56,178.56,56.22,40.48,Success
Temghar,08/04/2026,08:00 am,2.95,105.01,107.96,11.28,14.23,10.74,7.76,Success
Gunjawani,07/04/2026,06:03 स.,0.21,104.48,104.69,45.51,45.72,43.56,44.23,Success
Khadakwasla,07/04/2026,08:22 स.,30.0,55.91,85.91,24.23,54.23,43.34,52.92,Success
Mulshi,07/04/2026,08:00 स.,230.0,522.76,752.76,246.89,476.89,47.23,45.14,Success
Panshet,07/04/2026,08:22 स.,9.0,301.61,310.61,171.6,180.6,56.89,41.33,Success
Temghar,07/04/2026,08:43 स.,2.95,105.01,107.96,12.48,15.43,11.88,7.88,Success
Gunjawani,06/04/2026,04:31 स.,0.21,104.48,104.69,46.21,46.42,44.23,45.89,Success
Khadakwasla,06/04/2026,08:00 स.,30.0,55.91,85.91,24.33,54.33,43.52,52.92,Success
Mulshi,06/04/2026,08:00 स.,230.0,522.76,752.76,249.13,479.13,47.66,45.65,Success
Panshet,06/04/2026,08:00 स.,9.0,301.61,310.61,173.49,182.49,57.52,41.61,Success
Temghar,06/04/2026,06:14 स.,2.95,105.01,107.96,12.48,15.43,11.88,7.93,Success
Gunjawani,05/04/2026,06:02 स.,0.21,104.48,104.69,47.02,47.23,45.0,45.89,Success
Khadakwasla,05/04/2026,08:00 स.,30.0,55.91,85.91,23.95,53.95,42.84,53.12,Success
Mulshi,05/04/2026,08:00 स.,230.0,522.76,752.76,251.36,481.36,48.08,46.16,Success
Panshet,05/04/2026,08:00 स.,9.0,301.61,310.61,175.02,184.02,58.03,42.16,Success
Temghar,05/04/2026,08:03 स.,2.95,105.01,107.96,12.48,15.43,11.88,8.03,Success
Gunjawani,04/04/2026,06:07 स.,0.21,104.48,104.69,47.94,48.15,45.88,46.77,Success
Khadakwasla,04/04/2026,08:30 स.,30.0,55.91,85.91,23.95,53.95,42.84,53.34,Success
Mulshi,04/04/2026,08:00 स.,230.0,522.76,752.76,253.59,483.59,48.51,46.67,Success
Panshet,04/04/2026,08:30 स.,9.0,301.61,310.61,177.74,186.74,58.93,43.15,Success
Temghar,04/04/2026,08:46 स.,2.95,105.01,107.96,12.48,15.43,11.88,8.13,Success
Gunjawani,03/04/2026,06:11 स.,0.21,104.48,104.69,48.87,49.08,46.77,47.21,Success
Khadakwasla,03/04/2026,08:00 स.,30.0,55.91,85.91,22.81,52.81,40.8,52.72,Success
Mulshi,03/04/2026,08:00 स.,230.0,522.76,752.76,255.83,485.83,48.94,47.18,Success
Panshet,03/04/2026,08:00 स.,9.0,301.61,310.61,179.36,188.36,59.47,43.45,Success
Temghar,03/04/2026,06:50 स.,2.95,105.01,107.96,12.76,15.71,12.15,8.22,Success
Gunjawani,02/04/2026,06:01 स.,0.21,104.48,104.69,49.79,50.0,47.66,48.1,Success
Khadakwasla,02/04/2026,08:38 स.,30.0,55.91,85.91,20.77,50.77,37.15,50.63,Success
Mulshi,02/04/2026,08:00 स.,230.0,522.76,752.76,258.06,488.06,49.36,47.68,Success
Panshet,02/04/2026,08:38 स.,9.0,301.61,310.61,181.17,190.17,60.07,44.37,Success
Temghar,02/04/2026,06:50 स.,2.95,105.01,107.96,12.9,15.85,12.28,8.26,Success
Gunjawani,01/04/2026,06:02 स.,0.21,104.48,104.69,50.71,50.92,48.54,48.54,Success
Khadakwasla,01/04/2026,08:20 स.,30.0,55.91,85.91,20.77,50.77,37.15,53.78,Success
Mulshi,01/04/2026,08:00 स.,230.0,522.76,752.76,260.29,490.29,49.79,48.19,Success
Panshet,01/04/2026,08:20 स.,9.0,301.61,310.61,183.21,192.21,60.74,44.92,Success
Temghar,01/04/2026,07:57 स.,2.95,105.01,107.96,13.77,16.72,13.11,8.39,Success
Gunjawani,31/03/2026,06:02 स.,0.21,104.48,104.69,51.64,51.85,49.43,49.42,Success
Khadakwasla,31/03/2026,07:28 स.,30.0,55.91,85.91,20.18,50.18,36.09,57.04,Success
Mulshi,31/03/2026,08:00 स.,230.0,522.76,752.76,262.53,492.53,50.22,48.7,Success
Panshet,31/03/2026,07:29 स.,9.0,301.61,310.61,184.62,193.62,61.21,45.57,Success
Temghar,31/03/2026,08:35 स.,2.95,105.01,107.96,13.77,16.72,13.11,8.48,Success
Gunjawani,30/03/2026,06:01 स.,0.21,104.48,104.69,53.48,53.69,51.19,49.42,Success
Khadakwasla,30/03/2026,08:00 स.,30.0,55.91,85.91,21.68,51.68,38.78,57.47,Success
Mulshi,30/03/2026,07:45 स.,230.0,522.76,752.76,264.76,494.76,50.65,49.21,Success
Panshet,30/03/2026,08:00 स.,9.0,301.61,310.61,184.73,193.73,61.25,45.67,Success
Temghar,30/03/2026,08:00 स.,2.95,105.01,107.96,12.93,15.88,12.31,8.5,Success
Gunjawani,29/03/2026,07:01 स.,0.21,104.48,104.69,53.48,53.69,51.19,50.31,Success
Khadakwasla,29/03/2026,08:00 स.,30.0,55.91,85.91,23.32,53.32,41.71,60.87,Success
Mulshi,29/03/2026,08:00 स.,230.0,522.76,752.76,266.47,496.47,50.97,50.12,Success
Panshet,29/03/2026,07:45 स.,9.0,301.61,310.61,184.73,193.73,61.25,46.29,Success
Temghar,29/03/2026,08:47 स.,2.95,105.01,107.96,14.51,17.46,13.82,8.66,Success
Gunjawani,28/03/2026,06:29 स.,0.21,104.48,104.69,53.48,53.69,51.19,51.19,Success
Khadakwasla,28/03/2026,08:00 स.,30.0,55.91,85.91,24.14,54.14,43.18,64.1,Success
Mulshi,28/03/2026,12:15 स.,230.0,522.76,752.76,268.18,498.18,51.3,51.04,Success
Panshet,28/03/2026,07:45 स.,9.0,301.61,310.61,184.73,193.73,61.25,46.9,Success
Temghar,28/03/2026,08:27 स.,2.95,105.01,107.96,15.28,18.23,14.55,8.72,Success
Gunjawani,27/03/2026,06:03 स.,0.21,104.48,104.69,54.41,54.62,52.08,52.96,Success
Khadakwasla,27/03/2026,06:45 स.,30.0,55.91,85.91,24.99,54.99,44.7,67.04,Success
Mulshi,27/03/2026,06:45 स.,230.0,522.76,752.76,269.89,499.89,51.63,50.19,Success
Panshet,27/03/2026,07:00 स.,9.0,301.61,310.61,185.19,194.19,61.4,47.51,Success
Temghar,27/03/2026,12:45 स.,2.95,105.01,107.96,15.71,18.66,14.96,8.71,Success
Gunjawani,26/03/2026,06:23 स.,0.21,104.48,104.69,55.33,55.54,52.96,53.82,Success
Khadakwasla,26/03/2026,08:00 स.,30.0,55.91,85.91,25.79,55.79,46.13,70.68,Success
Mulshi,26/03/2026,07:00 स.,230.0,522.76,752.76,272.3,502.3,52.09,50.58,Success
Panshet,26/03/2026,08:00 स.,9.0,301.61,310.61,185.07,194.07,61.36,47.99,Success
Temghar,26/03/2026,08:00 स.,2.95,105.01,107.96,16.32,19.27,15.54,8.8,Success
Gunjawani,25/03/2026,06:32 स.,0.21,104.48,104.69,56.23,56.44,53.82,54.67,Success
Khadakwasla,25/03/2026,07:45 स.,30.0,55.91,85.91,26.67,56.67,47.7,71.56,Success
Mulshi,25/03/2026,07:45 स.,230.0,522.76,752.76,273.34,503.34,52.29,50.91,Success
Panshet,25/03/2026,08:00 स.,9.0,301.61,310.61,185.07,194.07,61.36,48.64,Success
Temghar,25/03/2026,08:00 स.,2.95,105.01,107.96,17.23,20.18,16.41,8.95,Success
Gunjawani,24/03/2026,06:10 स.,0.21,104.48,104.69,56.23,56.44,53.82,54.67,Success
Khadakwasla,24/03/2026,07:45 स.,30.0,55.91,85.91,26.08,56.08,46.65,71.56,Success
Mulshi,24/03/2026,05:45 स.,230.0,522.76,752.76,275.08,505.08,52.62,51.43,Success
Panshet,24/03/2026,08:00 स.,9.0,301.61,310.61,185.07,194.07,61.36,49.19,Success
Temghar,24/03/2026,08:00 स.,2.95,105.01,107.96,18.14,21.09,17.27,9.02,Success
Gunjawani,23/03/2026,06:03 स.,0.21,104.48,104.69,57.12,57.33,54.67,55.52,Success
Khadakwasla,23/03/2026,08:00 स.,30.0,55.91,85.91,24.33,54.33,43.52,71.56,Success
Mulshi,23/03/2026,08:00 स.,230.0,522.76,752.76,277.16,507.16,53.02,52.16,Success
Panshet,23/03/2026,08:00 स.,9.0,301.61,310.61,186.19,195.19,61.73,49.8,Success
Temghar,23/03/2026,08:00 स.,2.95,105.01,107.96,18.99,21.94,18.08,9.09,Success
Gunjawani,22/03/2026,06:31 स.,0.21,104.48,104.69,58.0,58.21,55.51,55.94,Success
Khadakwasla,22/03/2026,08:16 स.,30.0,55.91,85.91,23.32,53.32,41.71,71.56,Success
Mulshi,22/03/2026,07:30 स.,230.0,522.76,752.76,278.55,508.55,53.28,52.16,Success
Panshet,22/03/2026,08:16 स.,9.0,301.61,310.61,187.99,196.99,62.33,50.75,Success
Temghar,22/03/2026,08:19 स.,2.95,105.01,107.96,20.25,23.2,19.28,9.27,Success
Gunjawani,21/03/2026,06:11 स.,0.21,104.48,104.69,58.89,59.1,56.36,56.36,Success
Khadakwasla,21/03/2026,08:00 स.,30.0,55.91,85.91,22.68,52.68,40.57,70.24,Success
Mulshi,21/03/2026,07:45 स.,230.0,522.76,752.76,279.94,509.94,53.55,52.42,Success
Panshet,21/03/2026,07:45 स.,9.0,301.61,310.61,189.38,198.38,62.79,50.89,Success
Temghar,21/03/2026,08:00 स.,2.95,105.01,107.96,20.9,23.85,19.9,9.27,Success
Gunjawani,20/03/2026,06:43 स.,0.21,104.48,104.69,59.78,59.99,57.22,56.79,Success
Khadakwasla,20/03/2026,08:00 स.,30.0,55.91,85.91,21.97,51.97,39.3,70.9,Success
Mulshi,20/03/2026,08:00 स.,230.0,522.76,752.76,281.67,511.67,53.88,52.89,Success
Panshet,20/03/2026,08:00 स.,9.0,301.61,310.61,191.22,200.22,63.4,51.41,Success
Temghar,20/03/2026,08:00 स.,2.95,105.01,107.96,21.77,24.72,20.73,9.35,Success
Gunjawani,19/03/2026,05:57 स.,0.21,104.48,104.69,60.66,60.87,58.06,57.21,Success
Khadakwasla,19/03/2026,08:00 स.,30.0,55.91,85.91,22.81,52.81,40.8,70.0,Success
Mulshi,19/03/2026,07:45 स.,230.0,522.76,752.76,283.41,513.41,54.21,53.35,Success
Panshet,19/03/2026,07:45 स.,9.0,301.61,310.61,191.09,200.09,63.36,52.11,Success
Temghar,19/03/2026,08:00 स.,2.95,105.01,107.96,22.75,25.7,21.66,9.5,Success
Gunjawani,18/03/2026,05:53 स.,0.21,104.48,104.69,60.66,60.87,58.06,57.64,Success
Khadakwasla,18/03/2026,08:00 स.,30.0,55.91,85.91,23.76,53.76,42.5,70.24,Success
Mulshi,18/03/2026,07:45 स.,230.0,522.76,752.76,285.14,515.14,54.55,53.88,Success
Panshet,18/03/2026,08:00 स.,9.0,301.61,310.61,191.33,200.33,63.44,52.63,Success
Temghar,18/03/2026,08:31 स.,2.95,105.01,107.96,23.91,26.86,22.77,9.58,Success
Gunjawani,17/03/2026,06:01 स.,0.21,104.48,104.69,62.19,62.4,59.52,58.48,Success
Khadakwasla,17/03/2026,08:00 स.,30.0,55.91,85.91,24.54,54.54,43.89,69.76,Success
Mulshi,17/03/2026,07:45 स.,230.0,522.76,752.76,286.88,516.88,54.88,54.41,Success
Panshet,17/03/2026,07:45 स.,9.0,301.61,310.61,191.33,200.33,63.44,53.39,Success
Temghar,17/03/2026,08:00 स.,2.95,105.01,107.96,24.67,27.62,23.49,9.65,Success
Gunjawani,16/03/2026,05:59 स.,0.21,104.48,104.69,64.36,64.57,61.6,62.65,Success
Khadakwasla,16/03/2026,08:24 स.,30.0,55.91,85.91,25.56,55.56,45.72,70.0,Success
Mulshi,16/03/2026,07:45 स.,230.0,522.76,752.76,288.26,518.26,55.14,54.68,Success
Panshet,16/03/2026,08:25 स.,9.0,301.61,310.61,191.95,200.95,63.64,54.44,Success
Temghar,16/03/2026,07:30 स.,2.95,105.01,107.96,25.66,28.61,24.44,9.71,Success
Gunjawani,15/03/2026,06:02 स.,0.21,104.48,104.69,66.54,66.75,63.69,62.65,Success
Khadakwasla,15/03/2026,08:30 स.,30.0,55.91,85.91,26.67,56.67,47.7,70.0,Success
Mulshi,15/03/2026,08:00 स.,230.0,522.76,752.76,290.02,520.02,55.48,54.88,Success
Panshet,15/03/2026,08:30 स.,9.0,301.61,310.61,191.95,200.95,63.64,55.08,Success
Temghar,15/03/2026,07:00 स.,2.95,105.01,107.96,26.59,29.54,25.32,9.71,Success
Gunjawani,14/03/2026,06:01 स.,0.21,104.48,104.69,66.54,66.75,63.69,64.73,Success
Khadakwasla,14/03/2026,08:00 स.,30.0,55.91,85.91,27.01,57.01,48.31,70.0,Success
Mulshi,14/03/2026,07:00 स.,230.0,522.76,752.76,292.82,522.82,56.01,55.28,Success
Panshet,14/03/2026,07:45 स.,9.0,301.61,310.61,191.82,200.82,63.6,55.24,Success
Temghar,14/03/2026,08:00 स.,2.95,105.01,107.96,27.52,30.47,26.21,9.86,Success
Gunjawani,13/03/2026,06:02 स.,0.21,104.48,104.69,68.71,68.92,65.76,66.81,Success
Khadakwasla,13/03/2026,08:31 स.,30.0,55.91,85.91,27.94,57.94,49.97,69.02,Success
Mulshi,13/03/2026,07:45 स.,230.0,522.76,752.76,295.98,525.98,56.62,55.48,Success
Panshet,13/03/2026,08:31 स.,9.0,301.61,310.61,192.72,201.72,63.9,56.18,Success
Temghar,13/03/2026,08:00 स.,2.95,105.01,107.96,28.47,31.42,27.11,10.02,Success
Gunjawani,12/03/2026,06:01 स.,0.21,104.48,104.69,68.71,68.92,65.76,67.04,Success
Khadakwasla,12/03/2026,08:00 स.,30.0,55.91,85.91,26.78,56.78,47.9,69.27,Success
Mulshi,12/03/2026,07:30 स.,230.0,522.76,752.76,298.43,528.43,57.09,55.75,Success
Panshet,12/03/2026,07:45 स.,9.0,301.61,310.61,194.22,203.22,64.39,56.44,Success
Temghar,12/03/2026,08:00 स.,2.95,105.01,107.96,29.48,32.43,28.07,10.1,Success
Gunjawani,11/03/2026,06:06 स.,0.21,104.48,104.69,70.04,70.25,67.04,67.28,Success
Khadakwasla,11/03/2026,08:00 स.,30.0,55.91,85.91,26.17,56.17,46.81,69.76,Success
Mulshi,11/03/2026,07:45 स.,230.0,522.76,752.76,301.24,531.24,57.62,56.35,Success
Panshet,11/03/2026,07:45 स.,9.0,301.61,310.61,195.97,204.97,64.97,57.01,Success
Temghar,11/03/2026,08:00 स.,2.95,105.01,107.96,30.43,33.38,28.98,10.23,Success
Gunjawani,10/03/2026,05:01 स.,0.21,104.48,104.69,70.54,70.75,67.52,67.75,Success
Khadakwasla,10/03/2026,08:28 स.,30.0,55.91,85.91,25.56,55.56,45.72,69.52,Success
Mulshi,10/03/2026,07:45 स.,230.0,522.76,752.76,303.34,533.34,58.03,56.75,Success
Panshet,10/03/2026,08:28 स.,9.0,301.61,310.61,198.35,207.35,65.76,58.07,Success
Temghar,10/03/2026,08:00 स.,2.95,105.01,107.96,31.43,34.38,29.93,10.26,Success
Gunjawani,09/03/2026,05:31 स.,0.21,104.48,104.69,71.02,71.23,67.97,67.98,Success
Khadakwasla,09/03/2026,08:00 स.,30.0,55.91,85.91,24.23,54.23,43.34,70.0,Success
Mulshi,09/03/2026,07:45 स.,230.0,522.76,752.76,306.15,536.15,58.56,57.15,Success
Panshet,09/03/2026,07:45 स.,9.0,301.61,310.61,199.98,208.98,66.3,58.3,Success
Temghar,09/03/2026,08:37 स.,2.95,105.01,107.96,32.65,35.6,31.09,10.46,Success
Gunjawani,08/03/2026,05:31 स.,0.21,104.48,104.69,71.02,71.23,67.97,68.21,Success
Khadakwasla,08/03/2026,08:00 स.,30.0,55.91,85.91,23.44,53.44,41.92,68.55,Success
Mulshi,08/03/2026,08:00 स.,230.0,522.76,752.76,307.92,537.92,58.9,57.36,Success
Panshet,08/03/2026,08:00 स.,9.0,301.61,310.61,202.36,211.36,67.09,58.93,Success
Temghar,08/03/2026,08:00 स.,2.95,105.01,107.96,33.37,36.32,31.78,10.48,Success
Gunjawani,07/03/2026,05:33 स.,0.21,104.48,104.69,71.52,71.73,68.45,68.68,Success
Khadakwasla,07/03/2026,07:41 स.,30.0,55.91,85.91,21.97,51.97,39.3,68.77,Success
Mulshi,07/03/2026,12:00 स.,230.0,522.76,752.76,309.7,539.7,59.24,57.56,Success
Panshet,07/03/2026,07:41 स.,9.0,301.61,310.61,204.36,213.36,67.76,59.92,Success
Temghar,07/03/2026,08:34 स.,2.95,105.01,107.96,34.46,37.41,32.82,10.61,Success
Gunjawani,06/03/2026,06:31 स.,0.21,104.48,104.69,71.76,71.97,68.68,69.15,Success
Khadakwasla,06/03/2026,08:00 स.,30.0,55.91,85.91,22.18,52.18,39.67,69.27,Success
Mulshi,06/03/2026,07:45 स.,230.0,522.76,752.76,312.19,542.19,59.72,57.83,Success
Panshet,06/03/2026,07:45 स.,9.0,301.61,310.61,205.73,214.73,68.21,60.11,Success
Temghar,06/03/2026,08:00 स.,2.95,105.01,107.96,34.84,37.79,33.18,10.66,Success
Gunjawani,05/03/2026,05:28 स.,0.21,104.48,104.69,72.0,72.21,68.91,69.39,Success
Khadakwasla,05/03/2026,08:21 स.,30.0,55.91,85.91,21.97,51.97,39.3,68.77,Success
Mulshi,05/03/2026,07:45 स.,230.0,522.76,752.76,313.96,543.96,60.06,58.16,Success
Panshet,05/03/2026,08:22 स.,9.0,301.61,310.61,207.73,216.73,68.87,61.21,Success
Temghar,05/03/2026,08:00 स.,2.95,105.01,107.96,34.88,37.83,33.22,10.8,Success
Gunjawani,04/03/2026,05:32 स.,0.21,104.48,104.69,72.25,72.46,69.15,69.86,Success
Khadakwasla,04/03/2026,08:00 स.,30.0,55.91,85.91,22.28,52.28,39.85,68.77,Success
Mulshi,04/03/2026,07:45 स.,230.0,522.76,752.76,316.09,546.09,60.47,58.43,Success
Panshet,04/03/2026,07:45 स.,9.0,301.61,310.61,209.75,218.75,69.54,61.32,Success
Temghar,04/03/2026,08:00 स.,2.95,105.01,107.96,35.0,37.95,33.33,10.88,Success
Gunjawani,03/03/2026,04:59 स.,0.21,104.48,104.69,72.74,72.95,69.62,70.32,Success
Khadakwasla,03/03/2026,07:45 स.,30.0,55.91,85.91,22.68,52.68,40.57,68.55,Success
Mulshi,03/03/2026,08:00 स.,230.0,522.76,752.76,318.58,548.58,60.94,58.7,Success
Panshet,03/03/2026,08:00 स.,9.0,301.61,310.61,211.38,220.38,70.08,61.92,Success
Temghar,03/03/2026,08:32 स.,2.95,105.01,107.96,35.16,38.11,33.48,10.99,Success
Gunjawani,02/03/2026,05:43 स.,0.21,104.48,104.69,72.74,72.95,69.62,70.56,Success
Khadakwasla,02/03/2026,08:00 स.,30.0,55.91,85.91,24.54,54.54,43.89,68.55,Success
Mulshi,02/03/2026,08:00 स.,230.0,522.76,752.76,321.42,551.42,61.49,59.04,Success
Panshet,02/03/2026,08:00 स.,9.0,301.61,310.61,211.62,220.62,70.16,62.4,Success
Temghar,02/03/2026,08:00 स.,2.95,105.01,107.96,35.1,38.05,33.43,11.02,Success
Gunjawani,01/03/2026,05:13 स.,0.21,104.48,104.69,73.23,73.44,70.09,70.79,Success
Khadakwasla,01/03/2026,08:17 स.,30.0,55.91,85.91,27.01,57.01,48.31,64.99,Success
Mulshi,01/03/2026,07:45 स.,230.0,522.76,752.76,323.2,553.2,61.83,59.11,Success
Panshet,01/03/2026,08:17 स.,9.0,301.61,310.61,211.86,220.86,70.24,63.51,Success
Temghar,01/03/2026,08:00 स.,2.95,105.01,107.96,35.14,38.09,33.46,11.14,Success
Gunjawani,28/02/2026,05:41 स.,0.21,104.48,104.69,73.72,73.93,70.56,71.03,Success
Khadakwasla,28/02/2026,08:00 स.,30.0,55.91,85.91,27.22,57.22,48.69,64.1,Success
Mulshi,28/02/2026,07:45 स.,230.0,522.76,752.76,323.91,553.91,61.96,59.38,Success
Panshet,28/02/2026,07:45 स.,9.0,301.61,310.61,211.99,220.99,70.29,63.69,Success
Temghar,28/02/2026,08:49 स.,2.95,105.01,107.96,35.16,38.11,33.48,11.28,Success
Gunjawani,27/02/2026,05:32 स.,0.21,104.48,104.69,74.21,74.42,71.03,71.26,Success
Khadakwasla,27/02/2026,08:00 स.,30.0,55.91,85.91,27.11,57.11,48.49,61.29,Success
Mulshi,27/02/2026,07:45 स.,230.0,522.76,752.76,326.06,556.06,62.37,59.65,Success
Panshet,27/02/2026,07:45 स.,9.0,301.61,310.61,214.25,223.25,71.04,64.44,Success
Temghar,27/02/2026,08:00 स.,2.95,105.01,107.96,35.24,38.19,33.56,11.33,Success
Gunjawani,26/02/2026,05:30 स.,0.21,104.48,104.69,74.7,74.91,71.5,71.5,Success
Khadakwasla,26/02/2026,08:00 स.,30.0,55.91,85.91,27.22,57.22,48.69,61.92,Success
Mulshi,26/02/2026,08:00 स.,230.0,522.76,752.76,328.57,558.57,62.85,59.85,Success
Panshet,26/02/2026,08:00 स.,9.0,301.61,310.61,215.88,224.88,71.58,64.97,Success
Temghar,26/02/2026,08:00 स.,2.95,105.01,107.96,35.31,38.26,33.63,11.41,Success
Gunjawani,25/02/2026,06:59 स.,0.21,104.48,104.69,74.7,74.91,71.5,72.01,Success
Khadakwasla,25/02/2026,08:27 स.,30.0,55.91,85.91,27.94,57.94,49.97,54.76,Success
Mulshi,25/02/2026,07:45 स.,230.0,522.76,752.76,330.37,560.37,63.2,60.06,Success
Panshet,25/02/2026,08:27 स.,9.0,301.61,310.61,217.53,226.53,72.12,66.1,Success
Temghar,25/02/2026,08:00 स.,2.95,105.01,107.96,35.4,38.35,33.71,11.52,Success
Gunjawani,24/02/2026,05:41 स.,0.21,104.48,104.69,75.77,75.98,72.52,72.52,Success
Khadakwasla,24/02/2026,08:00 स.,30.0,55.91,85.91,29.17,59.17,52.17,53.34,Success
Mulshi,24/02/2026,07:45 स.,230.0,522.76,752.76,332.52,562.52,63.61,60.33,Success
Panshet,24/02/2026,07:45 स.,9.0,301.61,310.61,218.01,227.01,72.28,66.34,Success
Temghar,24/02/2026,08:00 स.,2.95,105.01,107.96,35.45,38.4,33.76,11.58,Success
Gunjawani,23/02/2026,05:30 स.,0.21,104.48,104.69,75.77,75.98,72.52,73.04,Success
Khadakwasla,23/02/2026,08:00 स.,30.0,55.91,85.91,30.07,60.07,53.78,50.63,Success
Mulshi,23/02/2026,07:45 स.,230.0,522.76,752.76,334.68,564.68,64.02,60.6,Success
Panshet,23/02/2026,08:00 स.,9.0,301.61,310.61,217.89,226.89,72.24,66.92,Success
Temghar,23/02/2026,08:00 स.,2.95,105.01,107.96,36.0,38.95,34.28,11.69,Success
Gunjawani,22/02/2026,06:14 स.,0.21,104.48,104.69,76.31,76.52,73.04,74.06,Success
Khadakwasla,22/02/2026,08:00 स.,30.0,55.91,85.91,30.72,60.72,54.95,48.31,Success
Mulshi,22/02/2026,08:00 स.,230.0,522.76,752.76,336.11,566.11,64.3,60.74,Success
Panshet,22/02/2026,08:00 स.,9.0,301.61,310.61,218.14,227.14,72.33,67.55,Success
Temghar,22/02/2026,08:00 स.,2.95,105.01,107.96,37.01,39.96,35.24,11.78,Success
Gunjawani,21/02/2026,05:32 स.,0.21,104.48,104.69,77.38,77.59,74.06,75.09,Success
Khadakwasla,21/02/2026,08:38 स.,30.0,55.91,85.91,31.77,61.77,56.82,44.3,Success
Mulshi,21/02/2026,08:00 स.,230.0,522.76,752.76,337.91,567.91,64.64,61.01,Success
Panshet,21/02/2026,08:38 स.,9.0,301.61,310.61,217.89,226.89,72.24,68.6,Success
Temghar,21/02/2026,08:00 स.,2.95,105.01,107.96,38.12,41.07,36.3,11.86,Success
Gunjawani,20/02/2026,05:31 स.,0.21,104.48,104.69,78.45,78.66,75.09,75.6,Success
Khadakwasla,20/02/2026,08:00 स.,30.0,55.91,85.91,32.13,62.13,57.47,43.17,Success
Mulshi,20/02/2026,07:45 स.,230.0,522.76,752.76,340.06,570.06,65.05,61.35,Success
Panshet,20/02/2026,08:00 स.,9.0,301.61,310.61,218.51,227.51,72.45,68.83,Success
Temghar,20/02/2026,08:00 स.,2.95,105.01,107.96,39.11,42.06,37.24,11.97,Success
Gunjawani,19/02/2026,07:02 स.,0.21,104.48,104.69,79.52,79.73,76.11,76.63,Success
Khadakwasla,19/02/2026,08:00 स.,30.0,55.91,85.91,34.79,64.79,62.23,40.18,Success
Mulshi,19/02/2026,07:45 स.,230.0,522.76,752.76,341.86,571.86,65.4,61.69,Success
Panshet,19/02/2026,07:45 स.,9.0,301.61,310.61,218.63,227.63,72.49,69.38,Success
Temghar,19/02/2026,08:00 स.,2.95,105.01,107.96,40.16,43.11,38.24,12.09,Success
Gunjawani,18/02/2026,05:32 स.,0.21,104.48,104.69,80.6,80.81,77.14,77.65,Success
Khadakwasla,18/02/2026,08:39 स.,30.0,55.91,85.91,33.32,63.32,59.6,39.67,Success
Mulshi,18/02/2026,08:00 स.,230.0,522.76,752.76,343.67,573.67,65.74,61.83,Success
Panshet,18/02/2026,08:39 स.,9.0,301.61,310.61,218.26,227.26,72.36,69.58,Success
Temghar,18/02/2026,08:00 स.,2.95,105.01,107.96,41.15,44.1,39.19,12.14,Success
Gunjawani,17/02/2026,05:32 स.,0.21,104.48,104.69,80.6,80.81,77.14,77.65,Success
Khadakwasla,17/02/2026,08:00 स.,30.0,55.91,85.91,31.77,61.77,56.82,39.67,Success
Mulshi,17/02/2026,08:00 स.,230.0,522.76,752.76,345.84,575.84,66.16,62.17,Success
Panshet,17/02/2026,08:00 स.,9.0,301.61,310.61,218.9,227.9,72.58,69.54,Success
Temghar,17/02/2026,08:00 स.,2.95,105.01,107.96,42.21,45.16,40.2,12.22,Success
Gunjawani,16/02/2026,05:41 स.,0.21,104.48,104.69,81.13,81.34,77.65,78.68,Success
Khadakwasla,16/02/2026,08:00 स.,30.0,55.91,85.91,31.18,61.18,55.77,38.78,Success
Mulshi,16/02/2026,08:00 स.,230.0,522.76,752.76,348.01,578.01,66.57,62.44,Success
Panshet,16/02/2026,08:00 स.,9.0,301.61,310.61,218.9,227.9,72.58,69.62,Success
Temghar,16/02/2026,08:49 स.,2.95,105.01,107.96,43.01,45.96,40.96,12.4,Success
Gunjawani,15/02/2026,05:33 स.,0.21,104.48,104.69,81.13,81.34,77.65,79.19,Success
Khadakwasla,15/02/2026,08:00 स.,30.0,55.91,85.91,31.18,61.18,55.77,36.98,Success
Mulshi,15/02/2026,08:00 स.,230.0,522.76,752.76,349.1,579.1,66.78,62.58,Success
Panshet,15/02/2026,08:00 स.,9.0,301.61,310.61,218.9,227.9,72.58,70.04,Success
Temghar,15/02/2026,08:00 स.,2.95,105.01,107.96,43.07,46.02,41.02,12.42,Success
Gunjawani,14/02/2026,06:55 स.,0.21,104.48,104.69,82.74,82.95,79.19,79.71,Success
Khadakwasla,14/02/2026,08:00 स.,30.0,55.91,85.91,30.62,60.62,54.77,37.15,Success
Mulshi,14/02/2026,07:45 स.,230.0,522.76,752.76,350.91,580.91,67.13,62.79,Success
Panshet,14/02/2026,08:00 स.,9.0,301.61,310.61,219.15,228.15,72.66,70.08,Success
Temghar,14/02/2026,08:28 स.,2.95,105.01,107.96,43.01,45.96,40.96,12.6,Success
Gunjawani,13/02/2026,05:32 स.,0.21,104.48,104.69,82.74,82.95,79.19,80.22,Success
Khadakwasla,13/02/2026,08:00 स.,30.0,55.91,85.91,29.26,59.26,52.33,36.46,Success
Mulshi,13/02/2026,07:45 स.,230.0,522.76,752.76,353.08,583.08,67.54,63.06,Success
Panshet,13/02/2026,08:00 स.,9.0,301.61,310.61,219.15,228.15,72.66,70.12,Success
Temghar,13/02/2026,08:42 स.,2.95,105.01,107.96,44.1,47.05,42.0,12.66,Success
Gunjawani,12/02/2026,05:03 स.,0.21,104.48,104.69,83.81,84.02,80.22,80.73,Success
Khadakwasla,12/02/2026,08:00 स.,30.0,55.91,85.91,28.19,58.19,50.42,36.09,Success
Mulshi,12/02/2026,07:45 स.,230.0,522.76,752.76,355.26,585.26,67.96,63.27,Success
Panshet,12/02/2026,07:45 स.,9.0,301.61,310.61,219.4,228.4,72.74,70.16,Success
Temghar,12/02/2026,08:00 स.,2.95,105.01,107.96,45.35,48.3,43.19,12.68,Success
Gunjawani,11/02/2026,05:32 स.,0.21,104.48,104.69,83.81,84.02,80.22,81.24,Success
Khadakwasla,11/02/2026,10:00 स.,30.0,55.91,85.91,27.22,57.22,48.69,36.81,Success
Mulshi,11/02/2026,09:45 स.,230.0,522.76,752.76,356.7,586.7,68.23,63.88,Success
Panshet,11/02/2026,09:45 स.,9.0,301.61,310.61,219.64,228.64,72.82,70.24,Success
Temghar,11/02/2026,10:00 स.,2.95,105.01,107.96,46.17,49.12,43.97,12.86,Success
Gunjawani,10/02/2026,05:33 स.,0.21,104.48,104.69,85.42,85.63,81.76,81.76,Success
Khadakwasla,10/02/2026,08:00 स.,30.0,55.91,85.91,25.99,55.99,46.49,37.85,Success
Mulshi,10/02/2026,07:45 स.,230.0,522.76,752.76,358.15,588.15,68.51,63.95,Success
Panshet,10/02/2026,08:00 स.,9.0,301.61,310.61,219.28,228.28,72.7,70.33,Success
Temghar,10/02/2026,08:00 स.,2.95,105.01,107.96,47.26,50.21,45.01,12.92,Success
Gunjawani,09/02/2026,05:31 स.,0.21,104.48,104.69,85.42,85.63,81.76,82.31,Success
Khadakwasla,09/02/2026,08:00 स.,30.0,55.91,85.91,25.9,55.9,46.32,40.35,Success
Mulshi,09/02/2026,08:00 स.,230.0,522.76,752.76,360.7,590.7,69.0,64.16,Success
Panshet,09/02/2026,08:00 स.,9.0,301.61,310.61,219.76,228.76,72.86,70.38,Success
Temghar,09/02/2026,08:00 स.,2.95,105.01,107.96,50.18,53.13,47.79,29.6,Success
Gunjawani,08/02/2026,06:53 स.,0.21,104.48,104.69,86.0,86.21,82.31,82.87,Success
Khadakwasla,08/02/2026,08:00 स.,30.0,55.91,85.91,26.17,56.17,46.81,42.84,Success
Mulshi,08/02/2026,08:00 स.,230.0,522.76,752.76,362.17,592.17,69.28,64.36,Success
Panshet,08/02/2026,08:00 स.,9.0,301.61,310.61,219.76,228.76,72.86,70.38,Success
Temghar,08/02/2026,11:00 स.,2.95,105.01,107.96,50.18,53.13,47.79,46.28,Success
Gunjawani,07/02/2026,07:04 स.,0.21,104.48,104.69,86.58,86.79,82.87,83.42,Success
Khadakwasla,07/02/2026,08:00 स.,30.0,55.91,85.91,25.99,55.99,46.49,45.72,Success
Mulshi,07/02/2026,07:45 स.,230.0,522.76,752.76,363.64,593.64,69.56,64.64,Success
Panshet,07/02/2026,08:00 स.,9.0,301.61,310.61,220.01,229.01,72.95,70.38,Success
Temghar,07/02/2026,08:00 स.,2.95,105.01,107.96,50.18,53.13,47.79,13.2,Success
Gunjawani,06/02/2026,05:32 स.,0.21,104.48,104.69,87.74,87.95,83.98,83.42,Success
Khadakwasla,06/02/2026,08:00 स.,30.0,55.91,85.91,25.99,55.99,46.49,46.97,Success
Mulshi,06/02/2026,08:00 स.,230.0,522.76,752.76,365.47,595.47,69.91,64.91,Success
Panshet,06/02/2026,08:00 स.,9.0,301.61,310.61,220.01,229.01,72.95,70.42,Success
Temghar,06/02/2026,08:33 स.,2.95,105.01,107.96,51.06,54.01,48.62,13.92,Success
Gunjawani,05/02/2026,05:33 स.,0.21,104.48,104.69,88.32,88.53,84.53,83.98,Success
Khadakwasla,05/02/2026,08:00 स.,30.0,55.91,85.91,26.67,56.67,47.7,50.41,Success
Mulshi,05/02/2026,08:00 स.,230.0,522.76,752.76,367.31,597.31,70.26,65.19,Success
Panshet,05/02/2026,08:00 स.,9.0,301.61,310.61,220.26,229.26,73.03,70.5,Success
Temghar,05/02/2026,08:32 स.,2.95,105.01,107.96,51.67,54.62,49.2,14.78,Success
Gunjawani,04/02/2026,05:36 स.,0.21,104.48,104.69,88.9,89.11,85.09,83.98,Success
Khadakwasla,04/02/2026,08:00 स.,30.0,55.91,85.91,27.01,57.01,48.31,51.99,Success
Mulshi,04/02/2026,08:00 स.,230.0,522.76,752.76,369.14,599.14,70.61,65.46,Success
Panshet,04/02/2026,08:00 स.,9.0,301.61,310.61,220.13,229.13,72.98,70.62,Success
Temghar,04/02/2026,08:00 स.,2.95,105.01,107.96,52.84,55.79,50.32,15.09,Success
Gunjawani,03/02/2026,07:01 स.,0.21,104.48,104.69,89.48,89.69,85.64,81.76,Success
Khadakwasla,03/02/2026,08:18 स.,30.0,55.91,85.91,27.32,57.32,48.86,51.78,Success
Mulshi,03/02/2026,08:00 स.,230.0,522.76,752.76,371.71,601.71,71.11,65.81,Success
Panshet,03/02/2026,08:19 स.,9.0,301.61,310.61,220.53,229.53,73.12,70.62,Success
Temghar,03/02/2026,08:00 स.,2.95,105.01,107.96,53.63,56.58,51.07,16.02,Success
Gunjawani,02/02/2026,07:01 स.,0.21,104.48,104.69,90.06,90.27,86.2,84.53,Success
Khadakwasla,02/02/2026,08:41 स.,30.0,55.91,85.91,27.32,57.32,48.86,52.72,Success
Mulshi,02/02/2026,08:00 स.,230.0,522.76,752.76,374.28,604.28,71.6,66.16,Success
Panshet,02/02/2026,08:41 स.,9.0,301.61,310.61,220.53,229.53,73.12,70.66,Success
Temghar,02/02/2026,08:00 स.,2.95,105.01,107.96,54.58,57.53,51.98,16.94,Success
Gunjawani,01/02/2026,05:13 स.,0.21,104.48,104.69,90.64,90.85,86.75,85.09,Success
Khadakwasla,01/02/2026,08:00 स.,30.0,55.91,85.91,26.67,56.67,47.7,53.12,Success
Mulshi,01/02/2026,08:00 स.,230.0,522.76,752.76,376.12,606.12,71.95,66.23,Success
Panshet,01/02/2026,08:00 स.,9.0,301.61,310.61,220.53,229.53,73.12,70.66,Success
Temghar,01/02/2026,08:00 स.,2.95,105.01,107.96,55.52,58.47,52.87,17.91,Success
Gunjawani,31/01/2026,05:02 स.,0.21,104.48,104.69,91.22,91.43,87.31,85.09,Success
Khadakwasla,31/01/2026,07:45 स.,30.0,55.91,85.91,26.4,56.4,47.22,53.98,Success
Mulshi,31/01/2026,08:00 स.,230.0,522.76,752.76,378.32,608.32,72.37,66.36,Success
Panshet,31/01/2026,08:00 स.,9.0,301.61,310.61,220.8,229.8,73.21,70.71,Success
Temghar,31/01/2026,08:00 स.,2.95,105.01,107.96,56.43,59.38,53.74,18.88,Success
Gunjawani,30/01/2026,05:01 स.,0.21,104.48,104.69,91.22,91.43,87.31,85.09,Success
Khadakwasla,30/01/2026,08:00 स.,30.0,55.91,85.91,25.56,55.56,45.72,54.76,Success
Mulshi,30/01/2026,07:45 स.,230.0,522.76,752.76,380.54,610.54,72.79,66.71,Success
Panshet,30/01/2026,08:00 स.,9.0,301.61,310.61,221.38,230.38,73.4,70.71,Success
Temghar,30/01/2026,08:00 स.,2.95,105.01,107.96,57.32,60.27,54.59,19.81,Success
Gunjawani,29/01/2026,05:02 स.,0.21,104.48,104.69,91.8,92.01,87.86,85.09,Success
Khadakwasla,29/01/2026,08:00 स.,30.0,55.91,85.91,22.28,52.28,39.85,56.22,Success
Mulshi,29/01/2026,08:00 स.,230.0,522.76,752.76,383.13,613.13,73.29,67.27,Success
Panshet,29/01/2026,08:00 स.,9.0,301.61,310.61,223.16,232.16,73.99,70.75,Success
Temghar,29/01/2026,08:21 स.,2.95,105.01,107.96,57.42,60.37,54.68,21.08,Success
Gunjawani,28/01/2026,05:01 स.,0.21,104.48,104.69,92.37,92.58,88.41,86.19,Success
Khadakwasla,28/01/2026,08:00 स.,30.0,55.91,85.91,21.27,51.27,38.04,57.93,Success
Mulshi,28/01/2026,06:45 स.,230.0,522.76,752.76,385.72,615.72,73.79,67.27,Success
Panshet,28/01/2026,08:00 स.,9.0,301.61,310.61,224.17,233.17,74.32,70.75,Success
Temghar,28/01/2026,08:00 स.,2.95,105.01,107.96,59.04,61.99,56.22,21.45,Success
Gunjawani,27/01/2026,05:02 स.,0.21,104.48,104.69,92.95,93.16,88.96,86.19,Success
Khadakwasla,27/01/2026,08:36 स.,30.0,55.91,85.91,22.93,52.93,41.01,61.92,Success
Mulshi,27/01/2026,01:00 स.,230.0,522.76,752.76,387.2,617.2,74.07,67.68,Success
Panshet,27/01/2026,08:36 स.,9.0,301.61,310.61,223.9,232.9,74.23,70.91,Success
Temghar,27/01/2026,01:15 स.,2.95,105.01,107.96,60.21,63.16,57.34,22.43,Success
Gunjawani,26/01/2026,05:02 स.,0.21,104.48,104.69,93.53,93.74,89.52,86.19,Success
Khadakwasla,26/01/2026,08:00 स.,30.0,55.91,85.91,23.76,53.76,42.5,60.76,Success
Mulshi,26/01/2026,12:15 स.,230.0,522.76,752.76,387.57,617.57,74.14,67.82,Success
Panshet,26/01/2026,06:25 स.,9.0,301.61,310.61,224.3,233.3,74.37,70.91,Success
Temghar,26/01/2026,08:10 स.,2.95,105.01,107.96,60.49,63.44,57.6,24.05,Success
Gunjawani,25/01/2026,05:01 स.,0.21,104.48,104.69,94.69,94.9,90.63,86.19,Success
Khadakwasla,25/01/2026,08:41 स.,30.0,55.91,85.91,25.56,55.56,45.72,61.08,Success
Mulshi,25/01/2026,12:15 स.,230.0,522.76,752.76,389.05,619.05,74.42,67.96,Success
Panshet,25/01/2026,08:42 स.,9.0,301.61,310.61,224.3,233.3,74.37,71.0,Success
Temghar,25/01/2026,08:05 स.,2.95,105.01,107.96,61.53,64.48,58.59,25.0,Success
Gunjawani,24/01/2026,06:08 स.,0.21,104.48,104.69,94.69,94.9,90.63,86.19,Success
Khadakwasla,24/01/2026,08:00 स.,30.0,55.91,85.91,26.08,56.08,46.65,61.08,Success
Mulshi,24/01/2026,01:00 स.,230.0,522.76,752.76,390.9,620.9,74.78,68.23,Success
Panshet,24/01/2026,01:00 स.,9.0,301.61,310.61,224.54,233.54,74.45,70.91,Success
Temghar,24/01/2026,07:56 स.,2.95,105.01,107.96,62.6,65.55,59.61,26.9,Success
Gunjawani,23/01/2026,05:33 स.,0.21,104.48,104.69,95.85,96.06,91.74,86.75,Success
Khadakwasla,23/01/2026,08:00 स.,30.0,55.91,85.91,27.22,57.22,48.69,62.92,Success
Mulshi,23/01/2026,02:00 स.,230.0,522.76,752.76,392.75,622.75,75.13,68.72,Success
Panshet,23/01/2026,02:00 स.,9.0,301.61,310.61,224.66,233.66,74.49,71.04,Success
Temghar,23/01/2026,03:00 स.,2.95,105.01,107.96,63.57,66.52,60.54,26.9,Success
Gunjawani,22/01/2026,05:40 स.,0.21,104.48,104.69,97.01,97.22,92.85,86.75,Success
Khadakwasla,22/01/2026,08:00 स.,30.0,55.91,85.91,28.58,58.58,51.12,62.92,Success
Mulshi,22/01/2026,07:30 स.,230.0,522.76,752.76,394.6,624.6,75.48,68.72,Success
Panshet,22/01/2026,07:30 स.,9.0,301.61,310.61,224.78,233.78,74.53,71.08,Success
Temghar,22/01/2026,07:45 स.,2.95,105.01,107.96,64.33,67.28,61.26,27.35,Success
Gunjawani,21/01/2026,07:01 स.,0.21,104.48,104.69,97.01,97.22,92.85,86.75,Success
Khadakwasla,21/01/2026,07:45 स.,30.0,55.91,85.91,29.82,59.82,53.34,63.38,Success
Mulshi,21/01/2026,07:30 स.,230.0,522.76,752.76,396.45,626.45,75.84,69.0,Success
Panshet,21/01/2026,07:30 स.,9.0,301.61,310.61,224.91,233.91,74.57,71.08,Success
Temghar,21/01/2026,07:45 स.,2.95,105.01,107.96,65.17,68.12,62.06,28.29,Success
Gunjawani,20/01/2026,05:32 स.,0.21,104.48,104.69,97.01,97.22,92.85,87.3,Success
Khadakwasla,20/01/2026,08:00 स.,30.0,55.91,85.91,31.06,61.06,55.55,64.99,Success
Mulshi,20/01/2026,07:45 स.,230.0,522.76,752.76,397.56,627.56,76.05,69.35,Success
Panshet,20/01/2026,07:45 स.,9.0,301.61,310.61,224.78,233.78,74.53,71.12,Success
Temghar,20/01/2026,07:45 स.,2.95,105.01,107.96,66.02,68.97,62.87,29.26,Success
Gunjawani,19/01/2026,07:15 स.,0.21,104.48,104.69,97.01,97.22,92.85,87.3,Success
Khadakwasla,19/01/2026,08:18 स.,30.0,55.91,85.91,35.92,65.92,64.25,66.62,Success
Mulshi,19/01/2026,07:45 स.,230.0,522.76,752.76,398.31,628.31,76.19,69.7,Success
Panshet,19/01/2026,08:18 स.,9.0,301.61,310.61,225.03,234.03,74.61,71.22,Success
Temghar,19/01/2026,07:45 स.,2.95,105.01,107.96,66.92,69.87,63.73,30.3,Success
Gunjawani,18/01/2026,07:14 स.,0.21,104.48,104.69,97.01,97.22,92.85,87.3,Success
Khadakwasla,18/01/2026,07:45 स.,30.0,55.91,85.91,33.69,63.69,60.26,66.84,Success
Mulshi,18/01/2026,07:45 स.,230.0,522.76,752.76,399.06,629.06,76.34,69.91,Success
Panshet,18/01/2026,07:45 स.,9.0,301.61,310.61,225.28,234.28,74.69,71.22,Success
Temghar,18/01/2026,07:45 स.,2.95,105.01,107.96,67.71,70.66,64.48,31.27,Success
Gunjawani,17/01/2026,05:30 स.,0.21,104.48,104.69,97.01,97.22,92.85,87.3,Success
Khadakwasla,17/01/2026,08:22 स.,30.0,55.91,85.91,35.84,65.84,64.1,64.53,Success
Mulshi,17/01/2026,08:00 स.,230.0,522.76,752.76,400.81,630.81,76.67,73.34,Success
Panshet,17/01/2026,08:23 स.,9.0,301.61,310.61,225.03,234.03,74.61,71.95,Success
Temghar,17/01/2026,08:00 स.,2.95,105.01,107.96,69.66,72.61,66.34,48.54,Success
Gunjawani,16/01/2026,05:05 स.,0.21,104.48,104.69,97.01,97.22,92.85,87.86,Success
Khadakwasla,16/01/2026,08:00 स.,30.0,55.91,85.91,36.47,66.47,65.23,63.77,Success
Mulshi,16/01/2026,04:45 स.,230.0,522.76,752.76,402.55,632.55,77.0,76.77,Success
Panshet,16/01/2026,07:45 स.,9.0,301.61,310.61,225.4,234.4,74.73,72.2,Success
Temghar,16/01/2026,04:45 स.,2.95,105.01,107.96,70.43,73.38,67.07,65.82,Success
Gunjawani,15/01/2026,05:05 स.,0.21,104.48,104.69,97.01,97.22,92.85,87.86,Success
Khadakwasla,15/01/2026,08:00 स.,30.0,55.91,85.91,37.83,67.83,67.66,57.47,Success
Mulshi,15/01/2026,07:45 स.,230.0,522.76,752.76,404.3,634.3,77.34,70.97,Success
Panshet,15/01/2026,07:45 स.,9.0,301.61,310.61,225.65,234.65,74.82,72.82,Success
Temghar,15/01/2026,08:19 स.,2.95,105.01,107.96,69.66,72.61,66.34,34.9,Success
Gunjawani,14/01/2026,05:06 स.,0.21,104.48,104.69,97.63,97.84,93.44,87.86,Success
Khadakwasla,14/01/2026,07:45 स.,30.0,55.91,85.91,39.27,69.27,70.24,56.0,Success
Mulshi,14/01/2026,07:45 स.,230.0,522.76,752.76,405.05,635.05,77.48,71.25,Success
Panshet,14/01/2026,07:45 स.,9.0,301.61,310.61,225.65,234.65,74.82,73.36,Success
Temghar,14/01/2026,08:19 स.,2.95,105.01,107.96,70.43,73.38,67.07,36.02,Success
Gunjawani,13/01/2026,05:31 स.,0.21,104.48,104.69,97.63,97.84,93.44,87.86,Success
Khadakwasla,13/01/2026,07:45 स.,30.0,55.91,85.91,41.77,71.77,74.71,53.98,Success
Mulshi,13/01/2026,07:45 स.,230.0,522.76,752.76,406.92,636.92,77.84,71.53,Success
Panshet,13/01/2026,08:00 स.,9.0,301.61,310.61,225.65,234.65,74.82,73.95,Success
Temghar,13/01/2026,08:00 स.,2.95,105.01,107.96,71.49,74.44,68.08,36.42,Success
Gunjawani,12/01/2026,05:31 स.,0.21,104.48,104.69,97.63,97.84,93.44,87.86,Success
Khadakwasla,12/01/2026,08:23 स.,30.0,55.91,85.91,43.83,73.83,78.39,50.19,Success
Mulshi,12/01/2026,08:00 स.,230.0,522.76,752.76,408.42,638.42,78.13,72.02,Success
Panshet,12/01/2026,08:24 स.,9.0,301.61,310.61,226.5,235.5,75.1,74.81,Success
Temghar,12/01/2026,08:42 स.,2.95,105.01,107.96,70.43,73.38,67.07,38.04,Success
Gunjawani,11/01/2026,05:31 स.,0.21,104.48,104.69,97.63,97.84,93.44,87.86,Success
Khadakwasla,11/01/2026,08:00 स.,30.0,55.91,85.91,43.34,73.34,77.52,49.23,Success
Mulshi,11/01/2026,08:00 स.,230.0,522.76,752.76,409.16,639.16,78.27,72.3,Success
Panshet,11/01/2026,07:25 स.,9.0,301.61,310.61,228.51,237.51,75.76,75.54,Success
Temghar,11/01/2026,08:00 स.,2.95,105.01,107.96,72.4,75.35,68.95,38.46,Success
Gunjawani,10/01/2026,05:31 स.,0.21,104.48,104.69,97.63,97.84,93.44,87.86,Success
Khadakwasla,10/01/2026,07:45 स.,30.0,55.91,85.91,41.88,71.88,74.91,46.97,Success
Mulshi,10/01/2026,08:00 स.,230.0,522.76,752.76,409.91,639.91,78.41,72.65,Success
Panshet,10/01/2026,08:16 स.,9.0,301.61,310.61,230.16,239.16,76.31,76.22,Success
Temghar,10/01/2026,08:00 स.,2.95,105.01,107.96,73.11,76.06,69.62,39.46,Success
Gunjawani,09/01/2026,05:32 स.,0.21,104.48,104.69,97.63,97.84,93.44,87.86,Success
Khadakwasla,09/01/2026,07:45 स.,30.0,55.91,85.91,40.72,70.72,72.83,44.69,Success
Mulshi,09/01/2026,08:00 स.,230.0,522.76,752.76,411.04,641.04,78.63,73.08,Success
Panshet,09/01/2026,08:11 स.,9.0,301.61,310.61,231.8,240.8,76.85,76.71,Success
Temghar,09/01/2026,08:00 स.,2.95,105.01,107.96,73.96,76.91,70.43,40.6,Success
Gunjawani,08/01/2026,05:55 स.,0.21,104.48,104.69,97.63,97.84,93.44,87.86,Success
Khadakwasla,08/01/2026,08:00 स.,30.0,55.91,85.91,39.52,69.52,70.69,42.67,Success
Mulshi,08/01/2026,08:00 स.,230.0,522.76,752.76,412.53,642.53,78.91,73.43,Success
Panshet,08/01/2026,07:58 स.,9.0,301.61,310.61,233.44,242.44,77.4,77.4,Success
Temghar,08/01/2026,08:00 स.,2.95,105.01,107.96,74.8,77.75,71.23,41.52,Success
Gunjawani,07/01/2026,05:31 स.,0.21,104.48,104.69,97.63,97.84,93.44,87.86,Success
Khadakwasla,07/01/2026,07:45 स.,30.0,55.91,85.91,38.2,68.2,68.32,39.48,Success
Mulshi,07/01/2026,08:00 स.,230.0,522.76,752.76,414.03,644.03,79.2,73.93,Success
Panshet,07/01/2026,08:00 स.,9.0,301.61,310.61,235.19,244.19,77.98,77.71,Success
Temghar,07/01/2026,08:20 स.,2.95,105.01,107.96,74.8,77.75,71.23,43.3,Success
Gunjawani,06/01/2026,05:27 स.,0.21,104.48,104.69,97.63,97.84,93.44,87.86,Success
Khadakwasla,06/01/2026,08:00 स.,30.0,55.91,85.91,37.01,67.01,66.2,37.49,Success
Mulshi,06/01/2026,08:00 स.,230.0,522.76,752.76,416.66,646.66,79.7,74.14,Success
Panshet,06/01/2026,08:00 स.,9.0,301.61,310.61,237.12,246.12,78.62,78.26,Success
Temghar,06/01/2026,08:00 स.,2.95,105.01,107.96,76.56,79.51,72.91,43.64,Success
Gunjawani,05/01/2026,05:31 स.,0.21,104.48,104.69,97.63,97.84,93.44,87.86,Success
Khadakwasla,05/01/2026,08:00 स.,30.0,55.91,85.91,35.84,65.84,64.1,35.52,Success
Mulshi,05/01/2026,08:00 स.,230.0,522.76,752.76,417.8,647.8,79.92,74.28,Success
Panshet,05/01/2026,08:00 स.,9.0,301.61,310.61,238.95,247.95,79.22,78.85,Success
Temghar,05/01/2026,08:00 स.,2.95,105.01,107.96,77.35,80.3,73.66,44.78,Success
Gunjawani,04/01/2026,05:07 स.,0.21,104.48,104.69,97.63,97.84,93.44,87.86,Success
Khadakwasla,04/01/2026,08:00 स.,30.0,55.91,85.91,34.51,64.51,61.72,36.98,Success
Mulshi,04/01/2026,07:30 स.,230.0,522.76,752.76,418.56,648.56,80.07,74.35,Success
Panshet,04/01/2026,08:00 स.,9.0,301.61,310.61,240.68,249.68,79.8,79.48,Success
Temghar,04/01/2026,08:00 स.,2.95,105.01,107.96,78.22,81.17,74.49,45.78,Success
Gunjawani,03/01/2026,08:00 स.,0.21,104.48,104.69,97.63,97.84,93.44,88.42,PDF Not Available
Khadakwasla,03/01/2026,08:00 स.,30.0,55.91,85.91,33.2,63.2,59.38,37.97,PDF Not Available
Mulshi,03/01/2026,08:00 स.,230.0,522.76,752.76,420.64,650.64,80.47,74.63,PDF Not Available
Panshet,03/01/2026,08:00 स.,9.0,301.61,310.61,242.53,251.53,80.41,80.34,PDF Not Available
Temghar,03/01/2026,08:00 स.,2.95,105.01,107.96,79.02,81.97,75.25,46.84,PDF Not Available
Gunjawani,02/01/2026,05:41 स.,0.21,104.48,104.69,97.63,97.84,93.44,88.97,Success
Khadakwasla,02/01/2026,07:45 स.,30.0,55.91,85.91,31.89,61.89,57.04,38.95,Success
Mulshi,02/01/2026,08:00 स.,230.0,522.76,752.76,422.73,652.73,80.87,74.92,Success
Panshet,02/01/2026,08:00 स.,9.0,301.61,310.61,244.38,253.38,81.03,81.2,Success
Temghar,02/01/2026,08:00 स.,2.95,105.01,107.96,79.81,82.76,76.0,47.9,Success
Gunjawani,01/01/2026,05:33 स.,0.21,104.48,104.69,97.63,97.84,93.44,89.52,Success
Khadakwasla,01/01/2026,08:34 स.,30.0,55.91,85.91,31.06,61.06,55.55,42.34,Success
Mulshi,01/01/2026,08:00 स.,230.0,522.76,752.76,425.0,655.0,81.3,75.27,Success
Panshet,01/01/2026,08:34 स.,9.0,301.61,310.61,246.16,255.16,81.62,81.89,Success
Temghar,01/01/2026,08:41 स.,2.95,105.01,107.96,80.62,83.57,76.77,49.23,Success
Gunjawani,31/12/2025,05:31 स.,0.21,104.48,104.69,98.86,99.07,94.62,89.52,Success
Khadakwasla,31/12/2025,08:00 स.,30.0,55.91,85.91,30.51,60.51,54.57,42.67,Success
Mulshi,31/12/2025,08:00 स.,230.0,522.76,752.76,427.27,657.27,81.73,75.41,Success
Panshet,31/12/2025,08:00 स.,9.0,301.61,310.61,247.67,256.67,82.12,82.08,Success
Temghar,31/12/2025,08:21 स.,2.95,105.01,107.96,81.46,84.41,77.57,49.38,Success
Gunjawani,30/12/2025,05:31 स.,0.21,104.48,104.69,100.1,100.31,95.81,89.52,Success
Khadakwasla,30/12/2025,08:00 स.,30.0,55.91,85.91,29.47,59.47,52.71,45.72,Success
Mulshi,30/12/2025,07:45 स.,230.0,522.76,752.76,429.93,659.93,82.24,75.7,Success
Panshet,30/12/2025,07:45 स.,9.0,301.61,310.61,249.7,258.7,82.79,82.7,Success
Temghar,30/12/2025,08:00 स.,2.95,105.01,107.96,82.23,85.18,78.31,49.38,Success
Gunjawani,29/12/2025,05:41 स.,0.21,104.48,104.69,100.71,100.92,96.39,90.63,Success
Khadakwasla,29/12/2025,07:45 स.,30.0,55.91,85.91,29.17,59.17,52.17,47.46,Success
Mulshi,29/12/2025,08:00 स.,230.0,522.76,752.76,431.44,661.44,82.53,75.98,Success
Panshet,29/12/2025,08:00 स.,9.0,301.61,310.61,251.61,260.61,83.42,83.49,Success
Temghar,29/12/2025,08:00 स.,2.95,105.01,107.96,83.05,86.0,79.09,49.61,Success
Gunjawani,28/12/2025,05:31 स.,0.21,104.48,104.69,101.33,101.54,96.99,90.63,Success
Khadakwasla,28/12/2025,08:00 स.,30.0,55.91,85.91,28.44,58.44,50.87,47.7,Success
Mulshi,28/12/2025,08:00 स.,230.0,522.76,752.76,433.72,663.72,82.97,76.7,Success
Panshet,28/12/2025,09:01 स.,9.0,301.61,310.61,253.52,262.52,84.06,84.28,Success
Temghar,28/12/2025,08:00 स.,2.95,105.01,107.96,83.87,86.82,79.87,49.61,Success
Gunjawani,27/12/2025,05:06 स.,0.21,104.48,104.69,101.95,102.16,97.58,91.19,Success
Khadakwasla,27/12/2025,08:20 स.,30.0,55.91,85.91,28.31,58.31,50.63,46.32,Success
Mulshi,27/12/2025,08:00 स.,230.0,522.76,752.76,435.82,665.82,83.37,76.84,Success
Panshet,27/12/2025,08:19 स.,9.0,301.61,310.61,255.99,264.99,84.87,84.79,Success
Temghar,27/12/2025,08:24 स.,2.95,105.01,107.96,84.47,87.42,80.44,52.19,Success
Gunjawani,26/12/2025,05:42 स.,0.21,104.48,104.69,103.18,103.39,98.76,91.74,Success
Khadakwasla,26/12/2025,07:23 स.,30.0,55.91,85.91,27.32,57.32,48.86,46.49,Success
Mulshi,26/12/2025,08:30 स.,230.0,522.76,752.76,437.92,667.92,83.77,76.98,Success
Panshet,26/12/2025,07:23 स.,9.0,301.61,310.61,256.81,265.81,85.15,85.15,Success
Temghar,26/12/2025,08:30 स.,2.95,105.01,107.96,85.43,88.38,81.35,52.19,Success
Gunjawani,25/12/2025,05:44 स.,0.21,104.48,104.69,103.18,103.39,98.76,92.3,Success
Khadakwasla,25/12/2025,08:30 स.,30.0,55.91,85.91,26.26,56.26,46.97,44.69,Success
Mulshi,25/12/2025,08:00 स.,230.0,522.76,752.76,439.83,669.83,84.14,77.48,Success
Panshet,25/12/2025,08:30 स.,9.0,301.61,310.61,259.27,268.27,85.96,85.64,Success
Temghar,25/12/2025,08:00 स.,2.95,105.01,107.96,86.26,89.21,82.14,52.19,Success
Gunjawani,24/12/2025,05:51 स.,0.21,104.48,104.69,103.18,103.39,98.76,92.85,Success
Khadakwasla,24/12/2025,08:28 स.,30.0,55.91,85.91,25.9,55.9,46.32,43.89,Success
Mulshi,24/12/2025,08:00 स.,230.0,522.76,752.76,441.36,671.36,84.43,77.63,Success
Panshet,24/12/2025,08:28 स.,9.0,301.61,310.61,260.09,269.09,86.23,86.37,Success
Temghar,24/12/2025,08:00 स.,2.95,105.01,107.96,87.1,90.05,82.94,52.7,Success
Gunjawani,23/12/2025,08:00 स.,0.21,104.48,104.69,103.18,103.39,98.76,93.44,PDF Not Available
Khadakwasla,23/12/2025,08:00 स.,30.0,55.91,85.91,25.39,55.39,45.41,42.8,PDF Not Available
Mulshi,23/12/2025,08:00 स.,230.0,522.76,752.76,443.66,673.66,84.87,77.95,PDF Not Available
Panshet,23/12/2025,08:00 स.,9.0,301.61,310.61,261.46,270.46,86.69,86.71,PDF Not Available
Temghar,23/12/2025,08:00 स.,2.95,105.01,107.96,87.9,90.85,83.71,53.63,PDF Not Available
Gunjawani,22/12/2025,08:00 स.,0.21,104.48,104.69,103.18,103.39,98.76,94.03,Success
Khadakwasla,22/12/2025,08:00 स.,30.0,55.91,85.91,24.88,54.88,44.5,41.71,Success
Mulshi,22/12/2025,08:00 स.,230.0,522.76,752.76,445.96,675.96,85.31,78.27,Success
Panshet,22/12/2025,08:00 स.,9.0,301.61,310.61,262.82,271.82,87.14,87.05,Success
Temghar,22/12/2025,08:00 स.,2.95,105.01,107.96,88.69,91.64,84.46,54.56,Success
Gunjawani,21/12/2025,08:47 स.,0.21,104.48,104.69,103.18,103.39,98.76,94.62,Success
Khadakwasla,21/12/2025,08:00 स.,30.0,55.91,85.91,24.54,54.54,43.89,40.18,Success
Mulshi,21/12/2025,08:00 स.,230.0,522.76,752.76,446.72,676.72,85.45,78.63,Success
Panshet,21/12/2025,06:00 स.,9.0,301.61,310.61,264.59,273.59,87.73,88.14,Success
Temghar,21/12/2025,08:00 स.,2.95,105.01,107.96,89.54,92.49,85.27,55.51,Success
Gunjawani,20/12/2025,10:05 स.,0.21,104.48,104.69,103.83,104.04,99.38,94.62,Success
Khadakwasla,20/12/2025,08:00 स.,30.0,55.91,85.91,24.54,54.54,43.89,39.12,Success
Mulshi,20/12/2025,08:00 स.,230.0,522.76,752.76,449.02,679.02,85.89,79.2,Success
Panshet,20/12/2025,08:00 स.,9.0,301.61,310.61,265.84,274.84,88.14,88.32,Success
Temghar,20/12/2025,08:00 स.,2.95,105.01,107.96,89.98,92.93,85.69,56.55,Success
Gunjawani,19/12/2025,07:51 स.,0.21,104.48,104.69,103.18,103.39,98.76,94.62,Success
Khadakwasla,19/12/2025,08:00 स.,30.0,55.91,85.91,24.33,54.33,43.52,38.04,Success
Mulshi,19/12/2025,08:00 स.,230.0,522.76,752.76,451.32,681.32,86.33,79.99,Success
Panshet,19/12/2025,08:00 स.,9.0,301.61,310.61,267.74,276.74,88.77,88.86,Success
Temghar,19/12/2025,08:00 स.,2.95,105.01,107.96,90.3,93.25,85.99,57.37,Success
Gunjawani,18/12/2025,08:00 स.,0.21,104.48,104.69,103.4,103.61,98.97,94.82,Success
Khadakwasla,18/12/2025,08:00 स.,30.0,55.91,85.91,23.95,53.95,42.84,36.65,Success
Mulshi,18/12/2025,08:00 स.,230.0,522.76,752.76,453.61,683.61,86.77,80.5,Success
Panshet,18/12/2025,08:00 स.,9.0,301.61,310.61,269.64,278.64,89.4,89.49,Success
Temghar,18/12/2025,08:00 स.,2.95,105.01,107.96,91.15,94.1,86.8,58.26,Success
Gunjawani,17/12/2025,08:00 स.,0.21,104.48,104.69,103.61,103.82,99.17,95.01,Success
Khadakwasla,17/12/2025,08:00 स.,30.0,55.91,85.91,23.44,53.44,41.92,35.52,Success
Mulshi,17/12/2025,08:00 स.,230.0,522.76,752.76,455.55,685.55,87.14,80.86,Success
Panshet,17/12/2025,08:00 स.,9.0,301.61,310.61,271.39,280.39,89.98,89.98,Success
Temghar,17/12/2025,08:00 स.,2.95,105.01,107.96,91.92,94.87,87.53,59.2,Success
Gunjawani,16/12/2025,05:55 स.,0.21,104.48,104.69,103.83,104.04,99.38,95.21,Success
Khadakwasla,16/12/2025,08:00 स.,30.0,55.91,85.91,23.19,53.19,41.48,36.28,Success
Mulshi,16/12/2025,08:00 स.,230.0,522.76,752.76,457.49,687.49,87.51,81.08,Success
Panshet,16/12/2025,08:00 स.,9.0,301.61,310.61,273.03,282.03,90.52,90.37,Success
Temghar,16/12/2025,08:00 स.,2.95,105.01,107.96,92.69,95.64,88.27,60.06,Success
Gunjawani,15/12/2025,04:34 स.,0.21,104.48,104.69,103.83,104.04,99.38,95.21,Success
Khadakwasla,15/12/2025,08:00 स.,30.0,55.91,85.91,24.33,54.33,43.52,38.22,Success
Mulshi,15/12/2025,08:00 स.,230.0,522.76,752.76,460.21,690.21,88.03,81.44,Success
Panshet,15/12/2025,08:00 स.,9.0,301.61,310.61,273.18,282.18,90.57,90.42,Success
Temghar,15/12/2025,08:00 स.,2.95,105.01,107.96,93.46,96.41,89.0,61.05,Success
Gunjawani,14/12/2025,06:03 स.,0.21,104.48,104.69,103.83,104.04,99.38,95.8,Success
Khadakwasla,14/12/2025,07:45 स.,30.0,55.91,85.91,25.32,55.32,45.29,39.48,Success
Mulshi,14/12/2025,08:00 स.,230.0,522.76,752.76,462.15,692.15,88.41,81.66,Success
Panshet,14/12/2025,08:17 स.,9.0,301.61,310.61,273.18,282.18,90.57,90.47,Success
Temghar,14/12/2025,08:00 स.,2.95,105.01,107.96,94.32,97.27,89.82,62.03,Success
Gunjawani,13/12/2025,08:00 स.,0.21,104.48,104.69,103.83,104.04,99.38,96.39,Success
Khadakwasla,13/12/2025,08:00 स.,30.0,55.91,85.91,26.17,56.17,46.81,41.92,Success
Mulshi,13/12/2025,08:00 स.,230.0,522.76,752.76,463.31,693.31,88.63,81.95,Success
Panshet,13/12/2025,07:51 स.,9.0,301.61,310.61,273.63,282.63,90.72,90.57,Success
Temghar,13/12/2025,08:00 स.,2.95,105.01,107.96,95.1,98.05,90.56,62.91,Success
Gunjawani,12/12/2025,05:54 स.,0.21,104.48,104.69,103.83,104.04,99.38,96.98,Success
Khadakwasla,12/12/2025,08:00 स.,30.0,55.91,85.91,27.22,57.22,48.69,43.71,Success
Mulshi,12/12/2025,07:45 स.,230.0,522.76,752.76,466.03,696.03,89.15,82.31,Success
Panshet,12/12/2025,08:00 स.,9.0,301.61,310.61,273.63,282.63,90.72,90.57,Success
Temghar,12/12/2025,08:00 स.,2.95,105.01,107.96,95.74,98.69,91.17,63.83,Success
Gunjawani,11/12/2025,08:00 स.,0.21,104.48,104.69,103.83,104.04,99.38,97.28,Success
Khadakwasla,11/12/2025,07:45 स.,30.0,55.91,85.91,28.06,58.06,50.19,43.89,Success
Mulshi,11/12/2025,08:00 स.,230.0,522.76,752.76,467.58,697.58,89.44,82.6,Success
Panshet,11/12/2025,08:00 स.,9.0,301.61,310.61,273.63,282.63,90.72,90.57,Success
Temghar,11/12/2025,08:00 स.,2.95,105.01,107.96,96.52,99.47,91.92,65.02,Success
Gunjawani,10/12/2025,08:20 स.,0.21,104.48,104.69,103.83,104.04,99.38,97.57,Success
Khadakwasla,10/12/2025,08:38 स.,30.0,55.91,85.91,29.07,59.07,51.99,46.32,Success
Mulshi,10/12/2025,08:00 स.,230.0,522.76,752.76,469.52,699.52,89.82,82.82,Success
Panshet,10/12/2025,08:39 स.,9.0,301.61,310.61,274.08,283.08,90.87,90.62,Success
Temghar,10/12/2025,08:00 स.,2.95,105.01,107.96,97.31,100.26,92.67,65.6,Success
Gunjawani,09/12/2025,07:32 स.,0.21,104.48,104.69,103.83,104.04,99.38,97.57,Success
Khadakwasla,09/12/2025,07:45 स.,30.0,55.91,85.91,28.44,58.44,50.87,45.29,Success
Mulshi,09/12/2025,08:00 स.,230.0,522.76,752.76,471.84,701.84,90.26,83.26,Success
Panshet,09/12/2025,08:00 स.,9.0,301.61,310.61,274.08,283.08,90.87,91.01,Success
Temghar,09/12/2025,08:00 स.,2.95,105.01,107.96,98.79,101.74,94.08,66.89,Success
Gunjawani,08/12/2025,06:02 स.,0.21,104.48,104.69,104.48,104.69,100.0,97.57,Success
Khadakwasla,08/12/2025,07:45 स.,30.0,55.91,85.91,27.73,57.73,49.6,44.09,Success
Mulshi,08/12/2025,08:00 स.,230.0,522.76,752.76,474.59,704.59,90.79,83.33,Success
Panshet,08/12/2025,08:00 स.,9.0,301.61,310.61,274.08,283.08,90.87,91.41,Success
Temghar,08/12/2025,08:00 स.,2.95,105.01,107.96,99.49,102.44,94.74,67.48,Success
Gunjawani,07/12/2025,07:53 स.,0.21,104.48,104.69,104.48,104.69,100.0,97.57,Success
Khadakwasla,07/12/2025,07:45 स.,30.0,55.91,85.91,27.11,57.11,48.49,43.71,Success
Mulshi,07/12/2025,08:00 स.,230.0,522.76,752.76,476.17,706.17,91.09,83.4,Success
Panshet,07/12/2025,08:00 स.,9.0,301.61,310.61,274.22,283.22,90.92,92.33,Success
Temghar,07/12/2025,08:00 स.,2.95,105.01,107.96,100.28,103.23,95.5,68.34,Success
Gunjawani,06/12/2025,08:00 स.,0.21,104.48,104.69,104.48,104.69,100.0,98.78,Success
Khadakwasla,06/12/2025,07:45 स.,30.0,55.91,85.91,26.17,56.17,46.81,42.5,Success
Mulshi,06/12/2025,08:00 स.,230.0,522.76,752.76,477.75,707.75,91.39,83.77,Success
Panshet,06/12/2025,08:00 स.,9.0,301.61,310.61,274.37,283.37,90.97,92.68,Success
Temghar,06/12/2025,08:00 स.,2.95,105.01,107.96,101.08,104.03,96.26,69.21,Success
Gunjawani,05/12/2025,01:19 स.,0.21,104.48,104.69,104.48,104.69,100.0,100.0,Success
Khadakwasla,05/12/2025,07:45 स.,30.0,55.91,85.91,25.56,55.56,45.72,41.01,Success
Mulshi,05/12/2025,08:00 स.,230.0,522.76,752.76,479.33,709.33,91.69,84.43,Success
Panshet,05/12/2025,08:00 स.,9.0,301.61,310.61,274.51,283.51,91.01,93.36,Success
Temghar,05/12/2025,08:00 स.,2.95,105.01,107.96,101.71,104.66,96.86,70.43,Success
Gunjawani,04/12/2025,09:57 स.,0.21,104.48,104.69,104.48,104.69,100.0,98.17,Success
Khadakwasla,04/12/2025,07:45 स.,30.0,55.91,85.91,25.32,55.32,45.29,40.18,Success
Mulshi,04/12/2025,08:00 स.,230.0,522.76,752.76,481.3,711.3,92.07,84.58,Success
Panshet,04/12/2025,08:00 स.,9.0,301.61,310.61,274.37,283.37,90.97,93.66,Success
Temghar,04/12/2025,08:00 स.,2.95,105.01,107.96,102.26,105.21,97.38,70.81,Success
Gunjawani,03/12/2025,10:00 स.,0.21,104.48,104.69,104.48,104.69,100.0,98.17,Success
Khadakwasla,03/12/2025,06:45 स.,30.0,55.91,85.91,25.32,55.32,45.29,39.3,Success
Mulshi,03/12/2025,08:00 स.,230.0,522.76,752.76,482.88,712.88,92.37,84.94,Success
Panshet,03/12/2025,08:00 स.,9.0,301.61,310.61,274.51,283.51,91.01,94.25,Success
Temghar,03/12/2025,08:00 स.,2.95,105.01,107.96,102.35,105.3,97.47,71.7,Success
Gunjawani,02/12/2025,08:43 स.,0.21,104.48,104.69,104.48,104.69,100.0,98.17,Success
Khadakwasla,02/12/2025,07:45 स.,30.0,55.91,85.91,24.33,54.33,43.52,38.59,Success
Mulshi,02/12/2025,08:00 स.,230.0,522.76,752.76,484.86,714.86,92.75,85.38,Success
Panshet,02/12/2025,08:00 स.,9.0,301.61,310.61,275.7,284.7,91.41,94.93,Success
Temghar,02/12/2025,08:00 स.,2.95,105.01,107.96,102.5,105.45,97.61,72.83,Success
Gunjawani,01/12/2025,05:29 स.,0.21,104.48,104.69,104.48,104.69,100.0,98.17,Success
Khadakwasla,01/12/2025,07:45 स.,30.0,55.91,85.91,23.44,53.44,41.92,41.01,Success
Mulshi,01/12/2025,08:00 स.,230.0,522.76,752.76,486.83,716.83,93.13,85.53,Success
Panshet,01/12/2025,08:00 स.,9.0,301.61,310.61,277.17,286.17,91.9,95.31,Success
Temghar,01/12/2025,08:00 स.,2.95,105.01,107.96,102.59,105.54,97.7,72.95,Success
Gunjawani,30/11/2025,08:39 स.,0.21,104.48,104.69,104.48,104.69,100.0,98.17,Success
Khadakwasla,30/11/2025,07:45 स.,30.0,55.91,85.91,23.19,53.19,41.48,44.88,Success
Mulshi,30/11/2025,08:29 स.,230.0,522.76,752.76,486.44,716.44,93.05,85.75,Success
Panshet,30/11/2025,08:00 स.,9.0,301.61,310.61,278.63,287.63,92.38,95.63,Success
Temghar,30/11/2025,08:00 स.,2.95,105.01,107.96,102.69,105.64,97.79,73.11,Success
Gunjawani,29/11/2025,05:19 स.,0.21,104.48,104.69,104.48,104.69,100.0,98.17,Success
Khadakwasla,29/11/2025,07:45 स.,30.0,55.91,85.91,22.56,52.56,40.35,51.11,Success
Mulshi,29/11/2025,08:34 स.,230.0,522.76,752.76,488.02,718.02,93.35,86.11,Success
Panshet,29/11/2025,08:00 स.,9.0,301.61,310.61,280.25,289.25,92.92,95.68,Success
Temghar,29/11/2025,08:00 स.,2.95,105.01,107.96,102.78,105.73,97.88,73.27,Success
Gunjawani,28/11/2025,08:39 स.,0.21,104.48,104.69,104.48,104.69,100.0,98.17,Success
Khadakwasla,28/11/2025,07:30 स.,30.0,55.91,85.91,22.18,52.18,39.67,56.82,Success
Mulshi,28/11/2025,08:31 स.,230.0,522.76,752.76,489.99,719.99,93.73,87.0,Success
Panshet,28/11/2025,08:00 स.,9.0,301.61,310.61,282.04,291.04,93.51,95.73,Success
Temghar,28/11/2025,08:00 स.,2.95,105.01,107.96,102.88,105.83,97.97,73.38,Success
Gunjawani,27/11/2025,07:31 स.,0.21,104.48,104.69,104.48,104.69,100.0,98.17,Success
Khadakwasla,27/11/2025,08:00 स.,30.0,55.91,85.91,21.97,51.97,39.3,61.51,Success
Mulshi,27/11/2025,08:00 स.,230.0,522.76,752.76,493.16,723.16,94.34,87.0,Success
Panshet,27/11/2025,07:00 स.,9.0,301.61,310.61,283.37,292.37,93.95,95.87,Success
Temghar,27/11/2025,08:00 स.,2.95,105.01,107.96,102.97,105.92,98.06,73.62,Success
Gunjawani,26/11/2025,06:09 स.,0.21,104.48,104.69,104.48,104.69,100.0,98.76,Success
Khadakwasla,26/11/2025,07:45 स.,30.0,55.91,85.91,22.68,52.68,40.57,65.72,Success
Mulshi,26/11/2025,08:30 स.,230.0,522.76,752.76,493.97,723.97,94.49,87.37,Success
Panshet,26/11/2025,08:06 स.,9.0,301.61,310.61,285.15,294.15,94.54,95.87,Success
Temghar,26/11/2025,08:00 स.,2.95,105.01,107.96,103.11,106.06,98.19,74.21,Success
Gunjawani,25/11/2025,08:08 स.,0.21,104.48,104.69,104.48,104.69,100.0,98.76,Success
Khadakwasla,25/11/2025,08:00 स.,30.0,55.91,85.91,23.55,53.55,42.12,71.56,Success
Mulshi,25/11/2025,08:00 स.,230.0,522.76,752.76,496.38,726.38,94.95,87.37,Success
Panshet,25/11/2025,07:37 स.,9.0,301.61,310.61,286.94,295.94,95.14,95.87,Success
Temghar,25/11/2025,08:00 स.,2.95,105.01,107.96,103.2,106.15,98.28,76.09,Success
Gunjawani,24/11/2025,06:03 स.,0.21,104.48,104.69,104.48,104.69,100.0,98.76,Success
Khadakwasla,24/11/2025,07:45 स.,30.0,55.91,85.91,23.95,53.95,42.84,71.56,Success
Mulshi,24/11/2025,08:14 स.,230.0,522.76,752.76,496.78,726.78,95.03,87.51,Success
Panshet,24/11/2025,07:20 स.,9.0,301.61,310.61,288.27,297.27,95.58,95.97,Success
Temghar,24/11/2025,08:00 स.,2.95,105.01,107.96,103.3,106.25,98.37,76.09,Success
Gunjawani,23/11/2025,05:56 स.,0.21,104.48,104.69,104.48,104.69,100.0,98.76,Success
Khadakwasla,23/11/2025,07:45 स.,30.0,55.91,85.91,24.33,54.33,43.52,73.78,Success
Mulshi,23/11/2025,08:00 स.,230.0,522.76,752.76,499.6,729.6,95.57,87.44,Success
Panshet,23/11/2025,08:00 स.,9.0,301.61,310.61,289.6,298.6,96.02,95.97,Success
Temghar,23/11/2025,08:00 स.,2.95,105.01,107.96,103.39,106.34,98.46,76.93,Success
Gunjawani,22/11/2025,08:00 स.,0.21,104.48,104.69,104.48,104.69,100.0,98.76,Success
Khadakwasla,22/11/2025,07:45 स.,30.0,55.91,85.91,24.65,54.65,44.09,75.14,Success
Mulshi,22/11/2025,08:00 स.,230.0,522.76,752.76,500.81,730.81,95.8,87.74,Success
Panshet,22/11/2025,08:00 स.,9.0,301.61,310.61,291.27,300.27,96.57,96.02,Success
Temghar,22/11/2025,08:00 स.,2.95,105.01,107.96,103.49,106.44,98.55,77.78,Success
Gunjawani,21/11/2025,07:58 स.,0.21,104.48,104.69,104.48,104.69,100.0,98.76,Success
Khadakwasla,21/11/2025,08:00 स.,30.0,55.91,85.91,24.54,54.54,43.89,76.12,Success
Mulshi,21/11/2025,08:26 स.,230.0,522.76,752.76,501.62,731.62,95.96,88.33,Success
Panshet,21/11/2025,08:00 स.,9.0,301.61,310.61,292.89,301.89,97.11,95.97,Success
Temghar,21/11/2025,08:00 स.,2.95,105.01,107.96,104.25,107.2,99.28,78.72,Success
Gunjawani,20/11/2025,08:37 स.,0.21,104.48,104.69,104.48,104.69,100.0,98.76,Success
Khadakwasla,20/11/2025,07:45 स.,30.0,55.91,85.91,23.44,53.44,41.92,77.51,Success
Mulshi,20/11/2025,08:14 स.,230.0,522.76,752.76,503.23,733.23,96.26,88.48,Success
Panshet,20/11/2025,08:00 स.,9.0,301.61,310.61,294.38,303.38,97.6,96.12,Success
Temghar,20/11/2025,08:00 स.,2.95,105.01,107.96,104.25,107.2,99.28,79.58,Success
Gunjawani,19/11/2025,08:00 स.,0.21,104.48,104.69,104.48,104.69,100.0,98.76,Success
Khadakwasla,19/11/2025,07:45 स.,30.0,55.91,85.91,22.56,52.56,40.35,78.39,Success
Mulshi,19/11/2025,08:18 स.,230.0,522.76,752.76,504.84,734.84,96.57,88.78,Success
Panshet,19/11/2025,08:00 स.,9.0,301.61,310.61,296.13,305.13,98.18,96.07,Success
Temghar,19/11/2025,08:00 स.,2.95,105.01,107.96,104.25,107.2,99.28,80.44,Success
Gunjawani,18/11/2025,08:27 स.,0.21,104.48,104.69,104.48,104.69,100.0,98.76,Success
Khadakwasla,18/11/2025,07:45 स.,30.0,55.91,85.91,22.56,52.56,40.35,79.36,Success
Mulshi,18/11/2025,08:27 स.,230.0,522.76,752.76,505.64,735.64,96.73,89.07,Success
Panshet,18/11/2025,08:00 स.,9.0,301.61,310.61,297.19,306.19,98.53,96.17,Success
Temghar,18/11/2025,08:00 स.,2.95,105.01,107.96,104.25,107.2,99.28,81.31,Success
Gunjawani,17/11/2025,05:50 स.,0.21,104.48,104.69,104.48,104.69,100.0,99.38,Success
Khadakwasla,17/11/2025,07:30 स.,30.0,55.91,85.91,22.37,52.37,40.01,79.61,Success
Mulshi,17/11/2025,08:17 स.,230.0,522.76,752.76,506.85,736.85,96.96,89.22,Success
Panshet,17/11/2025,08:00 स.,9.0,301.61,310.61,299.12,308.12,99.17,96.17,Success
Temghar,17/11/2025,08:00 स.,2.95,105.01,107.96,104.63,107.58,99.64,90.3,Success
Gunjawani,16/11/2025,08:00 स.,0.21,104.48,104.69,104.48,104.69,100.0,99.38,Success
Khadakwasla,16/11/2025,07:45 स.,30.0,55.91,85.91,22.07,52.07,39.47,80.92,Success
Mulshi,16/11/2025,08:00 स.,230.0,522.76,752.76,508.86,738.86,97.34,89.22,Success
Panshet,16/11/2025,12:00 स.,9.0,301.61,310.61,301.03,310.03,99.81,96.21,Success
Temghar,16/11/2025,10:30 स.,2.95,105.01,107.96,105.01,107.96,100.0,99.28,Success
Gunjawani,15/11/2025,08:00 स.,0.21,104.48,104.69,104.48,104.69,100.0,99.38,Success
Khadakwasla,15/11/2025,08:27 स.,30.0,55.91,85.91,22.28,52.28,39.85,82.76,Success
Mulshi,15/11/2025,08:17 स.,230.0,522.76,752.76,508.86,738.86,97.34,89.74,Success
Panshet,15/11/2025,08:28 स.,9.0,301.61,310.61,301.61,310.61,100.0,96.31,Success
Temghar,15/11/2025,08:00 स.,2.95,105.01,107.96,104.25,107.2,99.28,84.08,Success
Gunjawani,14/11/2025,07:50 स.,0.21,104.48,104.69,104.48,104.69,100.0,99.38,Success
Khadakwasla,14/11/2025,08:00 स.,30.0,55.91,85.91,23.55,53.55,42.12,82.76,Success
Mulshi,14/11/2025,08:12 स.,230.0,522.76,752.76,509.67,739.67,97.5,90.11,Success
Panshet,14/11/2025,08:00 स.,9.0,301.61,310.61,301.61,310.61,100.0,96.26,Success
Temghar,14/11/2025,01:00 स.,2.95,105.01,107.96,104.25,107.2,99.28,84.97,Success
Gunjawani,13/11/2025,08:27 स.,0.21,104.48,104.69,104.48,104.69,100.0,99.38,Success
Khadakwasla,13/11/2025,07:45 स.,30.0,55.91,85.91,24.88,54.88,44.5,83.31,Success
Mulshi,13/11/2025,08:25 स.,230.0,522.76,752.76,511.28,741.28,97.8,90.33,Success
Panshet,13/11/2025,08:00 स.,9.0,301.61,310.61,301.61,310.61,100.0,96.26,Success
Temghar,13/11/2025,08:00 स.,2.95,105.01,107.96,104.96,107.91,99.95,85.86,Success
Gunjawani,12/11/2025,07:22 स.,0.21,104.48,104.69,104.48,104.69,100.0,99.38,Success
Khadakwasla,12/11/2025,07:45 स.,30.0,55.91,85.91,26.08,56.08,46.65,84.47,Success
Mulshi,12/11/2025,08:00 स.,230.0,522.76,752.76,513.3,743.3,98.19,90.33,Success
Panshet,12/11/2025,08:00 स.,9.0,301.61,310.61,301.61,310.61,100.0,96.26,Success
Temghar,12/11/2025,08:00 स.,2.95,105.01,107.96,104.96,107.91,99.95,86.67,Success
Gunjawani,11/11/2025,08:00 स.,0.21,104.48,104.69,104.48,104.69,100.0,99.38,Success
Khadakwasla,11/11/2025,07:45 स.,30.0,55.91,85.91,27.22,57.22,48.69,85.26,Success
Mulshi,11/11/2025,07:30 स.,230.0,522.76,752.76,514.94,744.94,98.5,90.79,Success
Panshet,11/11/2025,08:00 स.,9.0,301.61,310.61,301.61,310.61,100.0,96.31,Success
Temghar,11/11/2025,08:00 स.,2.95,105.01,107.96,104.96,107.91,99.95,87.62,Success
Gunjawani,10/11/2025,08:06 स.,0.21,104.48,104.69,104.48,104.69,100.0,99.38,Success
Khadakwasla,10/11/2025,07:30 स.,30.0,55.91,85.91,28.58,58.58,51.12,86.25,Success
Mulshi,10/11/2025,08:00 स.,230.0,522.76,752.76,517.48,747.48,98.99,91.24,Success
Panshet,10/11/2025,08:00 स.,9.0,301.61,310.61,301.61,310.61,100.0,96.31,Success
Temghar,10/11/2025,08:00 स.,2.95,105.01,107.96,104.96,107.91,99.95,88.52,Success
Gunjawani,09/11/2025,08:31 स.,0.21,104.48,104.69,104.48,104.69,100.0,100.0,Success
Khadakwasla,09/11/2025,08:23 स.,30.0,55.91,85.91,30.07,60.07,53.78,87.75,Success
Mulshi,09/11/2025,08:00 स.,230.0,522.76,752.76,517.96,747.96,99.08,91.54,Success
Panshet,09/11/2025,08:23 स.,9.0,301.61,310.61,301.61,310.61,100.0,96.47,Success
Temghar,09/11/2025,08:00 स.,2.95,105.01,107.96,104.96,107.91,99.95,89.35,Success
Gunjawani,08/11/2025,08:00 स.,0.21,104.48,104.69,104.48,104.69,100.0,100.0,Success
Khadakwasla,08/11/2025,08:00 स.,30.0,55.91,85.91,31.06,61.06,55.55,88.13,Success
Mulshi,08/11/2025,08:00 स.,230.0,522.76,752.76,519.4,749.4,99.36,91.84,Success
Panshet,08/11/2025,08:00 स.,9.0,301.61,310.61,301.61,310.61,100.0,96.42,Success
Temghar,08/11/2025,08:00 स.,2.95,105.01,107.96,104.96,107.91,99.95,90.26,Success
Gunjawani,07/11/2025,07:39 स.,0.21,104.48,104.69,104.48,104.69,100.0,100.0,Success
Khadakwasla,07/11/2025,08:00 स.,30.0,55.91,85.91,32.25,62.25,57.68,89.26,PDF Not Available
Mulshi,07/11/2025,08:00 स.,230.0,522.76,752.76,521.08,751.08,99.68,92.26,PDF Not Available
Panshet,07/11/2025,08:00 स.,9.0,301.61,310.61,301.61,310.61,100.0,96.44,PDF Not Available
Temghar,07/11/2025,08:00 स.,2.95,105.01,107.96,104.96,107.91,99.95,91.02,PDF Not Available
Gunjawani,06/11/2025,08:21 स.,0.21,104.48,104.69,104.48,104.69,100.0,100.0,Success
Khadakwasla,06/11/2025,08:00 स.,30.0,55.91,85.91,33.44,63.44,59.81,90.4,Success
Mulshi,06/11/2025,08:00 स.,230.0,522.76,752.76,522.76,752.76,100.0,92.67,Success
Panshet,06/11/2025,07:00 स.,9.0,301.61,310.61,301.61,310.61,100.0,96.47,Success
Temghar,06/11/2025,08:00 स.,2.95,105.01,107.96,104.96,107.91,99.95,91.79,Success
Gunjawani,05/11/2025,08:15 स.,0.21,104.48,104.69,104.48,104.69,100.0,100.0,Success
Khadakwasla,05/11/2025,07:45 स.,30.0,55.91,85.91,33.32,63.32,59.6,90.62,Success
Mulshi,05/11/2025,08:00 स.,230.0,522.76,752.76,522.76,752.76,100.0,93.05,Success
Panshet,05/11/2025,06:58 स.,9.0,301.61,310.61,301.61,310.61,100.0,96.52,Success
Temghar,05/11/2025,08:00 स.,2.95,105.01,107.96,104.96,107.91,99.95,92.62,Success
Gunjawani,04/11/2025,07:27 स.,0.21,104.48,104.69,104.48,104.69,100.0,100.0,Success
Khadakwasla,04/11/2025,07:45 स.,30.0,55.91,85.91,34.39,64.39,61.51,91.81,Success
Mulshi,04/11/2025,08:00 स.,230.0,522.76,752.76,522.76,752.76,100.0,93.58,Success
Panshet,04/11/2025,07:16 स.,9.0,301.61,310.61,301.61,310.61,100.0,96.62,Success
Temghar,04/11/2025,08:00 स.,2.95,105.01,107.96,104.96,107.91,99.95,93.59,Success
Gunjawani,03/11/2025,07:33 स.,0.21,104.48,104.69,104.48,104.69,100.0,100.0,Success
Khadakwasla,03/11/2025,07:45 स.,30.0,55.91,85.91,35.56,65.56,63.6,92.34,Success
Mulshi,03/11/2025,08:00 स.,230.0,522.76,752.76,522.76,752.76,100.0,93.88,Success
Panshet,03/11/2025,07:34 स.,9.0,301.61,310.61,301.61,310.61,100.0,96.57,Success
Temghar,03/11/2025,08:00 स.,2.95,105.01,107.96,104.96,107.91,99.95,94.43,Success
Gunjawani,02/11/2025,08:00 स.,0.21,104.48,104.69,104.48,104.69,100.0,100.0,Success
Khadakwasla,02/11/2025,08:20 स.,30.0,55.91,85.91,36.2,66.2,64.75,95.03,Success
Mulshi,02/11/2025,08:00 स.,230.0,522.76,752.76,522.76,752.76,100.0,94.95,Success
Panshet,02/11/2025,08:20 स.,9.0,301.61,310.61,301.61,310.61,100.0,96.71,Success
Temghar,02/11/2025,08:00 स.,2.95,105.01,107.96,104.96,107.91,99.95,97.38,Success
Gunjawani,01/11/2025,07:24 स.,0.21,104.48,104.69,104.48,104.69,100.0,100.0,Success
Khadakwasla,01/11/2025,08:00 स.,30.0,55.91,85.91,35.84,65.84,64.1,95.51,Success
Mulshi,01/11/2025,07:30 स.,230.0,522.76,752.76,522.76,752.76,100.0,94.95,Success
Panshet,01/11/2025,08:08 स.,9.0,301.61,310.61,301.61,310.61,100.0,96.71,Success
Temghar,01/11/2025,07:45 स.,2.95,105.01,107.96,104.96,107.91,99.95,97.38,Success
Gunjawani,31/10/2025,08:41 स.,0.21,104.48,104.69,104.48,104.69,100.0,100.0,Success
Khadakwasla,31/10/2025,08:00 स.,30.0,55.91,85.91,37.13,67.13,66.41,95.03,Success
Mulshi,31/10/2025,08:00 स.,230.0,522.76,752.76,522.76,752.76,100.0,94.95,Success
Panshet,31/10/2025,06:31 स.,9.0,301.61,310.61,301.61,310.61,100.0,96.76,Success
Temghar,31/10/2025,08:00 स.,2.95,105.01,107.96,105.01,107.96,100.0,97.38,Success
Gunjawani,30/10/2025,08:00 स.,0.21,104.48,104.69,104.48,104.69,100.0,100.0,Success
Khadakwasla,30/10/2025,07:45 स.,30.0,55.91,85.91,37.95,67.95,67.88,93.82,Success
Mulshi,30/10/2025,08:00 स.,230.0,522.76,752.76,522.76,752.76,100.0,95.11,Success
Panshet,30/10/2025,08:00 स.,9.0,301.61,310.61,301.61,310.61,100.0,97.34,Success
Temghar,30/10/2025,08:00 स.,2.95,105.01,107.96,105.01,107.96,100.0,97.74,Success
Gunjawani,29/10/2025,07:54 स.,0.21,104.48,104.69,104.48,104.69,100.0,100.0,Success
Khadakwasla,29/10/2025,08:00 स.,30.0,55.91,85.91,39.14,69.14,70.01,92.61,Success
Mulshi,29/10/2025,08:00 स.,230.0,522.76,752.76,522.76,752.76,100.0,95.57,Success
Panshet,29/10/2025,06:40 स.,9.0,301.61,310.61,301.61,310.61,100.0,97.93,Success
Temghar,29/10/2025,08:00 स.,2.95,105.01,107.96,105.01,107.96,100.0,98.24,Success
Gunjawani,28/10/2025,08:42 स.,0.21,104.48,104.69,104.48,104.69,100.0,100.0,Success
Khadakwasla,28/10/2025,07:45 स.,30.0,55.91,85.91,40.24,70.24,71.97,91.56,Success
Mulshi,28/10/2025,08:00 स.,230.0,522.76,752.76,522.76,752.76,100.0,96.19,Success
Panshet,28/10/2025,06:42 स.,9.0,301.61,310.61,301.61,310.61,100.0,98.44,Success
Temghar,28/10/2025,08:00 स.,2.95,105.01,107.96,105.01,107.96,100.0,98.42,Success
Gunjawani,27/10/2025,08:23 स.,0.21,104.48,104.69,104.48,104.69,100.0,100.0,Success
Khadakwasla,27/10/2025,08:00 स.,30.0,55.91,85.91,41.01,71.01,73.35,90.84,Success
Mulshi,27/10/2025,08:00 स.,230.0,522.76,752.76,522.76,752.76,100.0,96.65,Success
Panshet,27/10/2025,07:33 स.,9.0,301.61,310.61,301.61,310.61,100.0,98.83,Success
Temghar,27/10/2025,08:00 स.,2.95,105.01,107.96,105.01,107.96,100.0,98.51,Success
Gunjawani,26/10/2025,08:00 स.,0.21,104.48,104.69,104.48,104.69,100.0,100.0,Success
Khadakwasla,26/10/2025,08:00 स.,30.0,55.91,85.91,42.14,72.14,75.37,90.03,Success
Mulshi,26/10/2025,07:45 स.,230.0,522.76,752.76,522.76,752.76,100.0,97.03,Success
Panshet,26/10/2025,08:10 स.,9.0,301.61,310.61,301.61,310.61,100.0,99.41,Success
Temghar,26/10/2025,08:00 स.,2.95,105.01,107.96,105.01,107.96,100.0,98.69,Success
Gunjawani,25/10/2025,09:09 स.,0.21,104.48,104.69,104.48,104.69,100.0,100.0,Success
Khadakwasla,25/10/2025,08:00 स.,30.0,55.91,85.91,43.21,73.21,77.28,88.99,Success
Mulshi,25/10/2025,08:00 स.,230.0,522.76,752.76,522.76,752.76,100.0,97.34,Success
Panshet,25/10/2025,08:00 स.,9.0,301.61,310.61,301.61,310.61,100.0,99.61,Success
Temghar,25/10/2025,08:00 स.,2.95,105.01,107.96,105.01,107.96,100.0,98.78,Success
Gunjawani,24/10/2025,07:39 स.,0.21,104.48,104.69,104.48,104.69,100.0,100.0,Success
Khadakwasla,24/10/2025,08:00 स.,30.0,55.91,85.91,44.23,74.23,79.11,87.94,Success
Mulshi,24/10/2025,08:00 स.,230.0,522.76,752.76,522.76,752.76,100.0,97.88,Success
Panshet,24/10/2025,08:00 स.,9.0,301.61,310.61,301.61,310.61,100.0,100.0,Success
Temghar,24/10/2025,08:00 स.,2.95,105.01,107.96,105.01,107.96,100.0,99.0,Success
Gunjawani,23/10/2025,08:39 स.,0.21,104.48,104.69,104.48,104.69,100.0,100.0,Success
Khadakwasla,23/10/2025,08:16 स.,30.0,55.91,85.91,45.53,75.53,81.43,86.5,Success
Mulshi,23/10/2025,08:00 स.,230.0,522.76,752.76,522.76,752.76,100.0,98.43,Success
Panshet,23/10/2025,08:16 स.,9.0,301.61,310.61,301.61,310.61,100.0,100.0,Success
Temghar,23/10/2025,08:00 स.,2.95,105.01,107.96,105.01,107.96,100.0,99.09,Success
Gunjawani,22/10/2025,07:08 स.,0.21,104.48,104.69,104.48,104.69,100.0,100.0,Success
Khadakwasla,22/10/2025,07:45 स.,30.0,55.91,85.91,46.37,76.37,82.94,86.01,Success
Mulshi,22/10/2025,08:00 स.,230.0,522.76,752.76,522.76,752.76,100.0,98.74,Success
Panshet,22/10/2025,08:00 स.,9.0,301.61,310.61,301.61,310.61,100.0,100.0,Success
Temghar,22/10/2025,08:00 स.,2.95,105.01,107.96,105.01,107.96,100.0,99.27,Success
Gunjawani,21/10/2025,06:54 स.,0.21,104.48,104.69,104.48,104.69,100.0,100.0,Success
Khadakwasla,21/10/2025,07:12 स.,30.0,55.91,85.91,47.82,77.82,85.53,89.23,Success
Mulshi,21/10/2025,08:00 स.,230.0,522.76,752.76,522.76,752.76,100.0,99.37,Success
Panshet,21/10/2025,07:12 स.,9.0,301.61,310.61,301.61,310.61,100.0,100.0,Success
Temghar,21/10/2025,08:00 स.,2.95,105.01,107.96,105.01,107.96,100.0,99.64,Success
Gunjawani,20/10/2025,07:50 स.,0.21,104.48,104.69,104.48,104.69,100.0,100.0,Success
Khadakwasla,20/10/2025,08:00 स.,30.0,55.91,85.91,48.78,78.78,87.25,89.43,Success
Mulshi,20/10/2025,05:45 स.,230.0,522.76,752.76,522.76,752.76,100.0,100.0,Success
Panshet,20/10/2025,08:00 स.,9.0,301.61,310.61,301.61,310.61,100.0,100.0,Success
Temghar,20/10/2025,05:45 स.,2.95,105.01,107.96,105.01,107.96,100.0,100.0,Success
Gunjawani,19/10/2025,07:31 स.,0.21,104.48,104.69,104.48,104.69,100.0,100.0,Success
Khadakwasla,19/10/2025,08:00 स.,30.0,55.91,85.91,49.89,79.89,89.23,90.84,Success
Mulshi,19/10/2025,08:00 स.,230.0,522.76,752.76,522.76,752.76,100.0,99.54,Success
Panshet,19/10/2025,08:00 स.,9.0,301.61,310.61,301.61,310.61,100.0,100.0,Success
Temghar,19/10/2025,08:00 स.,2.95,105.01,107.96,105.01,107.96,100.0,99.55,Success
Gunjawani,18/10/2025,07:17 स.,0.21,104.48,104.69,104.48,104.69,100.0,100.0,Success
Khadakwasla,18/10/2025,08:25 स.,30.0,55.91,85.91,50.91,80.91,91.06,93.82,Success
Mulshi,18/10/2025,08:00 स.,230.0,522.76,752.76,522.76,752.76,100.0,99.54,Success
Panshet,18/10/2025,08:26 स.,9.0,301.61,310.61,301.61,310.61,100.0,100.0,Success
Temghar,18/10/2025,08:00 स.,2.95,105.01,107.96,105.01,107.96,100.0,99.59,Success
Gunjawani,17/10/2025,07:20 स.,0.21,104.48,104.69,104.48,104.69,100.0,100.0,Success
Khadakwasla,17/10/2025,08:00 स.,30.0,55.91,85.91,52.17,82.17,93.31,93.31,Success
Mulshi,17/10/2025,08:29 स.,230.0,522.76,752.76,522.76,752.76,100.0,100.0,Success
Panshet,17/10/2025,08:00 स.,9.0,301.61,310.61,301.61,310.61,100.0,100.0,Success
Temghar,17/10/2025,08:00 स.,2.95,105.01,107.96,105.01,107.96,100.0,99.68,Success
Gunjawani,16/10/2025,08:00 स.,0.21,104.48,104.69,104.48,104.69,100.0,100.0,PDF Not Available
Khadakwasla,16/10/2025,08:00 स.,30.0,55.91,85.91,53.1,83.1,94.97,93.08,PDF Not Available
Mulshi,16/10/2025,08:00 स.,230.0,522.76,752.76,522.76,752.76,100.0,100.0,PDF Not Available
Panshet,16/10/2025,08:00 स.,9.0,301.61,310.61,301.61,310.61,100.0,100.0,PDF Not Available
Temghar,16/10/2025,08:00 स.,2.95,105.01,107.96,105.01,107.96,100.0,99.77,PDF Not Available
Gunjawani,15/10/2025,07:36 स.,0.21,104.48,104.69,104.48,104.69,100.0,100.0,Success
Khadakwasla,15/10/2025,07:45 स.,30.0,55.91,85.91,54.03,84.03,96.64,92.85,Success
Mulshi,15/10/2025,08:00 स.,230.0,522.76,752.76,522.76,752.76,100.0,100.0,Success
Panshet,15/10/2025,08:00 स.,9.0,301.61,310.61,301.61,310.61,100.0,100.0,Success
Temghar,15/10/2025,08:00 स.,2.95,105.01,107.96,105.01,107.96,100.0,99.86,Success
Gunjawani,14/10/2025,07:30 स.,0.21,104.48,104.69,104.48,104.69,100.0,100.0,Success
Khadakwasla,14/10/2025,07:00 स.,30.0,55.91,85.91,53.77,83.77,96.17,94.08,Success
Mulshi,14/10/2025,08:22 स.,230.0,522.76,752.76,522.76,752.76,100.0,100.0,Success
Panshet,14/10/2025,07:00 स.,9.0,301.61,310.61,301.61,310.61,100.0,100.0,Success
Temghar,14/10/2025,07:00 स.,2.95,105.01,107.96,105.01,107.96,100.0,100.0,Success
Gunjawani,13/10/2025,07:41 स.,0.21,104.48,104.69,104.48,104.69,100.0,100.0,Success
Khadakwasla,13/10/2025,07:45 स.,30.0,55.91,85.91,53.13,83.13,95.03,95.03,Success
Mulshi,13/10/2025,08:18 स.,230.0,522.76,752.76,522.76,752.76,100.0,100.0,Success
Panshet,13/10/2025,08:00 स.,9.0,301.61,310.61,301.61,310.61,100.0,100.0,Success
Temghar,13/10/2025,08:00 स.,2.95,105.01,107.96,105.01,107.96,100.0,100.0,Success
Gunjawani,12/10/2025,07:31 स.,0.21,104.48,104.69,104.48,104.69,100.0,100.0,Success
Khadakwasla,12/10/2025,06:30 स.,30.0,55.91,85.91,53.13,83.13,95.03,96.64,Success
Mulshi,12/10/2025,08:19 स.,230.0,522.76,752.76,522.76,752.76,100.0,100.0,Success
Panshet,12/10/2025,08:00 स.,9.0,301.61,310.61,301.61,310.61,100.0,100.0,Success
Temghar,12/10/2025,08:00 स.,2.95,105.01,107.96,105.01,107.96,100.0,100.0,Success
Gunjawani,11/10/2025,06:59 स.,0.21,104.48,104.69,104.48,104.69,100.0,100.0,Success
Khadakwasla,11/10/2025,08:00 स.,30.0,55.91,85.91,53.0,83.0,94.8,97.36,Success
Mulshi,11/10/2025,08:00 स.,230.0,522.76,752.76,522.76,752.76,100.0,100.0,Success
Panshet,11/10/2025,08:11 स.,9.0,301.61,310.61,301.61,310.61,100.0,100.0,Success
Temghar,11/10/2025,08:00 स.,2.95,105.01,107.96,105.01,107.96,100.0,100.0,Success
Gunjawani,10/10/2025,08:00 स.,0.21,104.48,104.69,104.48,104.69,100.0,100.0,Success
Khadakwasla,10/10/2025,07:45 स.,30.0,55.91,85.91,53.9,83.9,96.4,94.8,Success
Mulshi,10/10/2025,07:30 स.,230.0,522.76,752.76,522.76,752.76,100.0,100.0,Success
Panshet,10/10/2025,07:38 स.,9.0,301.61,310.61,301.61,310.61,100.0,100.0,Success
Temghar,10/10/2025,08:00 स.,2.95,105.01,107.96,105.01,107.96,100.0,100.0,Success
Gunjawani,09/10/2025,07:53 स.,0.21,104.48,104.69,104.48,104.69,100.0,100.0,Success
Khadakwasla,09/10/2025,07:45 स.,30.0,55.91,85.91,54.16,84.16,96.87,94.08,Success
Mulshi,09/10/2025,08:00 स.,230.0,522.76,752.76,522.76,752.76,100.0,100.0,Success
Panshet,09/10/2025,07:55 स.,9.0,301.61,310.61,301.61,310.61,100.0,100.0,Success
Temghar,09/10/2025,08:00 स.,2.95,105.01,107.96,105.01,107.96,100.0,100.0,Success
Gunjawani,08/10/2025,06:37 स.,0.21,104.48,104.69,104.48,104.69,100.0,100.0,Success
Khadakwasla,08/10/2025,07:30 स.,30.0,55.91,85.91,54.57,84.57,97.6,95.51,Success
Mulshi,08/10/2025,08:00 स.,230.0,522.76,752.76,522.76,752.76,100.0,100.0,Success
Panshet,08/10/2025,07:50 स.,9.0,301.61,310.61,301.61,310.61,100.0,100.0,Success
Temghar,08/10/2025,08:00 स.,2.95,105.01,107.96,105.01,107.96,100.0,100.0,Success
Gunjawani,07/10/2025,07:05 स.,0.21,104.48,104.69,104.48,104.69,100.0,100.0,Success
Khadakwasla,07/10/2025,08:00 स.,30.0,55.91,85.91,55.3,85.3,98.91,96.4,Success
Mulshi,07/10/2025,08:00 स.,230.0,522.76,752.76,522.76,752.76,100.0,100.0,Success
Panshet,07/10/2025,07:44 स.,9.0,301.61,310.61,301.61,310.61,100.0,100.0,Success
Temghar,07/10/2025,08:00 स.,2.95,105.01,107.96,105.01,107.96,100.0,100.0,Success
Gunjawani,06/10/2025,06:31 स.,0.21,104.48,104.69,104.48,104.69,100.0,100.0,Success
Khadakwasla,06/10/2025,07:45 स.,30.0,55.91,85.91,55.75,85.75,99.71,97.36,Success
Mulshi,06/10/2025,08:26 स.,230.0,522.76,752.76,522.76,752.76,100.0,100.0,Success
Panshet,06/10/2025,07:37 स.,9.0,301.61,310.61,301.61,310.61,100.0,100.0,Success
Temghar,06/10/2025,08:00 स.,2.95,105.01,107.96,105.01,107.96,100.0,100.0,Success
Gunjawani,05/10/2025,07:30 स.,0.21,104.48,104.69,104.48,104.69,100.0,100.0,Success
Khadakwasla,05/10/2025,07:45 स.,30.0,55.91,85.91,55.3,85.3,98.91,99.44,Success
Mulshi,05/10/2025,08:22 स.,230.0,522.76,752.76,522.76,752.76,100.0,100.0,Success
Panshet,05/10/2025,08:00 स.,9.0,301.61,310.61,301.61,310.61,100.0,100.0,Success
Temghar,05/10/2025,07:45 स.,2.95,105.01,107.96,105.01,107.96,100.0,100.0,Success
Gunjawani,04/10/2025,08:00 स.,0.21,104.48,104.69,104.48,104.69,100.0,100.0,Success
Khadakwasla,04/10/2025,07:45 स.,30.0,55.91,85.91,55.3,85.3,98.91,100.0,Success
Mulshi,04/10/2025,08:18 स.,230.0,522.76,752.76,522.76,752.76,100.0,100.0,Success
Panshet,04/10/2025,07:56 स.,9.0,301.61,310.61,301.61,310.61,100.0,100.0,Success
Temghar,04/10/2025,08:00 स.,2.95,105.01,107.96,105.01,107.96,100.0,100.0,Success
Gunjawani,03/10/2025,10:23 स.,0.21,104.48,104.69,104.48,104.69,100.0,100.0,Success
Khadakwasla,03/10/2025,07:30 स.,30.0,55.91,85.91,54.57,84.57,97.6,100.0,Success
Mulshi,03/10/2025,08:18 स.,230.0,522.76,752.76,522.76,752.76,100.0,100.0,Success
Panshet,03/10/2025,07:32 स.,9.0,301.61,310.61,301.61,310.61,100.0,100.0,Success
Temghar,03/10/2025,08:00 स.,2.95,105.01,107.96,105.01,107.96,100.0,100.0,Success
Gunjawani,02/10/2025,08:23 स.,0.21,104.48,104.69,104.48,104.69,100.0,100.0,Success
Khadakwasla,02/10/2025,07:15 स.,30.0,55.91,85.91,55.75,85.75,99.71,99.44,Success
Mulshi,02/10/2025,08:39 स.,230.0,522.76,752.76,522.76,752.76,100.0,100.0,Success
Panshet,02/10/2025,08:00 स.,9.0,301.61,310.61,301.61,310.61,100.0,100.0,Success
Temghar,02/10/2025,08:00 स.,2.95,105.01,107.96,105.01,107.96,100.0,100.0,Success
Gunjawani,01/10/2025,08:10 स.,0.21,104.48,104.69,104.48,104.69,100.0,100.0,Success
Khadakwasla,01/10/2025,07:45 स.,30.0,55.91,85.91,55.91,85.91,100.0,99.72,Success
Mulshi,01/10/2025,08:18 स.,230.0,522.76,752.76,522.76,752.76,100.0,100.0,Success
Panshet,01/10/2025,07:14 स.,9.0,301.61,310.61,301.61,310.61,100.0,100.0,Success
Temghar,01/10/2025,07:45 स.,2.95,105.01,107.96,105.01,107.96,100.0,100.0,Success
Gunjawani,30/09/2025,05:22 स.,0.21,104.48,104.69,104.48,104.69,100.0,100.0,Success
Khadakwasla,30/09/2025,07:30 स.,30.0,55.91,85.91,53.52,83.52,95.73,100.0,Success
Mulshi,30/09/2025,08:11 स.,230.0,522.76,752.76,522.76,752.76,100.0,100.0,Success
Panshet,30/09/2025,07:45 स.,9.0,301.61,310.61,301.61,310.61,100.0,100.0,Success
Temghar,30/09/2025,08:00 स.,2.95,105.01,107.96,105.01,107.96,100.0,100.0,Success
Gunjawani,29/09/2025,08:33 स.,0.21,104.48,104.69,103.83,104.04,99.38,100.0,Success
Khadakwasla,29/09/2025,07:30 स.,30.0,55.91,85.91,50.44,80.44,90.22,98.14,Success
Mulshi,29/09/2025,07:45 स.,230.0,522.76,752.76,522.76,752.76,100.0,100.0,Success
Panshet,29/09/2025,07:00 स.,9.0,301.61,310.61,301.5,310.5,99.96,100.0,Success
Temghar,29/09/2025,08:00 स.,2.95,105.01,107.96,105.01,107.96,100.0,100.0,Success
Gunjawani,28/09/2025,07:02 स.,0.21,104.48,104.69,103.83,104.04,99.38,100.0,Success
Khadakwasla,28/09/2025,07:45 स.,30.0,55.91,85.91,50.33,80.33,90.02,97.6,Success
Mulshi,28/09/2025,08:17 स.,230.0,522.76,752.76,522.76,752.76,100.0,100.0,Success
Panshet,28/09/2025,07:00 स.,9.0,301.61,310.61,300.58,309.58,99.66,100.0,Success
Temghar,28/09/2025,07:45 स.,2.95,105.01,107.96,105.01,107.96,100.0,100.0,Success
Gunjawani,27/09/2025,04:59 स.,0.21,104.48,104.69,104.48,104.69,100.0,100.0,Success
Khadakwasla,27/09/2025,07:30 स.,30.0,55.91,85.91,53.52,83.52,95.73,96.87,Success
Mulshi,27/09/2025,08:22 स.,230.0,522.76,752.76,522.76,752.76,100.0,100.0,Success
Panshet,27/09/2025,07:00 स.,9.0,301.61,310.61,301.61,310.61,100.0,100.0,Success
Temghar,27/09/2025,07:45 स.,2.95,105.01,107.96,105.01,107.96,100.0,100.0,Success
Gunjawani,26/09/2025,08:26 स.,0.21,104.48,104.69,104.48,104.69,100.0,100.0,Success
Khadakwasla,26/09/2025,08:44 स.,30.0,55.91,85.91,54.16,84.16,96.87,88.13,Success
Mulshi,26/09/2025,08:20 स.,230.0,522.76,752.76,522.76,752.76,100.0,100.0,Success
Panshet,26/09/2025,08:45 स.,9.0,301.61,310.61,301.61,310.61,100.0,100.0,Success
Temghar,26/09/2025,07:45 स.,2.95,105.01,107.96,105.01,107.96,100.0,100.0,Success
Gunjawani,25/09/2025,08:14 स.,0.21,104.48,104.69,104.48,104.69,100.0,100.0,Success
Khadakwasla,25/09/2025,07:30 स.,30.0,55.91,85.91,53.4,83.4,95.51,91.31,Success
Mulshi,25/09/2025,08:17 स.,230.0,522.76,752.76,522.76,752.76,100.0,100.0,Success
Panshet,25/09/2025,07:45 स.,9.0,301.61,310.61,301.61,310.61,100.0,100.0,Success
Temghar,25/09/2025,07:45 स.,2.95,105.01,107.96,105.01,107.96,100.0,100.0,Success
Gunjawani,24/09/2025,08:05 स.,0.21,104.48,104.69,104.48,104.69,100.0,100.0,Success
Khadakwasla,24/09/2025,06:45 स.,30.0,55.91,85.91,53.13,83.13,95.03,90.21,Success
Mulshi,24/09/2025,08:25 स.,230.0,522.76,752.76,522.76,752.76,100.0,100.0,Success
Panshet,24/09/2025,07:45 स.,9.0,301.61,310.61,301.61,310.61,100.0,100.0,Success
Temghar,24/09/2025,07:45 स.,2.95,105.01,107.96,105.01,107.96,100.0,100.0,Success
Gunjawani,23/09/2025,07:40 स.,0.21,104.48,104.69,104.48,104.69,100.0,100.0,Success
Khadakwasla,23/09/2025,08:24 स.,30.0,55.91,85.91,53.4,83.4,95.51,87.94,Success
Mulshi,23/09/2025,08:21 स.,230.0,522.76,752.76,522.76,752.76,100.0,100.0,Success
Panshet,23/09/2025,08:25 स.,9.0,301.61,310.61,301.61,310.61,100.0,100.0,Success
Temghar,23/09/2025,08:00 स.,2.95,105.01,107.96,105.01,107.96,100.0,100.0,Success
Gunjawani,22/09/2025,08:11 स.,0.21,104.48,104.69,104.48,104.69,100.0,100.0,Success
Khadakwasla,22/09/2025,07:15 स.,30.0,55.91,85.91,54.72,84.72,97.87,87.75,Success
Mulshi,22/09/2025,08:17 स.,230.0,522.76,752.76,522.76,752.76,100.0,100.0,Success
Panshet,22/09/2025,08:00 स.,9.0,301.61,310.61,301.61,310.61,100.0,100.0,Success
Temghar,22/09/2025,08:00 स.,2.95,105.01,107.96,105.01,107.96,100.0,100.0,Success
Gunjawani,21/09/2025,06:48 स.,0.21,104.48,104.69,104.48,104.69,100.0,100.0,Success
Khadakwasla,21/09/2025,07:45 स.,30.0,55.91,85.91,55.44,85.44,99.16,88.99,Success
Mulshi,21/09/2025,08:19 स.,230.0,522.76,752.76,522.76,752.76,100.0,100.0,Success
Panshet,21/09/2025,08:00 स.,9.0,301.61,310.61,301.5,310.5,99.96,100.0,Success
Temghar,21/09/2025,08:00 स.,2.95,105.01,107.96,105.01,107.96,100.0,100.0,Success
Gunjawani,20/09/2025,07:32 स.,0.21,104.48,104.69,104.48,104.69,100.0,100.0,Success
Khadakwasla,20/09/2025,07:45 स.,30.0,55.91,85.91,54.16,84.16,96.87,90.84,Success
Mulshi,20/09/2025,08:27 स.,230.0,522.76,752.76,522.76,752.76,100.0,100.0,Success
Panshet,20/09/2025,08:00 स.,9.0,301.61,310.61,301.5,310.5,99.96,100.0,Success
Temghar,20/09/2025,08:00 स.,2.95,105.01,107.96,105.01,107.96,100.0,100.0,Success
Gunjawani,19/09/2025,07:04 स.,0.21,104.48,104.69,103.83,104.04,99.38,100.0,Success
Khadakwasla,19/09/2025,08:24 स.,30.0,55.91,85.91,55.02,85.02,98.41,92.34,Success
Mulshi,19/09/2025,08:00 स.,230.0,522.76,752.76,522.76,752.76,100.0,100.0,Success
Panshet,19/09/2025,08:24 स.,9.0,301.61,310.61,301.61,310.61,100.0,100.0,Success
Temghar,19/09/2025,08:00 स.,2.95,105.01,107.96,105.01,107.96,100.0,100.0,Success
Gunjawani,18/09/2025,07:13 स.,0.21,104.48,104.69,103.18,103.39,98.76,100.0,Success
Khadakwasla,18/09/2025,10:30 स.,30.0,55.91,85.91,53.4,83.4,95.51,92.08,Success
Mulshi,18/09/2025,11:00 स.,230.0,522.76,752.76,522.76,752.76,100.0,100.0,Success
Panshet,18/09/2025,10:00 स.,9.0,301.61,310.61,301.61,310.61,100.0,100.0,Success
Temghar,18/09/2025,11:00 स.,2.95,105.01,107.96,105.01,107.96,100.0,100.0,Success
Gunjawani,17/09/2025,07:35 स.,0.21,104.48,104.69,103.83,104.04,99.38,100.0,Success
Khadakwasla,17/09/2025,07:30 स.,30.0,55.91,85.91,52.6,82.6,94.08,93.31,Success
Mulshi,17/09/2025,08:18 स.,230.0,522.76,752.76,522.76,752.76,100.0,100.0,Success
Panshet,17/09/2025,08:00 स.,9.0,301.61,310.61,301.61,310.61,100.0,100.0,Success
Temghar,17/09/2025,08:00 स.,2.95,105.01,107.96,105.01,107.96,100.0,100.0,Success
Gunjawani,16/09/2025,07:39 स.,0.21,104.48,104.69,103.83,104.04,99.38,100.0,Success
Khadakwasla,16/09/2025,07:45 स.,30.0,55.91,85.91,52.6,82.6,94.08,99.44,Success
Mulshi,16/09/2025,08:17 स.,230.0,522.76,752.76,522.76,752.76,100.0,100.0,Success
Panshet,16/09/2025,08:00 स.,9.0,301.61,310.61,300.73,309.73,99.71,100.0,Success
Temghar,16/09/2025,07:45 स.,2.95,105.01,107.96,105.01,107.96,100.0,100.0,Success
Gunjawani,15/09/2025,07:05 स.,0.21,104.48,104.69,103.83,104.04,99.38,100.0,Success
Khadakwasla,15/09/2025,08:29 स.,30.0,55.91,85.91,55.02,85.02,98.41,98.41,Success
Mulshi,15/09/2025,07:45 स.,230.0,522.76,752.76,522.76,752.76,100.0,100.0,Success
Panshet,15/09/2025,08:29 स.,9.0,301.61,310.61,301.61,310.61,100.0,100.0,Success
Temghar,15/09/2025,07:45 स.,2.95,105.01,107.96,105.01,107.96,100.0,100.0,Success
Gunjawani,14/09/2025,07:24 स.,0.21,104.48,104.69,103.18,103.39,98.76,100.0,Success
Khadakwasla,14/09/2025,08:00 स.,30.0,55.91,85.91,54.16,84.16,96.87,99.72,Success
Mulshi,14/09/2025,08:28 स.,230.0,522.76,752.76,522.76,752.76,100.0,100.0,Success
Panshet,14/09/2025,08:00 स.,9.0,301.61,310.61,301.61,310.61,100.0,99.96,Success
Temghar,14/09/2025,08:00 स.,2.95,105.01,107.96,105.01,107.96,100.0,100.0,Success
Gunjawani,13/09/2025,07:11 स.,0.21,104.48,104.69,103.18,103.39,98.76,100.0,Success
Khadakwasla,13/09/2025,08:00 स.,30.0,55.91,85.91,53.52,83.52,95.73,97.87,Success
Mulshi,13/09/2025,07:45 स.,230.0,522.76,752.76,522.76,752.76,100.0,100.0,Success
Panshet,13/09/2025,07:00 स.,9.0,301.61,310.61,301.61,310.61,100.0,99.96,Success
Temghar,13/09/2025,08:00 स.,2.95,105.01,107.96,105.01,107.96,100.0,100.0,Success
Gunjawani,12/09/2025,08:27 स.,0.21,104.48,104.69,103.18,103.39,98.76,100.0,Success
Khadakwasla,12/09/2025,07:45 स.,30.0,55.91,85.91,53.4,83.4,95.51,98.66,Success
Mulshi,12/09/2025,08:24 स.,230.0,522.76,752.76,522.76,752.76,100.0,100.0,Success
Panshet,12/09/2025,08:00 स.,9.0,301.61,310.61,301.61,310.61,100.0,99.93,Success
Temghar,12/09/2025,08:00 स.,2.95,105.01,107.96,105.01,107.96,100.0,100.0,Success
Gunjawani,11/09/2025,07:18 स.,0.21,104.48,104.69,103.18,103.39,98.76,100.0,Success
Khadakwasla,11/09/2025,07:45 स.,30.0,55.91,85.91,54.87,84.87,98.14,99.16,Success
Mulshi,11/09/2025,08:18 स.,230.0,522.76,752.76,522.76,752.76,100.0,100.0,Success
Panshet,11/09/2025,08:00 स.,9.0,301.61,310.61,301.61,310.61,100.0,100.0,Success
Temghar,11/09/2025,08:00 स.,2.95,105.01,107.96,105.01,107.96,100.0,100.0,Success
Gunjawani,10/09/2025,07:05 स.,0.21,104.48,104.69,103.18,103.39,98.76,100.0,Success
Khadakwasla,10/09/2025,08:00 स.,30.0,55.91,85.91,55.3,85.3,98.91,98.91,Success
Mulshi,10/09/2025,08:18 स.,230.0,522.76,752.76,522.76,752.76,100.0,100.0,Success
Panshet,10/09/2025,08:00 स.,9.0,301.61,310.61,301.61,310.61,100.0,100.0,Success
Temghar,10/09/2025,08:00 स.,2.95,105.01,107.96,105.01,107.96,100.0,100.0,Success
Gunjawani,09/09/2025,08:00 स.,0.21,104.48,104.69,103.18,103.39,98.76,100.0,Success
Khadakwasla,09/09/2025,07:45 स.,30.0,55.91,85.91,54.72,84.72,97.87,95.27,Success
Mulshi,09/09/2025,08:38 स.,230.0,522.76,752.76,522.76,752.76,100.0,100.0,Success
Panshet,09/09/2025,08:00 स.,9.0,301.61,310.61,301.18,310.18,99.86,99.81,Success
Temghar,09/09/2025,08:00 स.,2.95,105.01,107.96,105.01,107.96,100.0,100.0,Success
Gunjawani,08/09/2025,08:09 स.,0.21,104.48,104.69,103.18,103.39,98.76,100.0,Success
Khadakwasla,08/09/2025,07:45 स.,30.0,55.91,85.91,54.43,84.43,97.35,88.52,Success
Mulshi,08/09/2025,08:13 स.,230.0,522.76,752.76,522.76,752.76,100.0,100.0,Success
Panshet,08/09/2025,07:00 स.,9.0,301.61,310.61,301.61,310.61,100.0,99.93,Success
Temghar,08/09/2025,07:45 स.,2.95,105.01,107.96,105.01,107.96,100.0,100.0,Success
Gunjawani,07/09/2025,08:07 स.,0.21,104.48,104.69,101.95,102.16,97.58,100.0,Success
Khadakwasla,07/09/2025,07:45 स.,30.0,55.91,85.91,55.02,85.02,98.41,82.76,Success
Mulshi,07/09/2025,08:21 स.,230.0,522.76,752.76,522.76,752.76,100.0,100.0,Success
Panshet,07/09/2025,08:00 स.,9.0,301.61,310.61,301.61,310.61,100.0,99.81,Success
Temghar,07/09/2025,08:00 स.,2.95,105.01,107.96,105.01,107.96,100.0,100.0,Success
Gunjawani,06/09/2025,08:38 स.,0.21,104.48,104.69,101.33,101.54,96.99,99.38,Success
Khadakwasla,06/09/2025,08:00 स.,30.0,55.91,85.91,55.3,85.3,98.91,84.21,Success
Mulshi,06/09/2025,08:17 स.,230.0,522.76,752.76,522.76,752.76,100.0,100.0,Success
Panshet,06/09/2025,08:00 स.,9.0,301.61,310.61,301.61,310.61,100.0,99.76,Success
Temghar,06/09/2025,08:00 स.,2.95,105.01,107.96,105.01,107.96,100.0,100.0,Success
Gunjawani,05/09/2025,07:55 स.,0.21,104.48,104.69,100.71,100.92,96.39,98.17,Success
Khadakwasla,05/09/2025,07:45 स.,30.0,55.91,85.91,55.16,85.16,98.66,94.8,Success
Mulshi,05/09/2025,08:26 स.,230.0,522.76,752.76,522.76,752.76,100.0,100.0,Success
Panshet,05/09/2025,08:00 स.,9.0,301.61,310.61,301.61,310.61,100.0,100.0,Success
Temghar,05/09/2025,08:00 स.,2.95,105.01,107.96,105.01,107.96,100.0,100.0,Success
Gunjawani,04/09/2025,08:07 स.,0.21,104.48,104.69,100.71,100.92,96.39,96.39,Success
Khadakwasla,04/09/2025,07:45 स.,30.0,55.91,85.91,54.57,84.57,97.6,94.32,Success
Mulshi,04/09/2025,08:00 स.,230.0,522.76,752.76,522.76,752.76,100.0,100.0,Success
Panshet,04/09/2025,08:00 स.,9.0,301.61,310.61,301.5,310.5,99.96,99.17,Success
Temghar,04/09/2025,08:00 स.,2.95,105.01,107.96,105.01,107.96,100.0,100.0,Success
Gunjawani,03/09/2025,06:42 स.,0.21,104.48,104.69,100.1,100.31,95.81,96.39,Success
Khadakwasla,03/09/2025,08:00 स.,30.0,55.91,85.91,52.31,82.31,93.56,93.57,Success
Mulshi,03/09/2025,08:26 स.,230.0,522.76,752.76,522.76,752.76,100.0,100.0,Success
Panshet,03/09/2025,07:00 स.,9.0,301.61,310.61,301.5,310.5,99.96,99.08,Success
Temghar,03/09/2025,07:45 स.,2.95,105.01,107.96,105.01,107.96,100.0,100.0,Success
Gunjawani,02/09/2025,07:41 स.,0.21,104.48,104.69,100.1,100.31,95.81,96.39,Success
Khadakwasla,02/09/2025,07:19 स.,30.0,55.91,85.91,49.89,79.89,89.23,92.85,Success
Mulshi,02/09/2025,08:00 स.,230.0,522.76,752.76,522.76,752.76,100.0,100.0,Success
Panshet,02/09/2025,07:00 स.,9.0,301.61,310.61,300.28,309.28,99.56,98.83,Success
Temghar,02/09/2025,08:00 स.,2.95,105.01,107.96,105.01,107.96,100.0,100.0,Success
Gunjawani,01/09/2025,08:00 स.,0.21,104.48,104.69,100.1,100.31,95.81,96.39,Success
Khadakwasla,01/09/2025,08:00 स.,30.0,55.91,85.91,47.34,77.34,84.67,90.18,Success
Mulshi,01/09/2025,08:00 स.,230.0,522.76,752.76,522.76,752.76,100.0,100.0,Success
Panshet,01/09/2025,08:00 स.,9.0,301.61,310.61,299.54,308.54,99.31,98.83,Success
Temghar,01/09/2025,08:00 स.,2.95,105.01,107.96,105.01,107.96,100.0,100.0,Success
Gunjawani,31/08/2025,06:18 स.,0.21,104.48,104.69,100.1,100.31,95.81,96.39,Success
Khadakwasla,31/08/2025,10:15 स.,30.0,55.91,85.91,44.8,74.8,80.13,87.5,Success
Mulshi,31/08/2025,08:00 स.,230.0,522.76,752.76,522.76,752.76,100.0,100.0,Success
Panshet,31/08/2025,08:29 स.,9.0,301.61,310.61,298.98,307.98,99.13,98.83,Success
Temghar,31/08/2025,08:00 स.,2.95,105.01,107.96,105.01,107.96,100.0,100.0,Success
Gunjawani,30/08/2025,06:02 स.,0.21,104.48,104.69,100.1,100.31,95.81,95.8,Success
Khadakwasla,30/08/2025,08:00 स.,30.0,55.91,85.91,42.56,72.56,76.12,88.76,Success
Mulshi,30/08/2025,08:09 स.,230.0,522.76,752.76,522.76,752.76,100.0,100.0,Success
Panshet,30/08/2025,07:00 स.,9.0,301.61,310.61,299.12,308.12,99.17,98.48,Success
Temghar,30/08/2025,08:00 स.,2.95,105.01,107.96,105.01,107.96,100.0,100.0,Success
Gunjawani,29/08/2025,05:50 स.,0.21,104.48,104.69,100.1,100.31,95.81,95.21,Success
Khadakwasla,29/08/2025,08:23 स.,30.0,55.91,85.91,42.7,72.7,76.37,79.86,Success
Mulshi,29/08/2025,07:45 स.,230.0,522.76,752.76,522.76,752.76,100.0,100.0,Success
Panshet,29/08/2025,08:23 स.,9.0,301.61,310.61,298.52,307.52,98.98,97.06,Success
Temghar,29/08/2025,08:00 स.,2.95,105.01,107.96,105.01,107.96,100.0,100.0,Success
Gunjawani,28/08/2025,08:35 स.,0.21,104.48,104.69,100.71,100.92,96.39,96.39,Success
Khadakwasla,28/08/2025,07:45 स.,30.0,55.91,85.91,39.89,69.89,71.35,80.4,Success
Mulshi,28/08/2025,08:17 स.,230.0,522.76,752.76,522.76,752.76,100.0,100.0,Success
Panshet,28/08/2025,08:00 स.,9.0,301.61,310.61,297.62,306.62,98.68,97.06,Success
Temghar,28/08/2025,08:00 स.,2.95,105.01,107.96,105.01,107.96,100.0,100.0,Success
Gunjawani,27/08/2025,04:35 स.,0.21,104.48,104.69,101.33,101.54,96.99,96.39,Success
Khadakwasla,27/08/2025,07:45 स.,30.0,55.91,85.91,42.01,72.01,75.14,72.39,Success
Mulshi,27/08/2025,08:00 स.,230.0,522.76,752.76,522.76,752.76,100.0,100.0,Success
Panshet,27/08/2025,08:00 स.,9.0,301.61,310.61,297.62,306.62,98.68,96.91,Success
Temghar,27/08/2025,08:00 स.,2.95,105.01,107.96,105.01,107.96,100.0,100.0,Success
Gunjawani,26/08/2025,07:00 स.,0.21,104.48,104.69,101.33,101.54,96.99,96.39,Success
Khadakwasla,26/08/2025,07:45 स.,30.0,55.91,85.91,42.83,72.83,76.61,62.17,Success
Mulshi,26/08/2025,08:00 स.,230.0,522.76,752.76,522.76,752.76,100.0,100.0,Success
Panshet,26/08/2025,08:00 स.,9.0,301.61,310.61,298.07,307.07,98.83,96.52,Success
Temghar,26/08/2025,08:00 स.,2.95,105.01,107.96,105.01,107.96,100.0,100.0,Success
Gunjawani,25/08/2025,07:51 स.,0.21,104.48,104.69,100.71,100.92,96.39,95.8,Success
Khadakwasla,25/08/2025,07:45 स.,30.0,55.91,85.91,42.14,72.14,75.37,71.56,Success
Mulshi,25/08/2025,08:00 स.,230.0,522.76,752.76,522.76,752.76,100.0,100.0,Success
Panshet,25/08/2025,08:00 स.,9.0,301.61,310.61,293.93,302.93,97.45,96.71,Success
Temghar,25/08/2025,08:00 स.,2.95,105.01,107.96,105.01,107.96,100.0,100.0,Success
Gunjawani,24/08/2025,07:15 स.,0.21,104.48,104.69,100.1,100.31,95.81,91.19,Success
Khadakwasla,24/08/2025,07:30 स.,30.0,55.91,85.91,41.65,71.65,74.49,87.0,Success
Mulshi,24/08/2025,08:00 स.,230.0,522.76,752.76,522.76,752.76,100.0,100.0,Success
Panshet,24/08/2025,08:00 स.,9.0,301.61,310.61,292.6,301.6,97.01,97.6,Success
Temghar,24/08/2025,08:00 स.,2.95,105.01,107.96,105.01,107.96,100.0,100.0,Success
Gunjawani,23/08/2025,07:47 स.,0.21,104.48,104.69,100.1,100.31,95.81,90.63,Success
Khadakwasla,23/08/2025,08:16 स.,30.0,55.91,85.91,41.11,71.11,73.53,78.87,Success
Mulshi,23/08/2025,08:34 स.,230.0,522.76,752.76,522.76,752.76,100.0,97.96,Success
Panshet,23/08/2025,08:00 स.,9.0,301.61,310.61,290.8,299.8,96.42,97.45,Success
Temghar,23/08/2025,08:00 स.,2.95,105.01,107.96,105.01,107.96,100.0,100.0,Success
Gunjawani,22/08/2025,06:21 स.,0.21,104.48,104.69,100.1,100.31,95.81,90.63,Success
Khadakwasla,22/08/2025,08:37 स.,30.0,55.91,85.91,41.54,71.54,74.3,78.39,Success
Mulshi,22/08/2025,08:31 स.,230.0,522.76,752.76,522.76,752.76,100.0,98.82,Success
Panshet,22/08/2025,08:37 स.,9.0,301.61,310.61,287.36,296.36,95.28,97.89,Success
Temghar,22/08/2025,08:00 स.,2.95,105.01,107.96,105.01,107.96,100.0,100.0,Success
Gunjawani,21/08/2025,05:59 स.,0.21,104.48,104.69,94.11,94.32,90.07,90.08,Success
Khadakwasla,21/08/2025,08:00 स.,30.0,55.91,85.91,41.54,71.54,74.3,78.39,Success
Mulshi,21/08/2025,07:30 स.,230.0,522.76,752.76,522.76,752.76,100.0,99.08,Success
Panshet,21/08/2025,07:00 स.,9.0,301.61,310.61,287.22,296.22,95.23,97.98,Success
Temghar,21/08/2025,07:30 स.,2.95,105.01,107.96,105.01,107.96,100.0,100.0,Success
Gunjawani,20/08/2025,07:22 स.,0.21,104.48,104.69,92.95,93.16,88.96,90.08,Success
Khadakwasla,20/08/2025,07:45 स.,30.0,55.91,85.91,41.11,71.11,73.53,79.11,Success
Mulshi,20/08/2025,08:16 स.,230.0,522.76,752.76,522.76,752.76,100.0,98.99,Success
Panshet,20/08/2025,07:00 स.,9.0,301.61,310.61,295.53,304.53,97.98,98.39,Success
Temghar,20/08/2025,07:45 स.,2.95,105.01,107.96,105.01,107.96,100.0,100.0,Success
Gunjawani,19/08/2025,07:05 स.,0.21,104.48,104.69,84.88,85.09,81.24,90.63,Success
Khadakwasla,19/08/2025,06:09 स.,30.0,55.91,85.91,37.37,67.37,66.84,79.13,Success
Mulshi,19/08/2025,08:35 स.,230.0,522.76,752.76,522.76,752.76,100.0,100.0,Success
Panshet,19/08/2025,07:00 स.,9.0,301.61,310.61,292.75,301.75,97.06,98.68,Success
Temghar,19/08/2025,07:45 स.,2.95,105.01,107.96,103.82,106.77,98.87,100.0,Success
Gunjawani,18/08/2025,07:27 स.,0.21,104.48,104.69,80.06,80.27,76.63,91.19,Success
Khadakwasla,18/08/2025,05:00 स.,30.0,55.91,85.91,29.17,59.17,52.17,79.36,Success
Mulshi,18/08/2025,07:45 स.,230.0,522.76,752.76,497.59,727.59,95.19,100.0,Success
Panshet,18/08/2025,07:00 स.,9.0,301.61,310.61,279.73,288.73,92.75,98.93,Success
Temghar,18/08/2025,07:45 स.,2.95,105.01,107.96,101.44,104.39,96.6,100.0,Success
Gunjawani,17/08/2025,08:00 स.,0.21,104.48,104.69,78.72,78.93,75.34,91.19,Success
Khadakwasla,17/08/2025,08:05 स.,30.0,55.91,85.91,28.71,58.71,51.35,79.36,Success
Mulshi,17/08/2025,08:17 स.,230.0,522.76,752.76,484.07,714.07,92.6,100.0,Success
Panshet,17/08/2025,07:00 स.,9.0,301.61,310.61,275.84,284.84,91.46,99.51,Success
Temghar,17/08/2025,07:45 स.,2.95,105.01,107.96,101.44,104.39,96.6,100.0,Success
Gunjawani,16/08/2025,06:55 स.,0.21,104.48,104.69,77.38,77.59,74.06,91.19,Success
Khadakwasla,16/08/2025,08:38 स.,30.0,55.91,85.91,28.31,58.31,50.63,81.67,Success
Mulshi,16/08/2025,08:27 स.,230.0,522.76,752.76,469.9,699.9,89.89,100.0,Success
Panshet,16/08/2025,08:38 स.,9.0,301.61,310.61,270.97,279.97,89.84,99.61,Success
Temghar,16/08/2025,08:00 स.,2.95,105.01,107.96,100.52,103.47,95.72,100.0,Success
Gunjawani,15/08/2025,07:31 स.,0.21,104.48,104.69,77.38,77.59,74.06,92.3,Success
Khadakwasla,15/08/2025,08:04 स.,30.0,55.91,85.91,27.94,57.94,49.97,85.49,Success
Mulshi,15/08/2025,07:45 स.,230.0,522.76,752.76,471.46,701.46,90.19,100.0,Success
Panshet,15/08/2025,07:00 स.,9.0,301.61,310.61,270.82,279.82,89.79,99.41,Success
Temghar,15/08/2025,07:45 स.,2.95,105.01,107.96,100.42,103.37,95.63,100.0,Success
Gunjawani,14/08/2025,07:31 स.,0.21,104.48,104.69,76.84,77.05,73.55,92.3,Success
Khadakwasla,14/08/2025,07:00 स.,30.0,55.91,85.91,27.32,57.32,48.86,88.33,Success
Mulshi,14/08/2025,07:45 स.,230.0,522.76,752.76,472.62,702.62,90.41,100.0,Success
Panshet,14/08/2025,07:00 स.,9.0,301.61,310.61,271.39,280.39,89.98,99.17,Success
Temghar,14/08/2025,07:45 स.,2.95,105.01,107.96,100.33,103.28,95.54,100.0,Success
Gunjawani,13/08/2025,07:19 स.,0.21,104.48,104.69,76.84,77.05,73.55,92.3,Success
Khadakwasla,13/08/2025,07:22 स.,30.0,55.91,85.91,27.32,57.32,48.86,90.03,Success
Mulshi,13/08/2025,08:31 स.,230.0,522.76,752.76,472.62,702.62,90.41,100.0,Success
Panshet,13/08/2025,07:00 स.,9.0,301.61,310.61,272.57,281.57,90.37,98.53,Success
Temghar,13/08/2025,07:45 स.,2.95,105.01,107.96,100.33,103.28,95.54,100.0,Success
Gunjawani,12/08/2025,07:36 स.,0.21,104.48,104.69,76.31,76.52,73.04,92.3,Success
Khadakwasla,12/08/2025,08:00 स.,30.0,55.91,85.91,27.42,57.42,49.04,90.45,Success
Mulshi,12/08/2025,08:32 स.,230.0,522.76,752.76,473.8,703.8,90.63,100.0,Success
Panshet,12/08/2025,07:00 स.,9.0,301.61,310.61,272.87,281.87,90.47,98.33,Success
Temghar,12/08/2025,07:45 स.,2.95,105.01,107.96,100.33,103.28,95.54,100.0,Success
Gunjawani,11/08/2025,07:21 स.,0.21,104.48,104.69,76.31,76.52,73.04,92.3,Success
Khadakwasla,11/08/2025,08:26 स.,30.0,55.91,85.91,30.41,60.41,54.39,91.31,Success
Mulshi,11/08/2025,08:23 स.,230.0,522.76,752.76,476.17,706.17,91.09,100.0,Success
Panshet,11/08/2025,08:26 स.,9.0,301.61,310.61,272.84,281.84,90.46,96.96,Success
Temghar,11/08/2025,07:45 स.,2.95,105.01,107.96,100.14,103.09,95.36,100.0,Success
Gunjawani,10/08/2025,06:58 स.,0.21,104.48,104.69,76.31,76.52,73.04,92.3,Success
Khadakwasla,10/08/2025,08:06 स.,30.0,55.91,85.91,32.52,62.52,58.16,90.62,Success
Mulshi,10/08/2025,08:34 स.,230.0,522.76,752.76,477.35,707.35,91.31,98.82,Success
Panshet,10/08/2025,08:06 स.,9.0,301.61,310.61,270.97,279.97,89.84,95.68,Success
Temghar,10/08/2025,08:00 स.,2.95,105.01,107.96,102.58,105.53,97.69,97.62,Success
Gunjawani,09/08/2025,07:19 स.,0.21,104.48,104.69,75.77,75.98,72.52,92.3,Success
Khadakwasla,09/08/2025,08:00 स.,30.0,55.91,85.91,34.27,64.27,61.29,90.62,Success
Mulshi,09/08/2025,08:26 स.,230.0,522.76,752.76,478.54,708.54,91.54,97.96,Success
Panshet,09/08/2025,07:00 स.,9.0,301.61,310.61,270.51,279.51,89.69,94.1,Success
Temghar,09/08/2025,09:00 स.,2.95,105.01,107.96,105.01,107.96,100.0,95.23,Success
Gunjawani,08/08/2025,07:07 स.,0.21,104.48,104.69,75.77,75.98,72.52,91.63,Success
Khadakwasla,08/08/2025,08:19 स.,30.0,55.91,85.91,36.61,66.61,65.48,82.1,Success
Mulshi,08/08/2025,05:15 स.,230.0,522.76,752.76,484.07,714.07,92.6,97.73,Success
Panshet,08/08/2025,08:20 स.,9.0,301.61,310.61,269.64,278.64,89.4,93.37,Success
Temghar,08/08/2025,07:45 स.,2.95,105.01,107.96,99.82,102.77,95.06,100.0,Success
Gunjawani,07/08/2025,07:02 स.,0.21,104.48,104.69,75.77,75.98,72.52,91.19,Success
Khadakwasla,07/08/2025,07:37 स.,30.0,55.91,85.91,38.45,68.45,68.77,73.78,Success
Mulshi,07/08/2025,08:16 स.,230.0,522.76,752.76,483.67,713.67,92.52,95.42,Success
Panshet,07/08/2025,07:00 स.,9.0,301.61,310.61,269.64,278.64,89.4,92.74,Success
Temghar,07/08/2025,07:45 स.,2.95,105.01,107.96,100.0,102.95,95.23,100.0,Success
Gunjawani,06/08/2025,08:22 स.,0.21,104.48,104.69,75.24,75.45,72.01,90.08,Success
Khadakwasla,06/08/2025,07:00 स.,30.0,55.91,85.91,39.0,69.0,69.75,70.0,Success
Mulshi,06/08/2025,08:32 स.,230.0,522.76,752.76,486.04,716.04,92.98,94.49,Success
Panshet,06/08/2025,07:00 स.,9.0,301.61,310.61,269.03,278.03,89.2,92.29,Success
Temghar,06/08/2025,07:45 स.,2.95,105.01,107.96,100.52,103.47,95.72,100.0,Success
Gunjawani,05/08/2025,07:21 स.,0.21,104.48,104.69,74.7,74.91,71.5,89.52,Success
Khadakwasla,05/08/2025,08:34 स.,30.0,55.91,85.91,37.01,67.01,66.2,68.55,Success
Mulshi,05/08/2025,08:26 स.,230.0,522.76,752.76,487.23,717.23,93.2,95.96,Success
Panshet,05/08/2025,08:34 स.,9.0,301.61,310.61,270.06,279.06,89.54,91.99,Success
Temghar,05/08/2025,07:45 स.,2.95,105.01,107.96,101.04,103.99,96.22,100.0,Success
Gunjawani,04/08/2025,07:05 स.,0.21,104.48,104.69,74.46,74.67,71.27,88.86,Success
Khadakwasla,04/08/2025,08:20 स.,30.0,55.91,85.91,34.76,64.76,62.17,76.34,Success
Mulshi,04/08/2025,08:18 स.,230.0,522.76,752.76,488.81,718.81,93.51,100.0,Success
Panshet,04/08/2025,08:20 स.,9.0,301.61,310.61,270.06,279.06,89.54,93.56,Success
Temghar,04/08/2025,07:45 स.,2.95,105.01,107.96,101.22,104.17,96.39,100.0,Success
Gunjawani,03/08/2025,07:14 स.,0.21,104.48,104.69,74.21,74.42,71.03,87.86,Success
Khadakwasla,03/08/2025,08:00 स.,30.0,55.91,85.91,33.32,63.32,59.6,79.89,Success
Mulshi,03/08/2025,08:34 स.,230.0,522.76,752.76,487.23,717.23,93.2,100.0,Success
Panshet,03/08/2025,08:00 स.,9.0,301.61,310.61,269.49,278.49,89.35,93.71,Success
Temghar,03/08/2025,07:45 स.,2.95,105.01,107.96,101.13,104.08,96.31,100.0,Success
Gunjawani,02/08/2025,07:01 स.,0.21,104.48,104.69,75.24,75.45,72.01,84.53,Success
Khadakwasla,02/08/2025,08:00 स.,30.0,55.91,85.91,32.39,62.39,57.93,81.18,Success
Mulshi,02/08/2025,08:33 स.,230.0,522.76,752.76,485.65,715.65,92.9,100.0,Success
Panshet,02/08/2025,07:45 स.,9.0,301.61,310.61,268.73,277.73,89.1,92.71,Success
Temghar,02/08/2025,07:45 स.,2.95,105.01,107.96,100.71,103.66,95.91,98.69,Success
Gunjawani,01/08/2025,06:01 स.,0.21,104.48,104.69,75.24,75.45,72.01,81.76,Success
Khadakwasla,01/08/2025,07:00 स.,30.0,55.91,85.91,33.57,63.57,60.04,74.5,Success
Mulshi,01/08/2025,08:34 स.,230.0,522.76,752.76,484.07,714.07,92.6,100.0,Success
Panshet,01/08/2025,07:00 स.,9.0,301.61,310.61,267.74,276.74,88.77,90.2,Success
Temghar,01/08/2025,07:45 स.,2.95,105.01,107.96,100.24,103.19,95.46,94.61,Success
Gunjawani,31/07/2025,07:12 स.,0.21,104.48,104.69,76.31,76.52,73.04,77.14,Success
Khadakwasla,31/07/2025,08:00 स.,30.0,55.91,85.91,35.96,65.96,64.32,78.87,Success
Mulshi,31/07/2025,08:21 स.,230.0,522.76,752.76,483.28,713.28,92.45,97.88,Success
Panshet,31/07/2025,08:00 स.,9.0,301.61,310.61,267.88,276.88,88.82,91.75,Success
Temghar,31/07/2025,07:45 स.,2.95,105.01,107.96,99.35,102.3,94.61,92.01,Success
Gunjawani,30/07/2025,07:17 स.,0.21,104.48,104.69,77.92,78.13,74.58,73.55,Success
Khadakwasla,30/07/2025,07:00 स.,30.0,55.91,85.91,34.27,64.27,61.29,81.67,Success
Mulshi,30/07/2025,08:31 स.,230.0,522.76,752.76,482.49,712.49,92.3,94.26,Success
Panshet,30/07/2025,08:00 स.,9.0,301.61,310.61,271.87,280.87,90.14,90.97,Success
Temghar,30/07/2025,07:45 स.,2.95,105.01,107.96,98.47,101.42,93.77,87.36,Success
Gunjawani,29/07/2025,06:48 स.,0.21,104.48,104.69,79.52,79.73,76.11,72.52,Success
Khadakwasla,29/07/2025,08:00 स.,30.0,55.91,85.91,35.75,65.75,63.94,82.34,Success
Mulshi,29/07/2025,08:12 स.,230.0,522.76,752.76,481.3,711.3,92.07,91.01,Success
Panshet,29/07/2025,08:00 स.,9.0,301.61,310.61,276.71,285.71,91.74,92.36,Success
Temghar,29/07/2025,08:00 स.,2.95,105.01,107.96,101.74,104.69,96.89,89.26,Success
Gunjawani,28/07/2025,07:05 स.,0.21,104.48,104.69,80.6,80.81,77.14,71.5,Success
Khadakwasla,28/07/2025,07:00 स.,30.0,55.91,85.91,35.75,65.75,63.94,77.51,Success
Mulshi,28/07/2025,08:17 स.,230.0,522.76,752.76,484.86,714.86,92.75,89.37,Success
Panshet,28/07/2025,08:00 स.,9.0,301.61,310.61,279.83,288.83,92.78,94.1,Success
Temghar,28/07/2025,06:15 स.,2.95,105.01,107.96,105.01,107.96,100.0,91.17,Success
Gunjawani,27/07/2025,06:46 स.,0.21,104.48,104.69,78.99,79.2,75.6,71.26,Success
Khadakwasla,27/07/2025,07:00 स.,30.0,55.91,85.91,39.64,69.64,70.9,71.97,Success
Mulshi,27/07/2025,08:27 स.,230.0,522.76,752.76,477.75,707.75,91.39,87.29,Success
Panshet,27/07/2025,08:00 स.,9.0,301.61,310.61,275.26,284.26,91.26,92.97,Success
Temghar,27/07/2025,07:45 स.,2.95,105.01,107.96,89.4,92.35,85.13,77.05,Success
Gunjawani,26/07/2025,07:04 स.,0.21,104.48,104.69,75.77,75.98,72.52,71.26,Success
Khadakwasla,26/07/2025,07:30 स.,30.0,55.91,85.91,32.13,62.13,57.47,93.82,Success
Mulshi,26/07/2025,08:26 स.,230.0,522.76,752.76,467.58,697.58,89.44,85.82,Success
Panshet,26/07/2025,08:00 स.,9.0,301.61,310.61,263.09,272.09,87.23,87.05,Success
Temghar,26/07/2025,07:45 स.,2.95,105.01,107.96,84.65,87.6,80.61,73.9,Success
Gunjawani,25/07/2025,07:36 स.,0.21,104.48,104.69,73.96,74.17,70.79,71.26,Success
Khadakwasla,25/07/2025,07:00 स.,30.0,55.91,85.91,29.47,59.47,52.71,100.0,Success
Mulshi,25/07/2025,08:16 स.,230.0,522.76,752.76,454.78,684.78,87.0,75.06,Success
Panshet,25/07/2025,07:00 स.,9.0,301.61,310.61,253.25,262.25,83.97,71.62,Success
Temghar,25/07/2025,07:30 स.,2.95,105.01,107.96,81.51,84.46,77.62,69.13,Success
Gunjawani,24/07/2025,08:00 स.,0.21,104.48,104.69,73.72,73.93,70.56,66.58,PDF Not Available
Khadakwasla,24/07/2025,08:00 स.,30.0,55.91,85.91,29.36,59.36,52.51,96.04,PDF Not Available
Mulshi,24/07/2025,08:00 स.,230.0,522.76,752.76,448.46,678.46,85.79,65.81,PDF Not Available
Panshet,24/07/2025,08:00 स.,9.0,301.61,310.61,248.82,257.82,82.5,69.19,PDF Not Available
Temghar,24/07/2025,08:00 स.,2.95,105.01,107.96,80.34,83.29,76.51,57.89,PDF Not Available
Gunjawani,23/07/2025,08:00 स.,0.21,104.48,104.69,73.47,73.68,70.32,61.9,Success
Khadakwasla,23/07/2025,07:00 स.,30.0,55.91,85.91,29.26,59.26,52.33,92.08,Success
Mulshi,23/07/2025,07:45 स.,230.0,522.76,752.76,442.13,672.13,84.58,56.55,Success
Panshet,23/07/2025,07:00 स.,9.0,301.61,310.61,244.38,253.38,81.03,66.76,Success
Temghar,23/07/2025,07:45 स.,2.95,105.01,107.96,79.18,82.13,75.4,46.65,Success
Gunjawani,22/07/2025,07:04 स.,0.21,104.48,104.69,73.23,73.44,70.09,57.21,Success
Khadakwasla,22/07/2025,07:00 स.,30.0,55.91,85.91,29.59,59.59,52.92,78.87,Success
Mulshi,22/07/2025,07:45 स.,230.0,522.76,752.76,436.39,666.39,83.48,50.71,Success
Panshet,22/07/2025,07:00 स.,9.0,301.61,310.61,241.23,250.23,79.98,61.14,Success
Temghar,22/07/2025,07:30 स.,2.95,105.01,107.96,78.64,81.59,74.89,41.52,Success
Gunjawani,21/07/2025,07:05 स.,0.21,104.48,104.69,73.23,73.44,70.09,54.25,Success
Khadakwasla,21/07/2025,07:00 स.,30.0,55.91,85.91,30.3,60.3,54.19,73.78,Success
Mulshi,21/07/2025,07:45 स.,230.0,522.76,752.76,436.39,666.39,83.48,45.59,Success
Panshet,21/07/2025,08:00 स.,9.0,301.61,310.61,239.72,248.72,79.48,56.18,Success
Temghar,21/07/2025,07:45 स.,2.95,105.01,107.96,78.31,81.26,74.57,37.24,Success
Gunjawani,20/07/2025,07:08 स.,0.21,104.48,104.69,73.23,73.44,70.09,51.19,Success
Khadakwasla,20/07/2025,07:00 स.,30.0,55.91,85.91,30.72,60.72,54.95,70.68,Success
Mulshi,20/07/2025,07:45 स.,230.0,522.76,752.76,433.72,663.72,82.97,41.94,Success
Panshet,20/07/2025,07:00 स.,9.0,301.61,310.61,238.34,247.34,79.02,51.66,Success
Temghar,20/07/2025,07:45 स.,2.95,105.01,107.96,77.93,80.88,74.21,34.76,Success
Gunjawani,19/07/2025,07:00 स.,0.21,104.48,104.69,73.48,73.69,70.33,48.98,Success
Khadakwasla,19/07/2025,07:00 स.,30.0,55.91,85.91,31.31,61.31,56.0,69.5,Success
Mulshi,19/07/2025,08:18 स.,230.0,522.76,752.76,432.58,662.58,82.75,32.48,Success
Panshet,19/07/2025,08:00 स.,9.0,301.61,310.61,236.59,245.59,78.44,50.65,Success
Temghar,19/07/2025,07:45 स.,2.95,105.01,107.96,77.39,80.34,73.7,32.17,Success
Gunjawani,18/07/2025,07:09 स.,0.21,104.48,104.69,73.48,73.69,70.33,46.77,Success
Khadakwasla,18/07/2025,07:00 स.,30.0,55.91,85.91,32.13,62.13,57.47,68.33,Success
Mulshi,18/07/2025,08:01 स.,230.0,522.76,752.76,432.2,662.2,82.68,32.92,Success
Panshet,18/07/2025,08:00 स.,9.0,301.61,310.61,235.19,244.19,77.98,48.48,Success
Temghar,18/07/2025,07:45 स.,2.95,105.01,107.96,76.98,79.93,73.31,30.41,Success
Gunjawani,17/07/2025,07:52 स.,0.21,104.48,104.69,73.23,73.44,70.09,45.45,Success
Khadakwasla,17/07/2025,07:00 स.,30.0,55.91,85.91,33.92,63.92,60.67,67.66,Success
Mulshi,17/07/2025,08:17 स.,230.0,522.76,752.76,433.34,663.34,82.89,32.36,Success
Panshet,17/07/2025,08:00 स.,9.0,301.61,310.61,232.89,241.89,77.22,45.64,Success
Temghar,17/07/2025,07:45 स.,2.95,105.01,107.96,76.36,79.31,72.72,29.34,Success
Gunjawani,16/07/2025,07:31 स.,0.21,104.48,104.69,72.98,73.19,69.85,44.56,Success
Khadakwasla,16/07/2025,08:00 स.,30.0,55.91,85.91,35.31,65.31,63.16,67.66,Success
Mulshi,16/07/2025,08:18 स.,230.0,522.76,752.76,436.0,666.0,83.4,31.94,Success
Panshet,16/07/2025,08:00 स.,9.0,301.61,310.61,229.6,238.6,76.12,45.64,Success
Temghar,16/07/2025,07:45 स.,2.95,105.01,107.96,75.13,78.08,71.55,28.72,Success
Gunjawani,15/07/2025,07:55 स.,0.21,104.48,104.69,71.76,71.97,68.68,42.89,Success
Khadakwasla,15/07/2025,07:00 स.,30.0,55.91,85.91,34.79,64.79,62.23,66.16,Success
Mulshi,15/07/2025,07:30 स.,230.0,522.76,752.76,434.86,664.86,83.19,31.82,Success
Panshet,15/07/2025,07:00 स.,9.0,301.61,310.61,221.26,230.26,73.36,44.0,Success
Temghar,15/07/2025,07:45 स.,2.95,105.01,107.96,72.92,75.87,69.44,27.87,Success
Gunjawani,14/07/2025,05:44 स.,0.21,104.48,104.69,71.52,71.73,68.45,38.55,Success
Khadakwasla,14/07/2025,07:43 स.,30.0,55.91,85.91,33.32,63.32,59.6,55.58,Success
Mulshi,14/07/2025,08:18 स.,230.0,522.76,752.76,426.89,656.89,81.66,26.17,Success
Panshet,14/07/2025,08:00 स.,9.0,301.61,310.61,216.76,225.76,71.87,36.77,Success
Temghar,14/07/2025,07:45 स.,2.95,105.01,107.96,71.18,74.13,67.78,25.96,Success
Gunjawani,13/07/2025,07:22 स.,0.21,104.48,104.69,71.52,71.73,68.45,35.23,Success
Khadakwasla,13/07/2025,08:00 स.,30.0,55.91,85.91,32.26,62.26,57.7,50.66,Success
Mulshi,13/07/2025,07:45 स.,230.0,522.76,752.76,425.0,655.0,81.3,22.65,Success
Panshet,13/07/2025,07:00 स.,9.0,301.61,310.61,214.6,223.6,71.15,36.77,Success
Temghar,13/07/2025,07:45 स.,2.95,105.01,107.96,70.2,73.15,66.85,21.68,Success
Gunjawani,12/07/2025,07:18 स.,0.21,104.48,104.69,71.76,71.97,68.68,33.16,Success
Khadakwasla,12/07/2025,08:00 स.,30.0,55.91,85.91,32.01,62.01,57.25,49.79,Success
Mulshi,12/07/2025,08:34 स.,230.0,522.76,752.76,419.32,649.32,80.21,18.58,Success
Panshet,12/07/2025,08:15 स.,9.0,301.61,310.61,212.26,221.26,70.38,33.43,Success
Temghar,12/07/2025,07:45 स.,2.95,105.01,107.96,68.89,71.84,65.6,19.91,Success
Gunjawani,11/07/2025,06:59 स.,0.21,104.48,104.69,71.76,71.97,68.68,32.86,Success
Khadakwasla,11/07/2025,08:00 स.,30.0,55.91,85.91,31.06,61.06,55.55,50.66,Success
Mulshi,11/07/2025,07:45 स.,230.0,522.76,752.76,417.04,647.04,79.78,18.53,Success
Panshet,11/07/2025,07:00 स.,9.0,301.61,310.61,209.87,218.87,69.58,33.08,Success
Temghar,11/07/2025,01:30 स.,2.95,105.01,107.96,66.1,69.05,62.95,18.98,Success
Gunjawani,10/07/2025,08:00 स.,0.21,104.48,104.69,74.3,74.51,71.11,31.78,Success
Khadakwasla,10/07/2025,08:32 स.,30.0,55.91,85.91,31.77,61.77,56.82,53.15,Success
Mulshi,10/07/2025,08:40 स.,230.0,522.76,752.76,418.56,648.56,80.07,18.41,Success
Panshet,10/07/2025,08:32 स.,9.0,301.61,310.61,206.99,215.99,68.63,31.22,Success
Temghar,10/07/2025,07:45 स.,2.95,105.01,107.96,65.06,68.01,61.96,18.56,Success
Gunjawani,09/07/2025,08:52 स.,0.21,104.48,104.69,76.84,77.05,73.55,30.69,Success
Khadakwasla,09/07/2025,08:00 स.,30.0,55.91,85.91,31.54,61.54,56.41,53.15,Success
Mulshi,09/07/2025,08:19 स.,230.0,522.76,752.76,418.18,648.18,79.99,18.08,Success
Panshet,09/07/2025,07:00 स.,9.0,301.61,310.61,203.11,212.11,67.34,31.22,Success
Temghar,09/07/2025,07:45 स.,2.95,105.01,107.96,63.53,66.48,60.5,17.91,Success
Gunjawani,08/07/2025,08:01 स.,0.21,104.48,104.69,76.84,77.05,73.55,28.88,Success
Khadakwasla,08/07/2025,08:26 स.,30.0,55.91,85.91,34.76,64.76,62.17,51.99,Success
Mulshi,08/07/2025,08:18 स.,230.0,522.76,752.76,431.82,661.82,82.6,16.87,Success
Panshet,08/07/2025,08:26 स.,9.0,301.61,310.61,198.72,207.72,65.89,29.56,Success
Temghar,08/07/2025,07:45 स.,2.95,105.01,107.96,61.89,64.84,58.94,16.91,Success
Gunjawani,07/07/2025,05:45 स.,0.21,104.48,104.69,80.06,80.27,76.63,27.08,Success
Khadakwasla,07/07/2025,08:31 स.,30.0,55.91,85.91,35.56,65.56,63.6,49.05,Success
Mulshi,07/07/2025,08:27 स.,230.0,522.76,752.76,429.17,659.17,82.1,13.9,Success
Panshet,07/07/2025,08:32 स.,9.0,301.61,310.61,192.72,201.72,63.9,26.44,Success
Temghar,07/07/2025,07:45 स.,2.95,105.01,107.96,59.45,62.4,56.61,15.39,Success
Gunjawani,06/07/2025,08:12 स.,0.21,104.48,104.69,80.06,80.27,76.63,24.85,Success
Khadakwasla,06/07/2025,07:00 स.,30.0,55.91,85.91,33.92,63.92,60.67,47.64,Success
Mulshi,06/07/2025,07:45 स.,230.0,522.76,752.76,413.28,643.28,79.06,12.69,Success
Panshet,06/07/2025,07:00 स.,9.0,301.61,310.61,186.29,195.29,61.77,26.44,Success
Temghar,06/07/2025,07:45 स.,2.95,105.01,107.96,55.42,58.37,52.78,12.71,Success
Gunjawani,05/07/2025,07:41 स.,0.21,104.48,104.69,78.45,78.66,75.09,21.34,Success
Khadakwasla,05/07/2025,08:00 स.,30.0,55.91,85.91,34.79,64.79,62.23,46.12,Success
Mulshi,05/07/2025,07:45 स.,230.0,522.76,752.76,392.75,622.75,75.13,10.87,Success
Panshet,05/07/2025,08:00 स.,9.0,301.61,310.61,179.92,188.92,59.65,25.31,Success
Temghar,05/07/2025,07:45 स.,2.95,105.01,107.96,52.1,55.05,49.61,10.69,Success
Gunjawani,04/07/2025,07:08 स.,0.21,104.48,104.69,76.31,76.52,73.04,20.97,Success
Khadakwasla,04/07/2025,07:00 स.,30.0,55.91,85.91,32.26,62.26,57.7,43.36,Success
Mulshi,04/07/2025,08:42 स.,230.0,522.76,752.76,372.45,602.45,71.25,7.69,Success
Panshet,04/07/2025,07:00 स.,9.0,301.61,310.61,173.21,182.21,57.43,22.84,Success
Temghar,04/07/2025,07:45 स.,2.95,105.01,107.96,49.73,52.68,47.36,8.74,Success
Gunjawani,03/07/2025,06:13 स.,0.21,104.48,104.69,73.48,73.69,70.33,19.12,Success
Khadakwasla,03/07/2025,08:07 स.,30.0,55.91,85.91,37.01,67.01,66.2,42.34,Success
Mulshi,03/07/2025,08:34 स.,230.0,522.76,752.76,358.15,588.15,68.51,7.69,Success
Panshet,03/07/2025,08:07 स.,9.0,301.61,310.61,152.48,161.48,50.56,21.3,Success
Temghar,03/07/2025,08:00 स.,2.95,105.01,107.96,52.1,55.05,49.61,25.06,Success
Gunjawani,02/07/2025,06:47 स.,0.21,104.48,104.69,71.76,71.97,68.68,17.16,Success
Khadakwasla,02/07/2025,08:00 स.,30.0,55.91,85.91,35.65,65.65,63.76,40.79,Success
Mulshi,02/07/2025,07:30 स.,230.0,522.76,752.76,338.27,568.27,64.71,7.35,Success
Panshet,02/07/2025,08:00 स.,9.0,301.61,310.61,152.76,161.76,50.65,20.65,Success
Temghar,02/07/2025,12:00 स.,2.95,105.01,107.96,58.7,61.65,55.9,41.38,Success
Gunjawani,01/07/2025,06:35 स.,0.21,104.48,104.69,70.54,70.75,67.52,15.01,Success
Khadakwasla,01/07/2025,07:00 स.,30.0,55.91,85.91,35.56,65.56,63.6,40.43,Success
Mulshi,01/07/2025,07:45 स.,230.0,522.76,752.76,326.06,556.06,62.37,6.13,Success
Panshet,01/07/2025,07:00 स.,9.0,301.61,310.61,145.16,154.16,48.13,18.79,Success
Temghar,01/07/2025,07:45 स.,2.95,105.01,107.96,40.03,42.98,38.12,0.0,Success
Gunjawani,30/06/2025,07:48 स.,0.21,104.48,104.69,68.71,68.92,65.76,13.2,Success
Khadakwasla,30/06/2025,08:39 स.,30.0,55.91,85.91,34.39,64.39,61.51,42.34,Success
Mulshi,30/06/2025,07:45 स.,230.0,522.76,752.76,314.32,544.32,60.13,5.43,Success
Panshet,30/06/2025,08:38 स.,9.0,301.61,310.61,138.58,147.58,45.95,17.18,Success
Temghar,30/06/2025,07:45 स.,2.95,105.01,107.96,37.7,40.65,35.9,0.0,Success
Gunjawani,29/06/2025,08:09 स.,0.21,104.48,104.69,65.45,65.66,62.64,12.05,Success
Khadakwasla,29/06/2025,08:25 स.,30.0,55.91,85.91,35.56,65.56,63.6,40.43,Success
Mulshi,29/06/2025,08:24 स.,230.0,522.76,752.76,305.45,535.45,58.43,4.36,Success
Panshet,29/06/2025,08:25 स.,9.0,301.61,310.61,134.55,143.55,44.61,16.33,Success
Temghar,29/06/2025,07:45 स.,2.95,105.01,107.96,36.24,39.19,34.51,0.0,Success
Gunjawani,28/06/2025,08:41 स.,0.21,104.48,104.69,62.19,62.4,59.52,11.44,Success
Khadakwasla,28/06/2025,07:00 स.,30.0,55.91,85.91,34.9,64.9,62.42,39.82,Success
Mulshi,28/06/2025,08:30 स.,230.0,522.76,752.76,296.68,526.68,56.75,3.69,Success
Panshet,28/06/2025,08:00 स.,9.0,301.61,310.61,130.84,139.84,43.38,15.7,Success
Temghar,28/06/2025,07:45 स.,2.95,105.01,107.96,34.56,37.51,32.91,1.77,Success
Gunjawani,27/06/2025,07:50 स.,0.21,104.48,104.69,59.33,59.54,56.79,10.95,Success
Khadakwasla,27/06/2025,07:00 स.,30.0,55.91,85.91,33.92,63.92,60.67,38.41,Success
Mulshi,27/06/2025,08:23 स.,230.0,522.76,752.76,277.85,507.85,53.15,3.03,Success
Panshet,27/06/2025,08:00 स.,9.0,301.61,310.61,125.6,134.6,41.64,15.13,Success
Temghar,27/06/2025,08:22 स.,2.95,105.01,107.96,31.91,34.86,30.39,0.6,Success
Gunjawani,26/06/2025,07:50 स.,0.21,104.48,104.69,57.56,57.77,55.09,10.46,Success
Khadakwasla,26/06/2025,08:23 स.,30.0,55.91,85.91,35.56,65.56,63.6,39.67,Success
Mulshi,26/06/2025,07:45 स.,230.0,522.76,752.76,262.71,492.71,50.25,3.41,Success
Panshet,26/06/2025,08:24 स.,9.0,301.61,310.61,120.25,129.25,39.87,13.97,Success
Temghar,26/06/2025,07:45 स.,2.95,105.01,107.96,18.21,21.16,17.34,0.6,Success
Gunjawani,25/06/2025,07:34 स.,0.21,104.48,104.69,55.79,56.0,53.4,10.34,Success
Khadakwasla,25/06/2025,08:33 स.,30.0,55.91,85.91,34.03,64.03,60.87,42.27,Success
Mulshi,25/06/2025,07:45 स.,230.0,522.76,752.76,255.19,485.19,48.82,3.74,Success
Panshet,25/06/2025,08:34 स.,9.0,301.61,310.61,114.96,123.96,38.12,13.85,Success
Temghar,25/06/2025,07:45 स.,2.95,105.01,107.96,18.21,21.16,17.34,0.18,Success
Gunjawani,24/06/2025,07:27 स.,0.21,104.48,104.69,46.56,46.77,44.56,10.34,Success
Khadakwasla,24/06/2025,06:00 स.,30.0,55.91,85.91,35.75,65.75,63.94,42.67,Success
Mulshi,24/06/2025,08:22 स.,230.0,522.76,752.76,233.54,463.54,44.67,4.64,Success
Panshet,24/06/2025,08:00 स.,9.0,301.61,310.61,105.62,114.62,35.02,13.81,Success
Temghar,24/06/2025,07:45 स.,2.95,105.01,107.96,18.21,21.16,17.34,1.06,Success
Gunjawani,23/06/2025,06:06 स.,0.21,104.48,104.69,46.56,46.77,44.56,9.9,Success
Khadakwasla,23/06/2025,07:51 स.,30.0,55.91,85.91,34.76,64.76,62.17,48.31,Success
Mulshi,23/06/2025,07:45 स.,230.0,522.76,752.76,213.16,443.16,40.78,4.83,Success
Panshet,23/06/2025,07:52 स.,9.0,301.61,310.61,94.51,103.51,31.34,13.31,Success
Temghar,23/06/2025,07:45 स.,2.95,105.01,107.96,18.21,21.16,17.34,1.03,Success
Gunjawani,22/06/2025,06:10 स.,0.21,104.48,104.69,45.16,45.37,43.22,9.79,Success
Khadakwasla,22/06/2025,08:42 स.,30.0,55.91,85.91,35.56,65.56,63.6,50.63,Success
Mulshi,22/06/2025,08:18 स.,230.0,522.76,752.76,202.22,432.22,38.68,4.88,Success
Panshet,22/06/2025,08:42 स.,9.0,301.61,310.61,91.11,100.11,30.21,11.69,Success
Temghar,22/06/2025,08:00 स.,2.95,105.01,107.96,18.21,21.16,17.34,1.0,Success
Gunjawani,21/06/2025,06:39 स.,0.21,104.48,104.69,42.37,42.58,40.55,9.79,Success
Khadakwasla,21/06/2025,07:59 स.,30.0,55.91,85.91,35.84,65.84,64.1,51.31,Success
Mulshi,21/06/2025,08:29 स.,230.0,522.76,752.76,192.17,422.17,36.76,4.98,Success
Panshet,21/06/2025,07:59 स.,9.0,301.61,310.61,84.77,93.77,28.11,12.76,Success
Temghar,21/06/2025,07:45 स.,2.95,105.01,107.96,18.21,21.16,17.34,0.13,Success
Gunjawani,20/06/2025,07:03 स.,0.21,104.48,104.69,38.66,38.87,37.0,9.79,Success
Khadakwasla,20/06/2025,08:12 स.,30.0,55.91,85.91,35.56,65.56,63.6,48.49,Success
Mulshi,20/06/2025,08:47 स.,230.0,522.76,752.76,175.81,405.81,33.63,5.26,Success
Panshet,20/06/2025,08:12 स.,9.0,301.61,310.61,75.54,84.54,25.05,13.05,Success
Temghar,20/06/2025,07:45 स.,2.95,105.01,107.96,14.08,17.03,13.41,0.0,Success
Gunjawani,19/06/2025,06:25 स.,0.21,104.48,104.69,31.25,31.46,29.91,9.79,Success
Khadakwasla,19/06/2025,08:03 स.,30.0,55.91,85.91,36.2,66.2,64.75,44.3,Success
Mulshi,19/06/2025,07:23 स.,230.0,522.76,752.76,136.19,366.19,26.05,5.31,Success
Panshet,19/06/2025,08:03 स.,9.0,301.61,310.61,61.18,70.18,20.28,13.54,Success
Temghar,19/06/2025,07:45 स.,2.95,105.01,107.96,9.2,12.15,8.76,0.0,Success
Gunjawani,18/06/2025,07:50 स.,0.21,104.48,104.69,28.56,28.77,27.34,10.23,Success
Khadakwasla,18/06/2025,08:42 स.,30.0,55.91,85.91,34.39,64.39,61.51,41.67,Success
Mulshi,18/06/2025,08:27 स.,230.0,522.76,752.76,118.12,348.12,22.6,5.7,Success
Panshet,18/06/2025,08:43 स.,9.0,301.61,310.61,54.01,63.01,17.91,13.74,Success
Temghar,18/06/2025,07:45 स.,2.95,105.01,107.96,6.27,9.22,5.97,0.4,Success
Gunjawani,17/06/2025,06:07 स.,0.21,104.48,104.69,25.51,25.72,24.42,10.46,Success
Khadakwasla,17/06/2025,08:00 स.,30.0,55.91,85.91,31.68,61.68,56.66,40.82,Success
Mulshi,17/06/2025,07:45 स.,230.0,522.76,752.76,114.53,344.53,21.91,6.09,Success
Panshet,17/06/2025,08:00 स.,9.0,301.61,310.61,49.5,58.5,16.41,13.76,Success
Temghar,17/06/2025,07:45 स.,2.95,105.01,107.96,4.61,7.56,4.39,1.23,Success
Gunjawani,16/06/2025,05:55 स.,0.21,104.48,104.69,24.83,25.04,23.77,10.7,Success
Khadakwasla,16/06/2025,08:00 स.,30.0,55.91,85.91,28.97,58.97,51.82,39.97,Success
Mulshi,16/06/2025,08:21 स.,230.0,522.76,752.76,98.31,328.31,18.81,6.82,Success
Panshet,16/06/2025,08:00 स.,9.0,301.61,310.61,44.99,53.99,14.92,13.78,Success
Temghar,16/06/2025,08:00 स.,2.95,105.01,107.96,2.74,5.69,2.61,1.06,Success
Gunjawani,15/06/2025,06:57 स.,0.21,104.48,104.69,24.37,24.58,23.33,11.07,Success
Khadakwasla,15/06/2025,08:36 स.,30.0,55.91,85.91,26.26,56.26,46.97,39.12,Success
Mulshi,15/06/2025,08:05 स.,230.0,522.76,752.76,93.66,323.66,17.92,7.21,Success
Panshet,15/06/2025,08:36 स.,9.0,301.61,310.61,40.48,49.48,13.42,13.8,Success
Temghar,15/06/2025,04:45 स.,2.95,105.01,107.96,0.88,3.83,0.84,0.9,Success
Gunjawani,14/06/2025,06:50 स.,0.21,104.48,104.69,24.37,24.58,23.33,11.31,Success
Khadakwasla,14/06/2025,08:00 स.,30.0,55.91,85.91,25.94,55.94,46.4,41.52,Success
Mulshi,14/06/2025,08:08 स.,230.0,522.76,752.76,95.1,325.1,18.19,7.55,Success
Panshet,14/06/2025,08:00 स.,9.0,301.61,310.61,49.5,58.5,16.41,13.67,Success
Temghar,14/06/2025,07:45 स.,2.95,105.01,107.96,0.93,3.88,0.89,1.28,Success
Gunjawani,13/06/2025,07:40 स.,0.21,104.48,104.69,24.14,24.35,23.1,11.56,Success
Khadakwasla,13/06/2025,08:00 स.,30.0,55.91,85.91,25.62,55.62,45.82,43.92,Success
Mulshi,13/06/2025,08:00 स.,230.0,522.76,752.76,98.13,328.13,18.77,13.24,Success
Panshet,13/06/2025,08:00 स.,9.0,301.61,310.61,44.99,53.99,14.92,13.53,Success
Temghar,13/06/2025,08:00 स.,2.95,105.01,107.96,2.74,5.69,2.61,1.2,Success
Gunjawani,12/06/2025,07:15 स.,0.21,104.48,104.69,23.92,24.13,22.89,11.92,Success
Khadakwasla,12/06/2025,06:00 स.,30.0,55.91,85.91,25.31,55.31,45.27,46.32,Success
Mulshi,12/06/2025,07:00 स.,230.0,522.76,752.76,101.16,331.16,19.35,18.92,Success
Panshet,12/06/2025,07:00 स.,9.0,301.61,310.61,45.85,54.85,15.2,13.4,Success
Temghar,12/06/2025,07:00 स.,2.95,105.01,107.96,3.52,6.47,3.35,1.11,Success
Gunjawani,11/06/2025,06:06 स.,0.21,104.48,104.69,23.69,23.9,22.67,12.17,Success
Khadakwasla,11/06/2025,07:00 स.,30.0,55.91,85.91,24.99,54.99,44.7,44.88,Success
Mulshi,11/06/2025,07:30 स.,230.0,522.76,752.76,104.19,334.19,19.93,9.0,Success
Panshet,11/06/2025,08:00 स.,9.0,301.61,310.61,42.77,51.77,14.18,13.67,Success
Temghar,11/06/2025,07:45 स.,2.95,105.01,107.96,2.43,5.38,2.31,1.08,Success
Gunjawani,10/06/2025,05:22 स.,0.21,104.48,104.69,23.46,23.67,22.45,12.66,Success
Khadakwasla,10/06/2025,06:00 स.,30.0,55.91,85.91,24.33,54.33,43.52,47.21,Success
Mulshi,10/06/2025,07:45 स.,230.0,522.76,752.76,107.71,337.71,20.6,9.45,Success
Panshet,10/06/2025,08:00 स.,9.0,301.61,310.61,44.34,53.34,14.7,13.66,Success
Temghar,10/06/2025,07:45 स.,2.95,105.01,107.96,3.52,6.47,3.35,2.0,Success
Gunjawani,09/06/2025,07:17 स.,0.21,104.48,104.69,23.27,23.48,22.27,13.34,Success
Khadakwasla,09/06/2025,08:47 स.,30.0,55.91,85.91,23.67,53.67,42.34,52.17,Success
Mulshi,09/06/2025,07:45 स.,230.0,522.76,752.76,110.35,340.35,21.11,10.05,Success
Panshet,09/06/2025,07:00 स.,9.0,301.61,310.61,45.85,54.85,15.2,13.8,Success
Temghar,09/06/2025,07:45 स.,2.95,105.01,107.96,4.57,7.52,4.35,2.08,Success
Gunjawani,08/06/2025,07:23 स.,0.21,104.48,104.69,23.27,23.48,22.27,13.9,Success
Khadakwasla,08/06/2025,05:00 स.,30.0,55.91,85.91,22.68,52.68,40.57,52.34,Success
Mulshi,08/06/2025,07:45 स.,230.0,522.76,752.76,112.74,342.74,21.57,10.1,Success
Panshet,08/06/2025,07:00 स.,9.0,301.61,310.61,47.33,56.33,15.69,13.69,Success
Temghar,08/06/2025,07:45 स.,2.95,105.01,107.96,5.22,8.17,4.97,1.08,Success
Gunjawani,07/06/2025,06:00 स.,0.21,104.48,104.69,23.07,23.28,22.08,14.17,Success
Khadakwasla,07/06/2025,07:00 स.,30.0,55.91,85.91,21.97,51.97,39.3,51.93,Success
Mulshi,07/06/2025,07:45 स.,230.0,522.76,752.76,113.34,343.34,21.68,10.51,Success
Panshet,07/06/2025,08:00 स.,9.0,301.61,310.61,48.44,57.44,16.06,13.73,Success
Temghar,07/06/2025,08:20 स.,2.95,105.01,107.96,5.04,7.99,4.8,2.35,Success
Gunjawani,06/06/2025,07:20 स.,0.21,104.48,104.69,22.88,23.09,21.9,14.45,Success
Khadakwasla,06/06/2025,06:00 स.,30.0,55.91,85.91,21.27,51.27,38.04,51.78,Success
Mulshi,06/06/2025,07:45 स.,230.0,522.76,752.76,116.62,346.62,22.31,10.98,Success
Panshet,06/06/2025,07:00 स.,9.0,301.61,310.61,50.05,59.05,16.59,13.89,Success
Temghar,06/06/2025,07:45 स.,2.95,105.01,107.96,5.13,8.08,4.89,2.42,Success
Gunjawani,05/06/2025,07:03 स.,0.21,104.48,104.69,22.69,22.9,21.72,14.73,Success
Khadakwasla,05/06/2025,04:00 स.,30.0,55.91,85.91,20.68,50.68,36.99,51.93,Success
Mulshi,05/06/2025,04:45 स.,230.0,522.76,752.76,119.32,349.32,22.83,11.7,Success
Panshet,05/06/2025,05:00 स.,9.0,301.61,310.61,51.29,60.29,17.01,14.24,Success
Temghar,05/06/2025,01:00 स.,2.95,105.01,107.96,5.15,8.1,4.9,2.52,Success
Gunjawani,04/06/2025,07:37 स.,0.21,104.48,104.69,22.69,22.9,21.72,15.01,Success
Khadakwasla,04/06/2025,07:00 स.,30.0,55.91,85.91,20.49,50.49,36.65,48.28,Success
Mulshi,04/06/2025,07:45 स.,230.0,522.76,752.76,121.71,351.71,23.28,12.58,Success
Panshet,04/06/2025,08:00 स.,9.0,301.61,310.61,52.52,61.52,17.41,14.87,Success
Temghar,04/06/2025,07:45 स.,2.95,105.01,107.96,5.15,8.1,4.9,2.64,Success
Gunjawani,03/06/2025,06:27 स.,0.21,104.48,104.69,22.69,22.9,21.72,15.57,Success
Khadakwasla,03/06/2025,08:00 स.,30.0,55.91,85.91,20.18,50.18,36.09,43.52,Success
Mulshi,03/06/2025,07:45 स.,230.0,522.76,752.76,122.01,352.01,23.34,13.26,Success
Panshet,03/06/2025,07:00 स.,9.0,301.61,310.61,53.75,62.75,17.82,15.62,Success
Temghar,03/06/2025,08:43 स.,2.95,105.01,107.96,4.85,7.8,4.62,2.88,Success
Gunjawani,02/06/2025,07:24 स.,0.21,104.48,104.69,22.49,22.7,21.53,15.57,Success
Khadakwasla,02/06/2025,07:00 स.,30.0,55.91,85.91,20.28,50.28,36.27,38.41,Success
Mulshi,02/06/2025,08:00 स.,230.0,522.76,752.76,123.01,353.01,23.53,18.56,Success
Panshet,02/06/2025,08:00 स.,9.0,301.61,310.61,55.13,64.13,18.28,16.18,Success
Temghar,02/06/2025,08:19 स.,2.95,105.01,107.96,4.85,7.8,4.62,2.95,Success
Gunjawani,01/06/2025,06:52 स.,0.21,104.48,104.69,22.49,22.7,21.53,15.89,Success
Khadakwasla,01/06/2025,08:34 स.,30.0,55.91,85.91,21.68,51.68,38.78,36.65,Success
Mulshi,01/06/2025,10:15 स.,230.0,522.76,752.76,124.0,354.0,23.72,23.85,Success
Panshet,01/06/2025,08:35 स.,9.0,301.61,310.61,55.03,64.03,18.25,17.06,Success
Temghar,01/06/2025,08:00 स.,2.95,105.01,107.96,29.89,32.84,28.46,4.2,Success
Gunjawani,31/05/2025,07:40 स.,0.21,104.48,104.69,22.3,22.51,21.34,16.21,Success
Khadakwasla,31/05/2025,06:00 स.,30.0,55.91,85.91,23.19,53.19,41.48,35.71,Success
Mulshi,31/05/2025,07:45 स.,230.0,522.76,752.76,125.0,355.0,23.91,14.91,Success
Panshet,31/05/2025,08:00 स.,9.0,301.61,310.61,55.03,64.03,18.25,17.18,Success
Temghar,31/05/2025,08:00 स.,2.95,105.01,107.96,29.89,32.84,28.46,5.44,Success
Gunjawani,30/05/2025,06:45 स.,0.21,104.48,104.69,22.3,22.51,21.34,16.53,Success
Khadakwasla,30/05/2025,06:00 स.,30.0,55.91,85.91,24.65,54.65,44.09,35.9,Success
Mulshi,30/05/2025,07:15 स.,230.0,522.76,752.76,127.71,357.71,24.43,15.34,Success
Panshet,30/05/2025,08:00 स.,9.0,301.61,310.61,55.03,64.03,18.25,17.71,Success
Temghar,30/05/2025,08:00 स.,2.95,105.01,107.96,29.89,32.84,28.46,6.69,Success
Gunjawani,29/05/2025,08:00 स.,0.21,104.48,104.69,22.1,22.31,21.15,16.84,Success
Khadakwasla,29/05/2025,08:20 स.,30.0,55.91,85.91,27.01,57.01,48.31,40.35,Success
Mulshi,29/05/2025,07:45 स.,230.0,522.76,752.76,130.44,360.44,24.95,15.88,Success
Panshet,29/05/2025,08:20 स.,9.0,301.61,310.61,54.64,63.64,18.12,17.64,Success
Temghar,29/05/2025,04:00 स.,2.95,105.01,107.96,29.89,32.84,28.46,7.94,Success
Gunjawani,28/05/2025,06:29 स.,0.21,104.48,104.69,21.91,22.12,20.97,17.16,Success
Khadakwasla,28/05/2025,08:00 स.,30.0,55.91,85.91,27.11,57.11,48.49,40.02,Success
Mulshi,28/05/2025,08:00 स.,230.0,522.76,752.76,129.33,359.33,24.74,20.53,Success
Panshet,28/05/2025,08:00 स.,9.0,301.61,310.61,53.62,62.62,17.78,17.76,Success
Temghar,28/05/2025,07:45 स.,2.95,105.01,107.96,8.34,11.29,7.94,3.55,Success
Gunjawani,27/05/2025,07:35 स.,0.21,104.48,104.69,21.72,21.93,20.79,17.48,Success
Khadakwasla,27/05/2025,05:00 स.,30.0,55.91,85.91,25.79,55.79,46.13,42.27,Success
Mulshi,27/05/2025,06:45 स.,230.0,522.76,752.76,128.22,358.22,24.53,25.18,Success
Panshet,27/05/2025,08:00 स.,9.0,301.61,310.61,54.21,63.21,17.97,17.76,Success
Temghar,27/05/2025,07:45 स.,2.95,105.01,107.96,8.34,11.29,7.94,3.67,Success
Gunjawani,26/05/2025,08:00 स.,0.21,104.48,104.69,21.52,21.73,20.6,17.88,Success
Khadakwasla,26/05/2025,07:00 स.,30.0,55.91,85.91,22.68,52.68,40.57,43.92,Success
Mulshi,26/05/2025,07:45 स.,230.0,522.76,752.76,127.11,357.11,24.32,17.09,Success
Panshet,26/05/2025,07:00 स.,9.0,301.61,310.61,54.14,63.14,17.95,17.86,Success
Temghar,26/05/2025,07:45 स.,2.95,105.01,107.96,8.34,11.29,7.94,3.79,Success
Gunjawani,25/05/2025,11:47 स.,0.21,104.48,104.69,21.33,21.54,20.42,18.27,Success
Khadakwasla,25/05/2025,07:00 स.,30.0,55.91,85.91,21.16,51.16,37.85,44.69,Success
Mulshi,25/05/2025,07:45 स.,230.0,522.76,752.76,123.8,353.8,23.68,17.37,Success
Panshet,25/05/2025,07:00 स.,9.0,301.61,310.61,55.78,64.78,18.49,17.84,Success
Temghar,25/05/2025,07:45 स.,2.95,105.01,107.96,8.34,11.29,7.94,3.92,Success
Gunjawani,24/05/2025,07:22 स.,0.21,104.48,104.69,21.33,21.54,20.42,18.75,Success
Khadakwasla,24/05/2025,04:00 स.,30.0,55.91,85.91,22.28,52.28,39.85,46.65,Success
Mulshi,24/05/2025,07:45 स.,230.0,522.76,752.76,126.5,356.5,24.2,17.59,Success
Panshet,24/05/2025,08:00 स.,9.0,301.61,310.61,55.72,64.72,18.47,17.84,Success
Temghar,24/05/2025,07:45 स.,2.95,105.01,107.96,8.34,11.29,7.94,4.08,Success
Gunjawani,23/05/2025,06:26 स.,0.21,104.48,104.69,21.14,21.35,20.23,19.12,Success
Khadakwasla,23/05/2025,05:00 स.,30.0,55.91,85.91,24.65,54.65,44.09,45.11,Success
Mulshi,23/05/2025,07:45 स.,230.0,522.76,752.76,130.74,360.74,25.01,18.14,Success
Panshet,23/05/2025,08:00 स.,9.0,301.61,310.61,55.72,64.72,18.47,17.91,Success
Temghar,23/05/2025,07:45 स.,2.95,105.01,107.96,8.34,11.29,7.94,4.28,Success
Gunjawani,22/05/2025,06:45 स.,0.21,104.48,104.69,20.75,20.96,19.86,19.49,Success
Khadakwasla,22/05/2025,08:45 स.,30.0,55.91,85.91,27.63,57.63,49.42,45.72,Success
Mulshi,22/05/2025,07:45 स.,230.0,522.76,752.76,133.16,363.16,25.47,18.86,Success
Panshet,22/05/2025,08:45 स.,9.0,301.61,310.61,55.65,64.65,18.45,18.56,Success
Temghar,22/05/2025,07:45 स.,2.95,105.01,107.96,8.34,11.29,7.94,4.11,Success
Gunjawani,21/05/2025,06:44 स.,0.21,104.48,104.69,20.36,20.57,19.49,19.86,Success
Khadakwasla,21/05/2025,07:00 स.,30.0,55.91,85.91,29.7,59.7,53.12,44.48,Success
Mulshi,21/05/2025,07:45 स.,230.0,522.76,752.76,136.19,366.19,26.05,19.54,Success
Panshet,21/05/2025,08:00 स.,9.0,301.61,310.61,55.72,64.72,18.47,18.79,Success
Temghar,21/05/2025,07:45 स.,2.95,105.01,107.96,8.37,11.32,7.97,4.48,Success
Gunjawani,20/05/2025,07:04 स.,0.21,104.48,104.69,20.17,20.38,19.31,20.05,Success
Khadakwasla,20/05/2025,08:00 स.,30.0,55.91,85.91,30.72,60.72,54.95,45.92,Success
Mulshi,20/05/2025,07:45 स.,230.0,522.76,752.76,137.1,367.1,26.23,20.21,Success
Panshet,20/05/2025,08:00 स.,9.0,301.61,310.61,55.65,64.65,18.45,19.02,Success
Temghar,20/05/2025,07:45 स.,2.95,105.01,107.96,8.36,11.31,7.96,4.58,Success
Gunjawani,19/05/2025,08:00 स.,0.21,104.48,104.69,20.36,20.57,19.49,20.14,Success
Khadakwasla,19/05/2025,08:00 स.,30.0,55.91,85.91,30.95,60.95,55.36,48.49,Success
Mulshi,19/05/2025,07:45 स.,230.0,522.76,752.76,140.12,370.12,26.8,20.72,Success
Panshet,19/05/2025,08:00 स.,9.0,301.61,310.61,57.17,66.17,18.95,19.13,Success
Temghar,19/05/2025,07:45 स.,2.95,105.01,107.96,8.36,11.31,7.96,2.94,Success
Gunjawani,18/05/2025,05:56 स.,0.21,104.48,104.69,20.56,20.77,19.68,20.23,Success
Khadakwasla,18/05/2025,08:00 स.,30.0,55.91,85.91,30.62,60.62,54.77,50.87,Success
Mulshi,18/05/2025,07:15 स.,230.0,522.76,752.76,141.66,371.66,27.1,20.89,Success
Panshet,18/05/2025,08:00 स.,9.0,301.61,310.61,58.45,67.45,19.38,19.15,Success
Temghar,18/05/2025,07:15 स.,2.95,105.01,107.96,8.34,11.29,7.94,4.76,Success
Gunjawani,17/05/2025,08:01 स.,0.21,104.48,104.69,20.94,21.15,20.04,20.42,Success
Khadakwasla,17/05/2025,08:00 स.,30.0,55.91,85.91,30.51,60.51,54.57,53.56,Success
Mulshi,17/05/2025,07:45 स.,230.0,522.76,752.76,144.15,374.15,27.57,21.74,Success
Panshet,17/05/2025,08:00 स.,9.0,301.61,310.61,60.29,69.29,19.99,19.11,Success
Temghar,17/05/2025,07:45 स.,2.95,105.01,107.96,8.36,11.31,7.96,4.86,Success
Gunjawani,16/05/2025,08:10 स.,0.21,104.48,104.69,21.52,21.73,20.6,20.6,Success
Khadakwasla,16/05/2025,08:00 स.,30.0,55.91,85.91,30.1,60.1,53.84,58.32,Success
Mulshi,16/05/2025,08:00 स.,230.0,522.76,752.76,147.73,377.73,28.26,22.37,Success
Panshet,16/05/2025,08:00 स.,9.0,301.61,310.61,61.85,70.85,20.51,19.12,Success
Temghar,16/05/2025,08:00 स.,2.95,105.01,107.96,8.44,11.39,8.04,4.94,Success
Gunjawani,15/05/2025,06:28 स.,0.21,104.48,104.69,22.11,22.32,21.16,20.6,Success
Khadakwasla,15/05/2025,11:00 स.,30.0,55.91,85.91,29.7,59.7,53.12,63.08,Success
Mulshi,15/05/2025,07:45 स.,230.0,522.76,752.76,151.3,381.3,28.94,23.0,Success
Panshet,15/05/2025,08:00 स.,9.0,301.61,310.61,63.41,72.41,21.02,19.13,Success
Temghar,15/05/2025,07:45 स.,2.95,105.01,107.96,8.52,11.47,8.11,5.03,Success
Gunjawani,14/05/2025,06:31 स.,0.21,104.48,104.69,22.69,22.9,21.72,20.6,Success
Khadakwasla,14/05/2025,08:00 स.,30.0,55.91,85.91,29.17,59.17,52.17,61.73,Success
Mulshi,14/05/2025,07:45 स.,230.0,522.76,752.76,155.02,385.02,29.65,23.57,Success
Panshet,14/05/2025,08:00 स.,9.0,301.61,310.61,64.56,73.56,21.41,19.15,Success
Temghar,14/05/2025,07:45 स.,2.95,105.01,107.96,8.55,11.5,8.14,5.02,Success
Gunjawani,13/05/2025,07:21 स.,0.21,104.48,104.69,23.27,23.48,22.27,20.6,Success
Khadakwasla,13/05/2025,08:00 स.,30.0,55.91,85.91,28.06,58.06,50.19,61.97,Success
Mulshi,13/05/2025,07:45 स.,230.0,522.76,752.76,157.52,387.52,30.13,23.97,Success
Panshet,13/05/2025,08:00 स.,9.0,301.61,310.61,65.95,74.95,21.87,19.56,Success
Temghar,13/05/2025,07:45 स.,2.95,105.01,107.96,8.54,11.49,8.13,3.23,Success
Gunjawani,12/05/2025,07:48 स.,0.21,104.48,104.69,23.69,23.9,22.67,20.6,Success
Khadakwasla,12/05/2025,08:00 स.,30.0,55.91,85.91,27.63,57.63,49.42,56.0,Success
Mulshi,12/05/2025,07:45 स.,230.0,522.76,752.76,160.04,390.04,30.61,24.2,Success
Panshet,12/05/2025,08:00 स.,9.0,301.61,310.61,67.52,76.52,22.39,19.9,Success
Temghar,12/05/2025,07:45 स.,2.95,105.01,107.96,8.62,11.57,8.21,5.19,Success
Gunjawani,11/05/2025,08:00 स.,0.21,104.48,104.69,24.26,24.47,23.22,20.6,Success
Khadakwasla,11/05/2025,08:00 स.,30.0,55.91,85.91,26.78,56.78,47.9,53.15,Success
Mulshi,11/05/2025,07:45 स.,230.0,522.76,752.76,161.29,391.29,30.85,24.49,Success
Panshet,11/05/2025,07:00 स.,9.0,301.61,310.61,68.94,77.94,22.86,20.62,Success
Temghar,11/05/2025,07:45 स.,2.95,105.01,107.96,8.64,11.59,8.23,5.11,Success
Gunjawani,10/05/2025,06:46 स.,0.21,104.48,104.69,24.83,25.04,23.77,20.6,Success
Khadakwasla,10/05/2025,08:00 स.,30.0,55.91,85.91,25.7,55.7,45.97,48.82,Success
Mulshi,10/05/2025,08:00 स.,230.0,522.76,752.76,163.18,393.18,31.22,27.94,Success
Panshet,10/05/2025,08:00 स.,9.0,301.61,310.61,73.2,82.2,24.27,22.06,Success
Temghar,10/05/2025,08:00 स.,2.95,105.01,107.96,8.74,11.69,8.32,6.7,Success
Gunjawani,09/05/2025,07:21 स.,0.21,104.48,104.69,25.28,25.49,24.2,21.16,Success
Khadakwasla,09/05/2025,05:00 स.,30.0,55.91,85.91,24.63,54.63,44.05,44.5,Success
Mulshi,09/05/2025,04:45 स.,230.0,522.76,752.76,165.06,395.06,31.57,31.39,Success
Panshet,09/05/2025,05:00 स.,9.0,301.61,310.61,82.02,91.02,27.19,23.51,Success
Temghar,09/05/2025,04:45 स.,2.95,105.01,107.96,9.06,12.01,8.63,8.28,Success
Gunjawani,08/05/2025,06:47 स.,0.21,104.48,104.69,25.97,26.18,24.86,21.71,Success
Khadakwasla,08/05/2025,08:00 स.,30.0,55.91,85.91,23.55,53.55,42.12,45.5,Success
Mulshi,08/05/2025,07:45 स.,230.0,522.76,752.76,166.95,396.95,31.94,25.41,Success
Panshet,08/05/2025,08:00 स.,9.0,301.61,310.61,82.02,91.02,27.19,21.95,Success
Temghar,08/05/2025,07:45 स.,2.95,105.01,107.96,9.06,12.01,8.63,5.51,Success
Gunjawani,07/05/2025,08:15 स.,0.21,104.48,104.69,26.65,26.86,25.51,22.27,Success
Khadakwasla,07/05/2025,08:00 स.,30.0,55.91,85.91,23.62,53.62,42.25,43.26,Success
Mulshi,07/05/2025,08:00 स.,230.0,522.76,752.76,168.84,398.84,32.3,28.76,Success
Panshet,07/05/2025,08:00 स.,9.0,301.61,310.61,82.02,91.02,27.19,23.5,Success
Temghar,07/05/2025,08:00 स.,2.95,105.01,107.96,9.06,12.01,8.63,6.94,Success
Gunjawani,06/05/2025,08:00 स.,0.21,104.48,104.69,27.34,27.55,26.17,22.8,Success
Khadakwasla,06/05/2025,10:00 स.,30.0,55.91,85.91,23.69,53.69,42.37,41.01,Success
Mulshi,06/05/2025,10:45 स.,230.0,522.76,752.76,170.73,400.73,32.66,32.12,Success
Panshet,06/05/2025,10:00 स.,9.0,301.61,310.61,82.02,91.02,27.19,25.05,Success
Temghar,06/05/2025,10:45 स.,2.95,105.01,107.96,9.06,12.01,8.63,8.37,Success
Gunjawani,05/05/2025,07:55 स.,0.21,104.48,104.69,28.02,28.23,26.82,23.33,Success
Khadakwasla,05/05/2025,08:00 स.,30.0,55.91,85.91,23.76,53.76,42.5,46.25,Success
Mulshi,05/05/2025,07:45 स.,230.0,522.76,752.76,172.62,402.62,33.02,27.16,Success
Panshet,05/05/2025,07:00 स.,9.0,301.61,310.61,78.68,87.68,26.09,23.51,Success
Temghar,05/05/2025,07:45 स.,2.95,105.01,107.96,8.9,11.85,8.48,5.82,Success
Gunjawani,04/05/2025,07:47 स.,0.21,104.48,104.69,28.56,28.77,27.34,23.98,Success
Khadakwasla,04/05/2025,08:00 स.,30.0,55.91,85.91,24.04,54.04,43.0,46.65,Success
Mulshi,04/05/2025,07:45 स.,230.0,522.76,752.76,173.89,403.89,33.26,27.57,Success
Panshet,04/05/2025,08:00 स.,9.0,301.61,310.61,79.84,88.84,26.47,24.03,Success
Temghar,04/05/2025,07:45 स.,2.95,105.01,107.96,8.92,11.87,8.49,5.9,Success
Gunjawani,03/05/2025,08:40 स.,0.21,104.48,104.69,29.37,29.58,28.11,24.64,Success
Khadakwasla,03/05/2025,08:00 स.,30.0,55.91,85.91,24.33,54.33,43.52,47.11,Success
Mulshi,03/05/2025,07:45 स.,230.0,522.76,752.76,175.49,405.49,33.57,28.05,Success
Panshet,03/05/2025,07:00 स.,9.0,301.61,310.61,82.02,91.02,27.19,24.64,Success
Temghar,03/05/2025,07:45 स.,2.95,105.01,107.96,9.06,12.01,8.63,5.97,Success
Gunjawani,02/05/2025,06:48 स.,0.21,104.48,104.69,30.18,30.39,28.89,25.07,Success
Khadakwasla,02/05/2025,08:00 स.,30.0,55.91,85.91,24.77,54.77,44.3,47.64,Success
Mulshi,02/05/2025,07:45 स.,230.0,522.76,752.76,179.01,409.01,34.24,28.53,Success
Panshet,02/05/2025,07:00 स.,9.0,301.61,310.61,83.63,92.63,27.73,25.26,Success
Temghar,02/05/2025,07:45 स.,2.95,105.01,107.96,9.15,12.1,8.71,6.05,Success
Gunjawani,01/05/2025,07:41 स.,0.21,104.48,104.69,30.72,30.93,29.4,25.73,Success
Khadakwasla,01/05/2025,08:00 स.,30.0,55.91,85.91,25.32,55.32,45.29,48.49,Success
Mulshi,01/05/2025,08:00 स.,230.0,522.76,752.76,180.13,410.13,34.46,28.94,Success
Panshet,01/05/2025,08:00 स.,9.0,301.61,310.61,85.25,94.25,28.26,25.78,Success
Temghar,01/05/2025,07:45 स.,2.95,105.01,107.96,9.2,12.15,8.76,6.21,Success
Gunjawani,30/04/2025,07:06 स.,0.21,104.48,104.69,31.52,31.73,30.17,26.38,Success
Khadakwasla,30/04/2025,08:00 स.,30.0,55.91,85.91,25.32,55.32,45.29,50.66,Success
Mulshi,30/04/2025,05:00 स.,230.0,522.76,752.76,181.25,411.25,34.67,29.36,Success
Panshet,30/04/2025,08:00 स.,9.0,301.61,310.61,86.55,95.55,28.7,26.36,Success
Temghar,30/04/2025,07:45 स.,2.95,105.01,107.96,9.25,12.2,8.81,6.34,Success
Gunjawani,29/04/2025,06:51 स.,0.21,104.48,104.69,32.33,32.54,30.94,27.08,Success
Khadakwasla,29/04/2025,08:00 स.,30.0,55.91,85.91,25.72,55.72,46.0,48.58,Success
Mulshi,29/04/2025,08:00 स.,230.0,522.76,752.76,183.38,413.38,35.08,32.35,Success
Panshet,29/04/2025,08:00 स.,9.0,301.61,310.61,91.28,100.28,30.26,27.9,Success
Temghar,29/04/2025,08:00 स.,2.95,105.01,107.96,9.38,12.33,8.93,7.58,Success
Gunjawani,28/04/2025,07:00 स.,0.21,104.48,104.69,33.14,33.35,31.72,27.59,Success
Khadakwasla,28/04/2025,05:00 स.,30.0,55.91,85.91,26.13,56.13,46.74,46.49,Success
Mulshi,28/04/2025,04:45 स.,230.0,522.76,752.76,185.51,415.51,35.49,35.34,Success
Panshet,28/04/2025,05:00 स.,9.0,301.61,310.61,92.96,101.96,30.82,29.45,Success
Temghar,28/04/2025,04:45 स.,2.95,105.01,107.96,9.5,12.45,9.05,8.83,Success
Gunjawani,27/04/2025,07:30 स.,0.21,104.48,104.69,33.41,33.62,31.98,27.85,Success
Khadakwasla,27/04/2025,08:00 स.,30.0,55.91,85.91,26.53,56.53,47.45,51.93,Success
Mulshi,27/04/2025,07:45 स.,230.0,522.76,752.76,187.64,417.64,35.89,31.34,Success
Panshet,27/04/2025,08:00 स.,9.0,301.61,310.61,91.28,100.28,30.26,27.92,Success
Temghar,27/04/2025,07:45 स.,2.95,105.01,107.96,9.38,12.33,8.93,6.53,Success
Gunjawani,26/04/2025,07:36 स.,0.21,104.48,104.69,33.72,33.93,32.27,28.37,Success
Khadakwasla,26/04/2025,08:00 स.,30.0,55.91,85.91,27.01,57.01,48.31,52.56,Success
Mulshi,26/04/2025,07:45 स.,230.0,522.76,752.76,189.9,419.9,36.33,32.0,Success
Panshet,26/04/2025,08:00 स.,9.0,301.61,310.61,92.96,101.96,30.82,28.7,Success
Temghar,26/04/2025,07:45 स.,2.95,105.01,107.96,9.5,12.45,9.05,6.62,Success
Gunjawani,25/04/2025,08:45 स.,0.21,104.48,104.69,34.34,34.55,32.87,29.14,Success
Khadakwasla,25/04/2025,07:00 स.,30.0,55.91,85.91,27.22,57.22,48.69,52.92,Success
Mulshi,25/04/2025,07:45 स.,230.0,522.76,752.76,193.15,423.15,36.95,32.54,Success
Panshet,25/04/2025,08:00 स.,9.0,301.61,310.61,94.68,103.68,31.39,29.08,Success
Temghar,25/04/2025,07:45 स.,2.95,105.01,107.96,9.57,12.52,9.11,6.73,Success
Gunjawani,24/04/2025,06:49 स.,0.21,104.48,104.69,34.95,35.16,33.45,29.66,Success
Khadakwasla,24/04/2025,08:00 स.,30.0,55.91,85.91,27.32,57.32,48.86,53.56,Success
Mulshi,24/04/2025,07:45 स.,230.0,522.76,752.76,195.74,425.74,37.44,33.14,Success
Panshet,24/04/2025,08:00 स.,9.0,301.61,310.61,96.21,105.21,31.9,29.75,Success
Temghar,24/04/2025,07:45 स.,2.95,105.01,107.96,9.57,12.52,9.11,6.84,Success
Gunjawani,23/04/2025,07:12 स.,0.21,104.48,104.69,35.88,36.09,34.34,30.17,Success
Khadakwasla,23/04/2025,08:00 स.,30.0,55.91,85.91,27.73,57.73,49.6,53.56,Success
Mulshi,23/04/2025,07:45 स.,230.0,522.76,752.76,198.98,428.98,38.06,33.94,Success
Panshet,23/04/2025,08:00 स.,9.0,301.61,310.61,97.62,106.62,32.37,30.29,Success
Temghar,23/04/2025,07:45 स.,2.95,105.01,107.96,9.71,12.66,9.25,6.9,Success
Gunjawani,22/04/2025,06:58 स.,0.21,104.48,104.69,36.8,37.01,35.22,30.95,Success
Khadakwasla,22/04/2025,08:00 स.,30.0,55.91,85.91,27.94,57.94,49.97,53.98,Success
Mulshi,22/04/2025,07:45 स.,230.0,522.76,752.76,202.22,432.22,38.68,34.61,Success
Panshet,22/04/2025,07:00 स.,9.0,301.61,310.61,99.52,108.52,33.0,30.82,Success
Temghar,22/04/2025,07:45 स.,2.95,105.01,107.96,9.73,12.68,9.27,6.98,Success
Gunjawani,21/04/2025,06:52 स.,0.21,104.48,104.69,37.73,37.94,36.11,31.46,Success
Khadakwasla,21/04/2025,08:00 स.,30.0,55.91,85.91,28.19,58.19,50.42,54.19,Success
Mulshi,21/04/2025,07:45 स.,230.0,522.76,752.76,205.13,435.13,39.24,35.34,Success
Panshet,21/04/2025,08:00 स.,9.0,301.61,310.61,101.19,110.19,33.55,31.31,Success
Temghar,21/04/2025,07:45 स.,2.95,105.01,107.96,9.78,12.73,9.31,7.12,Success
Gunjawani,20/04/2025,06:48 स.,0.21,104.48,104.69,38.66,38.87,37.0,31.98,Success
Khadakwasla,20/04/2025,08:00 स.,30.0,55.91,85.91,28.58,58.58,51.12,54.95,Success
Mulshi,20/04/2025,07:45 स.,230.0,522.76,752.76,207.06,437.06,39.61,35.83,Success
Panshet,20/04/2025,08:00 स.,9.0,301.61,310.61,102.84,111.84,34.1,31.9,Success
Temghar,20/04/2025,07:45 स.,2.95,105.01,107.96,9.86,12.81,9.39,7.3,Success
Gunjawani,19/04/2025,06:38 स.,0.21,104.48,104.69,38.66,38.87,37.0,32.27,Success
Khadakwasla,19/04/2025,08:00 स.,30.0,55.91,85.91,28.44,58.44,50.87,54.95,Success
Mulshi,19/04/2025,08:00 स.,230.0,522.76,752.76,209.31,439.31,40.04,38.02,Success
Panshet,19/04/2025,08:00 स.,9.0,301.61,310.61,104.78,113.78,34.74,32.32,Success
Temghar,19/04/2025,07:45 स.,2.95,105.01,107.96,9.87,12.82,9.4,7.3,Success
Gunjawani,18/04/2025,06:23 स.,0.21,104.48,104.69,39.58,39.79,37.88,32.86,Success
Khadakwasla,18/04/2025,08:00 स.,30.0,55.91,85.91,28.83,58.83,51.57,54.58,Success
Mulshi,18/04/2025,03:00 स.,230.0,522.76,752.76,211.56,441.56,40.47,40.22,Success
Panshet,18/04/2025,08:00 स.,9.0,301.61,310.61,106.09,115.09,35.17,33.0,Success
Temghar,18/04/2025,07:45 स.,2.95,105.01,107.96,9.97,12.92,9.49,7.3,Success
Gunjawani,17/04/2025,07:03 स.,0.21,104.48,104.69,40.63,40.84,38.89,33.16,Success
Khadakwasla,17/04/2025,08:00 स.,30.0,55.91,85.91,28.95,58.95,51.78,54.19,Success
Mulshi,17/04/2025,08:00 स.,230.0,522.76,752.76,213.81,443.81,40.9,38.37,Success
Panshet,17/04/2025,08:00 स.,9.0,301.61,310.61,107.86,116.86,35.76,33.3,Success
Temghar,17/04/2025,07:45 स.,2.95,105.01,107.96,10.04,12.99,9.56,7.3,Success
Gunjawani,16/04/2025,08:00 स.,0.21,104.48,104.69,42.02,42.23,40.22,36.35,Success
Khadakwasla,16/04/2025,08:23 स.,30.0,55.91,85.91,29.7,59.7,53.12,53.98,Success
Mulshi,16/04/2025,07:45 स.,230.0,522.76,752.76,216.38,446.38,41.39,39.3,Success
Panshet,16/04/2025,08:23 स.,9.0,301.61,310.61,110.23,119.23,36.55,34.35,Success
Temghar,16/04/2025,07:45 स.,2.95,105.01,107.96,10.11,13.06,9.63,7.39,Success
Gunjawani,15/04/2025,10:13 स.,0.21,104.48,104.69,42.37,42.58,40.55,39.55,Success
Khadakwasla,15/04/2025,08:47 स.,30.0,55.91,85.91,30.07,60.07,53.78,54.95,Success
Mulshi,15/04/2025,07:45 स.,230.0,522.76,752.76,219.91,449.91,42.07,39.85,Success
Panshet,15/04/2025,08:48 स.,9.0,301.61,310.61,112.04,121.04,37.15,34.5,Success
Temghar,15/04/2025,07:45 स.,2.95,105.01,107.96,7.87,10.82,7.49,7.96,Success
Gunjawani,14/04/2025,07:09 स.,0.21,104.48,104.69,42.02,42.23,40.22,34.64,Success
Khadakwasla,14/04/2025,08:00 स.,30.0,55.91,85.91,29.7,59.7,53.12,53.76,Success
Mulshi,14/04/2025,07:45 स.,230.0,522.76,752.76,222.62,452.62,42.59,39.92,Success
Panshet,14/04/2025,08:00 स.,9.0,301.61,310.61,112.94,121.94,37.45,35.11,Success
Temghar,14/04/2025,07:45 स.,2.95,105.01,107.96,7.87,10.82,7.49,7.96,Success
Gunjawani,13/04/2025,07:54 स.,0.21,104.48,104.69,42.37,42.58,40.55,35.23,Success
Khadakwasla,13/04/2025,08:00 स.,30.0,55.91,85.91,29.47,59.47,52.71,54.36,Success
Mulshi,13/04/2025,07:45 स.,230.0,522.76,752.76,223.99,453.99,42.85,40.35,Success
Panshet,13/04/2025,08:00 स.,9.0,301.61,310.61,114.96,123.96,38.12,35.73,Success
Temghar,13/04/2025,07:45 स.,2.95,105.01,107.96,7.87,10.82,7.49,7.96,Success
Gunjawani,12/04/2025,08:00 स.,0.21,104.48,104.69,42.9,43.11,41.06,35.67,Success
Khadakwasla,12/04/2025,08:00 स.,30.0,55.91,85.91,29.95,59.95,53.57,55.15,Success
Mulshi,12/04/2025,07:45 स.,230.0,522.76,752.76,225.35,455.35,43.11,40.65,Success
Panshet,12/04/2025,08:00 स.,9.0,301.61,310.61,116.26,125.26,38.55,36.28,Success
Temghar,12/04/2025,07:45 स.,2.95,105.01,107.96,7.87,10.82,7.49,7.96,Success
Gunjawani,11/04/2025,06:54 स.,0.21,104.48,104.69,43.42,43.63,41.56,36.11,Success
Khadakwasla,11/04/2025,08:00 स.,30.0,55.91,85.91,30.07,60.07,53.78,55.15,Success
Mulshi,11/04/2025,07:45 स.,230.0,522.76,752.76,227.74,457.74,43.56,41.15,Success
Panshet,11/04/2025,07:00 स.,9.0,301.61,310.61,118.21,127.21,39.19,36.98,Success
Temghar,11/04/2025,07:45 स.,2.95,105.01,107.96,7.87,10.82,7.49,8.07,Success
Gunjawani,10/04/2025,07:28 स.,0.21,104.48,104.69,44.12,44.33,42.23,37.59,Success
Khadakwasla,10/04/2025,08:00 स.,30.0,55.91,85.91,29.7,59.7,53.12,55.58,Success
Mulshi,10/04/2025,07:45 स.,230.0,522.76,752.76,230.12,460.12,44.02,41.27,Success
Panshet,10/04/2025,07:00 स.,9.0,301.61,310.61,119.88,128.88,39.75,37.44,Success
Temghar,10/04/2025,07:45 स.,2.95,105.01,107.96,7.93,10.88,7.55,8.18,Success
Gunjawani,09/04/2025,07:44 स.,0.21,104.48,104.69,44.82,45.03,42.9,37.59,Success
Khadakwasla,09/04/2025,08:00 स.,30.0,55.91,85.91,29.82,59.82,53.34,55.58,Success
Mulshi,09/04/2025,07:45 स.,230.0,522.76,752.76,234.22,464.22,44.8,41.82,Success
Panshet,09/04/2025,07:00 स.,9.0,301.61,310.61,121.9,130.9,40.42,38.0,Success
Temghar,09/04/2025,07:45 स.,2.95,105.01,107.96,8.05,11.0,7.67,8.18,Success
Gunjawani,08/04/2025,07:09 स.,0.21,104.48,104.69,45.51,45.72,43.56,37.59,Success
Khadakwasla,08/04/2025,08:44 स.,30.0,55.91,85.91,30.07,60.07,53.78,56.0,Success
Mulshi,08/04/2025,07:45 स.,230.0,522.76,752.76,237.63,467.63,45.46,42.26,Success
Panshet,08/04/2025,08:44 स.,9.0,301.61,310.61,123.57,132.57,40.97,38.73,Success
Temghar,08/04/2025,07:45 स.,2.95,105.01,107.96,8.15,11.1,7.76,8.18,Success
Gunjawani,07/04/2025,07:03 स.,0.21,104.48,104.69,46.21,46.42,44.23,38.22,Success
Khadakwasla,07/04/2025,08:00 स.,30.0,55.91,85.91,29.59,59.59,52.92,56.0,Success
Mulshi,07/04/2025,08:35 स.,230.0,522.76,752.76,240.66,470.66,46.04,42.78,Success
Panshet,07/04/2025,08:00 स.,9.0,301.61,310.61,124.67,133.67,41.33,39.19,Success
Temghar,07/04/2025,07:45 स.,2.95,105.01,107.96,8.28,11.23,7.88,8.18,Success
Gunjawani,06/04/2025,08:00 स.,0.21,104.48,104.69,47.08,47.29,45.06,39.22,Success
Khadakwasla,06/04/2025,08:00 स.,30.0,55.91,85.91,29.59,59.59,52.92,56.19,Success
Mulshi,06/04/2025,07:45 स.,230.0,522.76,752.76,242.69,472.69,46.42,42.91,Success
Panshet,06/04/2025,08:00 स.,9.0,301.61,310.61,126.51,135.51,41.94,39.71,Success
Temghar,06/04/2025,07:45 स.,2.95,105.01,107.96,8.32,11.27,7.92,8.3,Success
Gunjawani,05/04/2025,07:02 स.,0.21,104.48,104.69,47.94,48.15,45.88,40.22,Success
Khadakwasla,05/04/2025,08:00 स.,30.0,55.91,85.91,30.07,60.07,53.78,56.42,Success
Mulshi,05/04/2025,07:45 स.,230.0,522.76,752.76,245.39,475.39,46.94,43.43,Success
Panshet,05/04/2025,07:00 स.,9.0,301.61,310.61,128.59,137.59,42.63,40.48,Success
Temghar,05/04/2025,07:45 स.,2.95,105.01,107.96,8.43,11.38,8.03,8.3,Success
Gunjawani,04/04/2025,07:58 स.,0.21,104.48,104.69,48.87,49.08,46.77,40.22,Success
Khadakwasla,04/04/2025,08:00 स.,30.0,55.91,85.91,29.82,59.82,53.34,56.19,Success
Mulshi,04/04/2025,08:19 स.,230.0,522.76,752.76,247.08,477.08,47.26,44.35,Success
Panshet,04/04/2025,08:00 स.,9.0,301.61,310.61,130.15,139.15,43.15,40.88,Success
Temghar,04/04/2025,07:45 स.,2.95,105.01,107.96,8.54,11.49,8.13,8.41,Success
Gunjawani,03/04/2025,07:09 स.,0.21,104.48,104.69,49.33,49.54,47.21,40.89,Success
Khadakwasla,03/04/2025,08:00 स.,30.0,55.91,85.91,28.19,58.19,50.42,54.76,Success
Mulshi,03/04/2025,07:45 स.,230.0,522.76,752.76,249.78,479.78,47.78,44.48,Success
Panshet,03/04/2025,07:00 स.,9.0,301.61,310.61,132.19,141.19,43.83,41.47,Success
Temghar,03/04/2025,07:45 स.,2.95,105.01,107.96,8.63,11.58,8.22,8.41,Success
Gunjawani,02/04/2025,07:12 स.,0.21,104.48,104.69,50.25,50.46,48.1,41.22,Success
Khadakwasla,02/04/2025,08:00 स.,30.0,55.91,85.91,28.31,58.31,50.63,54.97,Success
Mulshi,02/04/2025,07:45 स.,230.0,522.76,752.76,253.15,483.15,48.43,44.87,Success
Panshet,02/04/2025,07:00 स.,9.0,301.61,310.61,133.84,142.84,44.38,42.0,Success
Temghar,02/04/2025,07:45 स.,2.95,105.01,107.96,8.68,11.63,8.27,8.53,Success
Gunjawani,01/04/2025,07:46 स.,0.21,104.48,104.69,50.71,50.92,48.54,41.22,Success
Khadakwasla,01/04/2025,08:00 स.,30.0,55.91,85.91,30.07,60.07,53.78,55.35,Success
Mulshi,01/04/2025,07:45 स.,230.0,522.76,752.76,256.22,486.22,49.01,45.33,Success
Panshet,01/04/2025,07:00 स.,9.0,301.61,310.61,135.49,144.49,44.92,42.7,Success
Temghar,01/04/2025,07:45 स.,2.95,105.01,107.96,8.81,11.76,8.39,8.53,Success
Gunjawani,31/03/2025,07:16 स.,0.21,104.48,104.69,51.64,51.85,49.43,41.89,Success
Khadakwasla,31/03/2025,08:00 स.,30.0,55.91,85.91,31.89,61.89,57.04,55.58,Success
Mulshi,31/03/2025,07:30 स.,230.0,522.76,752.76,257.24,487.24,49.21,45.78,Success
Panshet,31/03/2025,07:00 स.,9.0,301.61,310.61,137.43,146.43,45.57,42.35,Success
Temghar,31/03/2025,07:45 स.,2.95,105.01,107.96,8.91,11.86,8.48,8.64,Success
Gunjawani,30/03/2025,07:15 स.,0.21,104.48,104.69,51.64,51.85,49.43,42.56,Success
Khadakwasla,30/03/2025,08:00 स.,30.0,55.91,85.91,33.57,63.57,60.04,55.15,Success
Mulshi,30/03/2025,07:45 स.,230.0,522.76,752.76,258.27,488.27,49.41,46.23,Success
Panshet,30/03/2025,08:00 स.,9.0,301.61,310.61,139.2,148.2,46.15,43.79,Success
Temghar,30/03/2025,07:45 स.,2.95,105.01,107.96,9.02,11.97,8.59,8.64,Success
Gunjawani,29/03/2025,07:33 स.,0.21,104.48,104.69,52.56,52.77,50.31,43.23,Success
Khadakwasla,29/03/2025,08:00 स.,30.0,55.91,85.91,35.31,65.31,63.16,55.15,Success
Mulshi,29/03/2025,07:45 स.,230.0,522.76,752.76,259.64,489.64,49.67,46.55,Success
Panshet,29/03/2025,07:00 स.,9.0,301.61,310.61,140.94,149.94,46.73,44.75,Success
Temghar,29/03/2025,07:45 स.,2.95,105.01,107.96,9.09,12.04,8.66,8.76,Success
Gunjawani,28/03/2025,07:04 स.,0.21,104.48,104.69,53.48,53.69,51.19,43.9,Success
Khadakwasla,28/03/2025,08:00 स.,30.0,55.91,85.91,36.74,66.74,65.71,55.15,Success
Mulshi,28/03/2025,07:45 स.,230.0,522.76,752.76,262.37,492.37,50.19,47.01,Success
Panshet,28/03/2025,08:00 स.,9.0,301.61,310.61,142.81,151.81,47.35,45.09,Success
Temghar,28/03/2025,07:45 स.,2.95,105.01,107.96,9.16,12.11,8.72,8.76,Success
Gunjawani,27/03/2025,07:35 स.,0.21,104.48,104.69,55.33,55.54,52.96,44.23,Success
Khadakwasla,27/03/2025,08:00 स.,30.0,55.91,85.91,38.73,68.73,69.27,55.15,Success
Mulshi,27/03/2025,08:00 स.,230.0,522.76,752.76,264.08,494.08,50.52,47.78,Success
Panshet,27/03/2025,08:00 स.,9.0,301.61,310.61,144.54,153.54,47.92,45.64,Success
Temghar,27/03/2025,07:45 स.,2.95,105.01,107.96,9.24,12.19,8.8,8.88,Success
Gunjawani,26/03/2025,07:07 स.,0.21,104.48,104.69,56.23,56.44,53.82,45.01,Success
Khadakwasla,26/03/2025,08:00 स.,30.0,55.91,85.91,39.89,69.89,71.35,54.76,Success
Mulshi,26/03/2025,07:45 स.,230.0,522.76,752.76,266.48,496.48,50.98,48.36,Success
Panshet,26/03/2025,08:00 स.,9.0,301.61,310.61,145.92,154.92,48.38,46.2,Success
Temghar,26/03/2025,07:45 स.,2.95,105.01,107.96,9.32,12.27,8.88,8.99,Success
Gunjawani,25/03/2025,08:00 स.,0.21,104.48,104.69,56.68,56.89,54.25,45.89,Success
Khadakwasla,25/03/2025,08:00 स.,30.0,55.91,85.91,39.89,69.89,71.35,54.76,Success
Mulshi,25/03/2025,08:00 स.,230.0,522.76,752.76,268.87,498.87,51.43,49.01,Success
Panshet,25/03/2025,08:00 स.,9.0,301.61,310.61,147.84,156.84,49.02,46.9,Success
Temghar,25/03/2025,07:45 स.,2.95,105.01,107.96,9.42,12.37,8.97,8.99,Success
Gunjawani,24/03/2025,07:02 स.,0.21,104.48,104.69,57.12,57.33,54.67,46.77,Success
Khadakwasla,24/03/2025,08:00 स.,30.0,55.91,85.91,39.89,69.89,71.35,54.36,Success
Mulshi,24/03/2025,08:00 स.,230.0,522.76,752.76,270.76,500.76,51.79,49.37,Success
Panshet,24/03/2025,08:00 स.,9.0,301.61,310.61,149.49,158.49,49.56,47.48,Success
Temghar,24/03/2025,07:45 स.,2.95,105.01,107.96,9.56,12.51,9.1,9.11,Success
Gunjawani,23/03/2025,07:00 स.,0.21,104.48,104.69,58.0,58.21,55.51,47.21,Success
Khadakwasla,23/03/2025,08:35 स.,30.0,55.91,85.91,40.01,70.01,71.56,54.39,Success
Mulshi,23/03/2025,05:30 स.,230.0,522.76,752.76,272.65,502.65,52.16,49.73,Success
Panshet,23/03/2025,08:36 स.,9.0,301.61,310.61,151.23,160.23,50.14,48.1,Success
Temghar,23/03/2025,07:45 स.,2.95,105.01,107.96,9.61,12.56,9.15,9.11,Success
Gunjawani,22/03/2025,07:21 स.,0.21,104.48,104.69,58.45,58.66,55.94,48.1,Success
Khadakwasla,22/03/2025,08:28 स.,30.0,55.91,85.91,40.01,70.01,71.56,54.39,Success
Mulshi,22/03/2025,08:00 स.,230.0,522.76,752.76,274.73,504.73,52.55,51.08,Success
Panshet,22/03/2025,08:29 स.,9.0,301.61,310.61,153.08,162.08,50.75,48.67,Success
Temghar,22/03/2025,08:00 स.,2.95,105.01,107.96,9.93,12.88,9.46,9.19,Success
Gunjawani,21/03/2025,07:07 स.,0.21,104.48,104.69,58.89,59.1,56.36,48.54,Success
Khadakwasla,21/03/2025,08:00 स.,30.0,55.91,85.91,39.64,69.64,70.9,53.98,Success
Mulshi,21/03/2025,12:00 स.,230.0,522.76,752.76,276.82,506.82,52.95,52.42,Success
Panshet,21/03/2025,08:00 स.,9.0,301.61,310.61,154.73,163.73,51.3,49.26,Success
Temghar,21/03/2025,03:00 स.,2.95,105.01,107.96,9.98,12.93,9.5,9.27,Success
Gunjawani,20/03/2025,08:00 स.,0.21,104.48,104.69,59.34,59.55,56.8,49.42,Success
Khadakwasla,20/03/2025,08:00 स.,30.0,55.91,85.91,39.39,69.39,70.45,53.98,Success
Mulshi,20/03/2025,07:45 स.,230.0,522.76,752.76,278.9,508.9,53.35,51.5,Success
Panshet,20/03/2025,08:00 स.,9.0,301.61,310.61,156.48,165.48,51.88,49.7,Success
Temghar,20/03/2025,07:45 स.,2.95,105.01,107.96,9.93,12.88,9.46,9.23,Success
Gunjawani,19/03/2025,07:00 स.,0.21,104.48,104.69,59.78,59.99,57.22,50.31,Success
Khadakwasla,19/03/2025,08:00 स.,30.0,55.91,85.91,39.27,69.27,70.24,53.34,Success
Mulshi,19/03/2025,08:00 स.,230.0,522.76,752.76,280.98,510.98,53.75,51.96,Success
Panshet,19/03/2025,08:00 स.,9.0,301.61,310.61,158.52,167.52,52.56,50.42,Success
Temghar,19/03/2025,07:45 स.,2.95,105.01,107.96,9.98,12.93,9.5,9.3,Success
Gunjawani,18/03/2025,07:06 स.,0.21,104.48,104.69,60.22,60.43,57.64,51.19,Success
Khadakwasla,18/03/2025,08:00 स.,30.0,55.91,85.91,39.0,69.0,69.75,53.34,Success
Mulshi,18/03/2025,07:45 स.,230.0,522.76,752.76,284.1,514.1,54.35,52.55,Success
Panshet,18/03/2025,08:00 स.,9.0,301.61,310.61,159.99,168.99,53.05,50.96,Success
Temghar,18/03/2025,07:45 स.,2.95,105.01,107.96,10.06,13.01,9.58,9.39,Success
Gunjawani,17/03/2025,07:03 स.,0.21,104.48,104.69,61.1,61.31,58.48,52.07,Success
Khadakwasla,17/03/2025,08:00 स.,30.0,55.91,85.91,39.0,69.0,69.75,53.15,Success
Mulshi,17/03/2025,08:00 स.,230.0,522.76,752.76,285.84,515.84,54.68,53.02,Success
Panshet,17/03/2025,07:00 स.,9.0,301.61,310.61,162.5,171.5,53.88,51.51,Success
Temghar,17/03/2025,07:45 स.,2.95,105.01,107.96,10.2,13.15,9.71,9.51,Success
Gunjawani,16/03/2025,08:00 स.,0.21,104.48,104.69,63.28,63.49,60.57,52.74,Success
Khadakwasla,16/03/2025,08:00 स.,30.0,55.91,85.91,39.14,69.14,70.01,53.15,Success
Mulshi,16/03/2025,08:00 स.,230.0,522.76,752.76,287.22,517.22,54.94,53.08,Success
Panshet,16/03/2025,08:00 स.,9.0,301.61,310.61,164.2,173.2,54.44,52.26,Success
Temghar,16/03/2025,07:45 स.,2.95,105.01,107.96,10.2,13.15,9.71,9.62,Success
Gunjawani,15/03/2025,07:08 स.,0.21,104.48,104.69,65.45,65.66,62.64,53.4,Success
Khadakwasla,15/03/2025,08:00 स.,30.0,55.91,85.91,39.14,69.14,70.01,53.15,Success
Mulshi,15/03/2025,07:45 स.,230.0,522.76,752.76,288.96,518.96,55.28,53.42,Success
Panshet,15/03/2025,08:00 स.,9.0,301.61,310.61,166.13,175.13,55.08,52.79,Success
Temghar,15/03/2025,07:45 स.,2.95,105.01,107.96,10.38,13.33,9.88,9.67,Success
Gunjawani,14/03/2025,07:15 स.,0.21,104.48,104.69,67.63,67.84,64.73,53.82,Success
Khadakwasla,14/03/2025,08:00 स.,30.0,55.91,85.91,38.87,68.87,69.52,52.56,Success
Mulshi,14/03/2025,07:45 स.,230.0,522.76,752.76,289.66,519.66,55.41,53.82,Success
Panshet,14/03/2025,08:00 स.,9.0,301.61,310.61,167.78,176.78,55.63,53.43,Success
Temghar,14/03/2025,07:45 स.,2.95,105.01,107.96,10.5,13.45,10.0,9.71,Success
Gunjawani,13/03/2025,07:57 स.,0.21,104.48,104.69,69.8,70.01,66.81,55.09,Success
Khadakwasla,13/03/2025,08:00 स.,30.0,55.91,85.91,38.59,68.59,69.02,52.17,Success
Mulshi,13/03/2025,08:00 स.,230.0,522.76,752.76,291.42,521.42,55.75,54.41,Success
Panshet,13/03/2025,08:00 स.,9.0,301.61,310.61,169.45,178.45,56.18,54.1,Success
Temghar,13/03/2025,07:45 स.,2.95,105.01,107.96,10.62,13.57,10.11,9.71,Success
Gunjawani,12/03/2025,07:02 स.,0.21,104.48,104.69,70.04,70.25,67.04,55.09,Success
Khadakwasla,12/03/2025,08:00 स.,30.0,55.91,85.91,38.87,68.87,69.52,51.57,Success
Mulshi,12/03/2025,07:45 स.,230.0,522.76,752.76,294.22,524.22,56.28,54.94,Success
Panshet,12/03/2025,07:00 स.,9.0,301.61,310.61,171.6,180.6,56.89,54.74,Success
Temghar,12/03/2025,07:45 स.,2.95,105.01,107.96,10.67,13.62,10.16,9.71,Success
Gunjawani,11/03/2025,07:35 am,0.21,104.48,104.69,70.29,70.5,67.28,55.94,Success
Khadakwasla,11/03/2025,08:00 am,30.0,55.91,85.91,38.73,68.73,69.27,50.66,Success
Mulshi,11/03/2025,07:45 am,230.0,522.76,752.76,297.03,527.03,56.82,55.61,Success
Panshet,11/03/2025,08:00 am,9.0,301.61,310.61,173.32,182.32,57.46,55.4,Success
Temghar,11/03/2025,07:45 am,2.95,105.01,107.96,10.78,13.73,10.27,9.96,Success
Gunjawani,10/03/2025,07:04 स.,0.21,104.48,104.69,70.78,70.99,67.75,56.36,Success
Khadakwasla,10/03/2025,08:00 स.,30.0,55.91,85.91,38.87,68.87,69.52,51.93,Success
Mulshi,10/03/2025,07:45 स.,230.0,522.76,752.76,298.78,528.78,57.15,56.15,Success
Panshet,10/03/2025,08:00 स.,9.0,301.61,310.61,175.13,184.13,58.07,55.93,Success
Temghar,10/03/2025,07:45 स.,2.95,105.01,107.96,10.89,13.84,10.37,9.96,Success
Gunjawani,09/03/2025,06:51 स.,0.21,104.48,104.69,71.02,71.23,67.97,57.21,Success
Khadakwasla,09/03/2025,08:00 स.,30.0,55.91,85.91,38.73,68.73,69.27,54.58,Success
Mulshi,09/03/2025,07:45 स.,230.0,522.76,752.76,300.19,530.19,57.42,56.62,Success
Panshet,09/03/2025,07:00 स.,9.0,301.61,310.61,177.06,186.06,58.7,56.63,Success
Temghar,09/03/2025,07:45 स.,2.95,105.01,107.96,10.98,13.93,10.46,9.96,Success
Gunjawani,08/03/2025,06:50 स.,0.21,104.48,104.69,71.27,71.48,68.21,58.06,Success
Khadakwasla,08/03/2025,08:41 स.,30.0,55.91,85.91,39.27,69.27,70.24,58.16,Success
Mulshi,08/03/2025,07:45 स.,230.0,522.76,752.76,301.59,531.59,57.69,56.89,Success
Panshet,08/03/2025,08:41 स.,9.0,301.61,310.61,178.79,187.79,59.28,57.65,Success
Temghar,08/03/2025,07:45 स.,2.95,105.01,107.96,11.06,14.01,10.53,9.96,Success
Gunjawani,07/03/2025,07:16 स.,0.21,104.48,104.69,71.76,71.97,68.68,59.52,Success
Khadakwasla,07/03/2025,08:00 स.,30.0,55.91,85.91,38.45,68.45,68.77,62.22,Success
Mulshi,07/03/2025,07:45 स.,230.0,522.76,752.76,302.99,532.99,57.96,57.29,Success
Panshet,07/03/2025,08:00 स.,9.0,301.61,310.61,180.72,189.72,59.92,57.92,Success
Temghar,07/03/2025,07:45 स.,2.95,105.01,107.96,11.14,14.09,10.61,10.08,Success
Gunjawani,06/03/2025,07:49 स.,0.21,104.48,104.69,72.25,72.46,69.15,60.56,Success
Khadakwasla,06/03/2025,08:00 स.,30.0,55.91,85.91,38.33,68.33,68.56,60.04,Success
Mulshi,06/03/2025,07:45 स.,230.0,522.76,752.76,304.04,534.04,58.16,57.76,Success
Panshet,06/03/2025,07:00 स.,9.0,301.61,310.61,182.64,191.64,60.56,58.93,Success
Temghar,06/03/2025,07:45 स.,2.95,105.01,107.96,11.24,14.19,10.7,10.08,Success
Gunjawani,05/03/2025,07:34 स.,0.21,104.48,104.69,72.5,72.71,69.39,63.69,Success
Khadakwasla,05/03/2025,08:00 स.,30.0,55.91,85.91,38.45,68.45,68.77,61.08,Success
Mulshi,05/03/2025,07:45 स.,230.0,522.76,752.76,305.45,535.45,58.43,58.23,Success
Panshet,05/03/2025,07:54 स.,9.0,301.61,310.61,184.62,193.62,61.21,59.01,Success
Temghar,05/03/2025,07:45 स.,2.95,105.01,107.96,11.37,14.32,10.83,10.08,Success
Gunjawani,04/03/2025,08:13 स.,0.21,104.48,104.69,72.98,73.19,69.85,65.77,Success
Khadakwasla,04/03/2025,08:00 स.,30.0,55.91,85.91,38.45,68.45,68.77,61.95,Success
Mulshi,04/03/2025,07:45 स.,230.0,522.76,752.76,306.86,536.86,58.7,58.77,Success
Panshet,04/03/2025,08:00 स.,9.0,301.61,310.61,186.19,195.19,61.73,59.86,Success
Temghar,04/03/2025,07:45 स.,2.95,105.01,107.96,11.46,14.41,10.91,10.21,Success
Gunjawani,03/03/2025,07:08 स.,0.21,104.48,104.69,73.48,73.69,70.33,66.81,Success
Khadakwasla,03/03/2025,08:15 स.,30.0,55.91,85.91,39.64,69.64,70.9,62.92,Success
Mulshi,03/03/2025,07:45 स.,230.0,522.76,752.76,308.63,538.63,59.04,58.84,Success
Panshet,03/03/2025,08:16 स.,9.0,301.61,310.61,187.65,196.65,62.22,60.37,Success
Temghar,03/03/2025,07:45 स.,2.95,105.01,107.96,11.54,14.49,10.99,10.21,Success
Gunjawani,02/03/2025,07:06 स.,0.21,104.48,104.69,73.72,73.93,70.56,67.28,Success
Khadakwasla,02/03/2025,08:00 स.,30.0,55.91,85.91,37.95,67.95,67.88,61.73,Success
Mulshi,02/03/2025,07:45 स.,230.0,522.76,752.76,309.34,539.34,59.17,58.97,Success
Panshet,02/03/2025,08:00 स.,9.0,301.61,310.61,189.59,198.59,62.86,61.1,Success
Temghar,02/03/2025,07:45 स.,2.95,105.01,107.96,11.67,14.62,11.11,10.21,Success
Gunjawani,01/03/2025,06:55 स.,0.21,104.48,104.69,73.96,74.17,70.79,67.51,Success
Khadakwasla,01/03/2025,08:00 स.,30.0,55.91,85.91,36.34,66.34,65.0,61.29,Success
Mulshi,01/03/2025,07:45 स.,230.0,522.76,752.76,310.41,540.41,59.38,59.11,Success
Panshet,01/03/2025,08:00 स.,9.0,301.61,310.61,191.56,200.56,63.51,61.66,Success
Temghar,01/03/2025,07:45 स.,2.95,105.01,107.96,11.78,14.73,11.22,10.33,Success
Gunjawani,28/02/2025,07:21 स.,0.21,104.48,104.69,74.21,74.42,71.03,67.98,Success
Khadakwasla,28/02/2025,08:30 स.,30.0,55.91,85.91,35.56,65.56,63.6,59.6,Success
Mulshi,28/02/2025,07:30 स.,230.0,522.76,752.76,311.48,541.48,59.58,59.99,Success
Panshet,28/02/2025,08:30 स.,9.0,301.61,310.61,194.22,203.22,64.39,63.36,Success
Temghar,28/02/2025,07:45 स.,2.95,105.01,107.96,11.84,14.79,11.28,10.33,Success
Gunjawani,27/02/2025,07:04 स.,0.21,104.48,104.69,74.46,74.67,71.27,68.45,Success
Khadakwasla,27/02/2025,08:00 स.,30.0,55.91,85.91,33.69,63.69,60.26,58.78,Success
Mulshi,27/02/2025,07:45 स.,230.0,522.76,752.76,312.9,542.9,59.86,60.4,Success
Panshet,27/02/2025,08:00 स.,9.0,301.61,310.61,195.25,204.25,64.74,63.56,Success
Temghar,27/02/2025,07:45 स.,2.95,105.01,107.96,11.93,14.88,11.36,10.46,Success
Gunjawani,26/02/2025,07:48 स.,0.21,104.48,104.69,74.7,74.91,71.5,68.68,Success
Khadakwasla,26/02/2025,08:28 स.,30.0,55.91,85.91,32.13,62.13,57.47,60.86,Success
Mulshi,26/02/2025,07:45 स.,230.0,522.76,752.76,313.96,543.96,60.06,60.74,Success
Panshet,26/02/2025,08:28 स.,9.0,301.61,310.61,197.99,206.99,65.64,64.67,Success
Temghar,26/02/2025,07:45 स.,2.95,105.01,107.96,12.05,15.0,11.48,10.46,Success
Gunjawani,25/02/2025,08:28 स.,0.21,104.48,104.69,75.24,75.45,72.01,69.15,Success
Khadakwasla,25/02/2025,08:00 स.,30.0,55.91,85.91,30.62,60.62,54.77,57.93,Success
Mulshi,25/02/2025,07:45 स.,230.0,522.76,752.76,315.74,545.74,60.4,61.08,Success
Panshet,25/02/2025,07:00 स.,9.0,301.61,310.61,199.36,208.36,66.1,65.14,Success
Temghar,25/02/2025,07:45 स.,2.95,105.01,107.96,12.19,15.14,11.61,10.58,Success
Gunjawani,24/02/2025,07:51 स.,0.21,104.48,104.69,75.77,75.98,72.52,69.62,Success
Khadakwasla,24/02/2025,08:00 स.,30.0,55.91,85.91,29.17,59.17,52.17,57.25,Success
Mulshi,24/02/2025,07:45 स.,230.0,522.76,752.76,317.16,547.16,60.67,61.21,Success
Panshet,24/02/2025,08:00 स.,9.0,301.61,310.61,201.11,210.11,66.68,65.6,Success
Temghar,24/02/2025,07:45 स.,2.95,105.01,107.96,12.24,15.19,11.66,10.58,Success
Gunjawani,23/02/2025,07:03 स.,0.21,104.48,104.69,76.31,76.52,73.04,69.86,Success
Khadakwasla,23/02/2025,08:00 स.,30.0,55.91,85.91,27.53,57.53,49.24,56.0,Success
Mulshi,23/02/2025,07:45 स.,230.0,522.76,752.76,317.87,547.87,60.81,61.69,Success
Panshet,23/02/2025,08:00 स.,9.0,301.61,310.61,203.11,212.11,67.34,65.98,Success
Temghar,23/02/2025,07:45 स.,2.95,105.01,107.96,12.34,15.29,11.75,10.58,Success
Gunjawani,22/02/2025,07:04 स.,0.21,104.48,104.69,77.38,77.59,74.06,70.09,Success
Khadakwasla,22/02/2025,08:00 स.,30.0,55.91,85.91,26.08,56.08,46.65,56.19,Success
Mulshi,22/02/2025,07:45 स.,230.0,522.76,752.76,319.29,549.29,61.08,61.89,Success
Panshet,22/02/2025,08:00 स.,9.0,301.61,310.61,204.85,213.85,67.92,66.63,Success
Temghar,22/02/2025,07:45 स.,2.95,105.01,107.96,12.48,15.43,11.88,10.71,Success
Gunjawani,21/02/2025,07:05 स.,0.21,104.48,104.69,78.45,78.66,75.09,70.32,Success
Khadakwasla,21/02/2025,08:00 स.,30.0,55.91,85.91,24.77,54.77,44.3,56.42,Success
Mulshi,21/02/2025,07:45 स.,230.0,522.76,752.76,321.42,551.42,61.49,62.51,Success
Panshet,21/02/2025,07:00 स.,9.0,301.61,310.61,206.9,215.9,68.6,67.05,Success
Temghar,21/02/2025,07:45 स.,2.95,105.01,107.96,12.58,15.53,11.98,10.53,Success
Gunjawani,20/02/2025,07:01 स.,0.21,104.48,104.69,78.99,79.2,75.6,70.56,Success
Khadakwasla,20/02/2025,08:31 स.,30.0,55.91,85.91,22.93,52.93,41.01,56.22,Success
Mulshi,20/02/2025,07:45 स.,230.0,522.76,752.76,322.13,552.13,61.62,62.58,Success
Panshet,20/02/2025,08:32 स.,9.0,301.61,310.61,208.86,217.86,69.25,67.63,Success
Temghar,20/02/2025,07:45 स.,2.95,105.01,107.96,12.64,15.59,12.04,10.67,Success
Gunjawani,19/02/2025,07:23 स.,0.21,104.48,104.69,80.06,80.27,76.63,70.79,Success
Khadakwasla,19/02/2025,08:17 स.,30.0,55.91,85.91,22.93,52.93,41.01,55.55,Success
Mulshi,19/02/2025,07:45 स.,230.0,522.76,752.76,323.91,553.91,61.96,62.92,Success
Panshet,19/02/2025,08:17 स.,9.0,301.61,310.61,209.63,218.63,69.5,68.75,Success
Temghar,19/02/2025,07:45 स.,2.95,105.01,107.96,12.73,15.68,12.12,10.76,Success
Gunjawani,18/02/2025,07:17 स.,0.21,104.48,104.69,81.13,81.34,77.65,71.26,Success
Khadakwasla,18/02/2025,08:00 स.,30.0,55.91,85.91,22.18,52.18,39.67,54.76,Success
Mulshi,18/02/2025,07:45 स.,230.0,522.76,752.76,325.34,555.34,62.24,63.13,Success
Panshet,18/02/2025,08:00 स.,9.0,301.61,310.61,209.87,218.87,69.58,68.92,Success
Temghar,18/02/2025,07:45 स.,2.95,105.01,107.96,12.8,15.75,12.19,10.87,Success
Gunjawani,17/02/2025,07:25 स.,0.21,104.48,104.69,81.13,81.34,77.65,71.5,Success
Khadakwasla,17/02/2025,08:00 स.,30.0,55.91,85.91,22.07,52.07,39.47,54.36,Success
Mulshi,17/02/2025,07:45 स.,230.0,522.76,752.76,326.78,556.78,62.51,63.27,Success
Panshet,17/02/2025,08:00 स.,9.0,301.61,310.61,209.38,218.38,69.42,69.62,Success
Temghar,17/02/2025,07:45 स.,2.95,105.01,107.96,12.9,15.85,12.28,10.94,Success
Gunjawani,16/02/2025,07:32 स.,0.21,104.48,104.69,82.2,82.41,78.68,71.5,Success
Khadakwasla,16/02/2025,08:38 स.,30.0,55.91,85.91,21.06,51.06,37.67,53.56,Success
Mulshi,16/02/2025,07:45 स.,230.0,522.76,752.76,327.5,557.5,62.65,63.47,Success
Panshet,16/02/2025,08:38 स.,9.0,301.61,310.61,211.5,220.5,70.12,70.62,Success
Temghar,16/02/2025,07:45 स.,2.95,105.01,107.96,13.02,15.97,12.4,11.03,Success
Gunjawani,15/02/2025,07:25 स.,0.21,104.48,104.69,82.74,82.95,79.19,71.5,Success
Khadakwasla,15/02/2025,08:25 स.,30.0,55.91,85.91,21.06,51.06,37.67,52.92,Success
Mulshi,15/02/2025,07:45 स.,230.0,522.76,752.76,328.57,558.57,62.85,63.75,Success
Panshet,15/02/2025,08:25 स.,9.0,301.61,310.61,211.5,220.5,70.12,71.18,Success
Temghar,15/02/2025,07:45 स.,2.95,105.01,107.96,13.05,16.0,12.43,11.49,Success
Gunjawani,14/02/2025,07:28 स.,0.21,104.48,104.69,83.28,83.49,79.71,71.5,Success
Khadakwasla,14/02/2025,08:34 स.,30.0,55.91,85.91,20.77,50.77,37.15,53.12,Success
Mulshi,14/02/2025,07:45 स.,230.0,522.76,752.76,330.01,560.01,63.13,64.16,Success
Panshet,14/02/2025,08:34 स.,9.0,301.61,310.61,211.5,220.5,70.12,71.99,Success
Temghar,14/02/2025,07:45 स.,2.95,105.01,107.96,13.23,16.18,12.6,11.62,Success
Gunjawani,13/02/2025,07:02 स.,0.21,104.48,104.69,83.81,84.02,80.22,71.5,Success
Khadakwasla,13/02/2025,08:00 स.,30.0,55.91,85.91,20.28,50.28,36.27,52.72,Success
Mulshi,13/02/2025,07:45 स.,230.0,522.76,752.76,331.09,561.09,63.33,64.36,Success
Panshet,13/02/2025,08:00 स.,9.0,301.61,310.61,211.5,220.5,70.12,72.0,Success
Temghar,13/02/2025,07:45 स.,2.95,105.01,107.96,13.29,16.24,12.66,11.75,Success
Gunjawani,12/02/2025,07:00 स.,0.21,104.48,104.69,84.35,84.56,80.73,71.5,Success
Khadakwasla,12/02/2025,07:00 स.,30.0,55.91,85.91,19.97,49.97,35.72,51.11,Success
Mulshi,12/02/2025,07:45 स.,230.0,522.76,752.76,332.52,562.52,63.61,64.64,Success
Panshet,12/02/2025,08:00 स.,9.0,301.61,310.61,211.86,220.86,70.24,72.53,Success
Temghar,12/02/2025,07:45 स.,2.95,105.01,107.96,13.39,16.34,12.75,11.89,Success
Gunjawani,11/02/2025,07:33 स.,0.21,104.48,104.69,84.88,85.09,81.24,71.5,Success
Khadakwasla,11/02/2025,08:00 स.,30.0,55.91,85.91,20.58,50.58,36.81,51.31,Success
Mulshi,11/02/2025,07:45 स.,230.0,522.76,752.76,333.96,563.96,63.88,65.19,Success
Panshet,11/02/2025,08:00 स.,9.0,301.61,310.61,211.86,220.86,70.24,73.32,Success
Temghar,11/02/2025,07:45 स.,2.95,105.01,107.96,13.51,16.46,12.87,12.02,Success
Gunjawani,10/02/2025,08:26 स.,0.21,104.48,104.69,85.42,85.63,81.76,71.5,Success
Khadakwasla,10/02/2025,08:00 स.,30.0,55.91,85.91,21.97,51.97,39.3,51.11,Success
Mulshi,10/02/2025,08:00 स.,230.0,522.76,752.76,335.28,565.28,64.14,64.68,Success
Panshet,10/02/2025,08:00 स.,9.0,301.61,310.61,212.13,221.13,70.33,73.72,Success
Temghar,10/02/2025,08:00 स.,2.95,105.01,107.96,13.83,16.78,13.17,12.5,Success
Gunjawani,09/02/2025,07:17 स.,0.21,104.48,104.69,86.0,86.21,82.31,72.01,Success
Khadakwasla,09/02/2025,08:43 स.,30.0,55.91,85.91,24.23,54.23,43.34,50.63,Success
Mulshi,09/02/2025,03:15 स.,230.0,522.76,752.76,336.59,566.59,64.39,64.16,Success
Panshet,09/02/2025,08:43 स.,9.0,301.61,310.61,212.26,221.26,70.38,74.49,Success
Temghar,09/02/2025,03:15 स.,2.95,105.01,107.96,13.92,16.87,13.26,12.99,Success
Gunjawani,08/02/2025,07:01 स.,0.21,104.48,104.69,86.58,86.79,82.87,71.5,Success
Khadakwasla,08/02/2025,08:00 स.,30.0,55.91,85.91,24.99,54.99,44.7,49.6,Success
Mulshi,08/02/2025,07:45 स.,230.0,522.76,752.76,337.91,567.91,64.64,65.88,Success
Panshet,08/02/2025,07:00 स.,9.0,301.61,310.61,212.38,221.38,70.42,74.94,Success
Temghar,08/02/2025,07:45 स.,2.95,105.01,107.96,13.83,16.78,13.17,12.29,Success
Gunjawani,07/02/2025,07:03 स.,0.21,104.48,104.69,87.16,87.37,83.42,72.52,Success
Khadakwasla,07/02/2025,08:00 स.,30.0,55.91,85.91,26.4,56.4,47.22,49.42,Success
Mulshi,07/02/2025,07:45 स.,230.0,522.76,752.76,339.34,569.34,64.91,66.3,Success
Panshet,07/02/2025,08:00 स.,9.0,301.61,310.61,212.51,221.51,70.46,75.54,Success
Temghar,07/02/2025,07:45 स.,2.95,105.01,107.96,13.92,16.87,13.26,12.42,Success
Gunjawani,06/02/2025,07:00 स.,0.21,104.48,104.69,87.16,87.37,83.42,73.55,Success
Khadakwasla,06/02/2025,08:31 स.,30.0,55.91,85.91,27.63,57.63,49.42,50.63,Success
Mulshi,06/02/2025,07:45 स.,230.0,522.76,752.76,340.78,570.78,65.19,66.57,Success
Panshet,06/02/2025,08:32 स.,9.0,301.61,310.61,212.63,221.63,70.5,75.76,Success
Temghar,06/02/2025,07:45 स.,2.95,105.01,107.96,14.62,17.57,13.92,11.97,Success
Gunjawani,05/02/2025,07:57 स.,0.21,104.48,104.69,87.74,87.95,83.98,74.06,Success
Khadakwasla,05/02/2025,08:00 स.,30.0,55.91,85.91,28.35,58.35,50.71,53.42,Success
Mulshi,05/02/2025,07:45 स.,230.0,522.76,752.76,342.58,572.58,65.53,66.99,Success
Panshet,05/02/2025,08:00 स.,9.0,301.61,310.61,212.82,221.82,70.56,75.83,Success
Temghar,05/02/2025,07:45 स.,2.95,105.01,107.96,15.52,18.47,14.78,12.56,Success
Gunjawani,04/02/2025,07:38 स.,0.21,104.48,104.69,87.74,87.95,83.98,83.42,Success
Khadakwasla,04/02/2025,08:20 स.,30.0,55.91,85.91,29.07,59.07,51.99,56.22,Success
Mulshi,04/02/2025,07:45 स.,230.0,522.76,752.76,344.39,574.39,65.88,67.13,Success
Panshet,04/02/2025,08:21 स.,9.0,301.61,310.61,213.0,222.0,70.62,75.9,Success
Temghar,04/02/2025,07:45 स.,2.95,105.01,107.96,16.5,19.45,15.71,12.56,Success
Gunjawani,03/02/2025,07:17 AM,0.21,104.48,104.69,85.42,85.63,81.76,83.42,Success
Khadakwasla,03/02/2025,06:45 AM,30.0,55.91,85.91,28.95,58.95,51.78,64.25,Success
Mulshi,03/02/2025,08:00 AM,230.0,522.76,752.76,345.48,575.48,66.09,67.4,Success
Panshet,03/02/2025,06:00 AM,9.0,301.61,310.61,213.0,222.0,70.62,75.9,Success
Temghar,03/02/2025,07:45 AM,2.95,105.01,107.96,17.41,20.36,16.58,12.56,Success
Gunjawani,02/02/2025,06:57 AM,0.21,104.48,104.69,88.32,88.53,84.53,83.42,Success
Khadakwasla,02/02/2025,08:00 AM,30.0,55.91,85.91,29.47,59.47,52.71,61.51,Success
Mulshi,02/02/2025,07:45 AM,230.0,522.76,752.76,346.2,576.2,66.23,67.82,Success
Panshet,02/02/2025,08:00 AM,9.0,301.61,310.61,213.13,222.13,70.66,75.9,Success
Temghar,02/02/2025,07:45 AM,2.95,105.01,107.96,18.36,21.31,17.48,12.56,Success
Gunjawani,01/02/2025,08:00 स.,0.21,104.48,104.69,88.61,88.82,84.81,83.42,Success
Khadakwasla,01/02/2025,08:00 AM,30.0,55.91,85.91,30.07,60.07,53.78,62.92,Success
Mulshi,01/02/2025,07:45 AM,230.0,522.76,752.76,347.65,577.65,66.5,68.17,Success
Panshet,01/02/2025,08:00 AM,9.0,301.61,310.61,213.13,222.13,70.66,76.04,Success
Temghar,01/02/2025,07:45 AM,2.95,105.01,107.96,19.42,22.37,18.49,12.56,Success
Gunjawani,31/01/2025,07:13 AM,0.21,104.48,104.69,88.9,89.11,85.09,83.42,Success
Khadakwasla,31/01/2025,08:00 AM,30.0,55.91,85.91,30.62,60.62,54.77,61.51,Success
Mulshi,31/01/2025,07:45 AM,230.0,522.76,752.76,348.74,578.74,66.71,68.37,Success
Panshet,31/01/2025,07:00 AM,9.0,301.61,310.61,213.26,222.26,70.71,76.71,Success
Temghar,31/01/2025,08:00 AM,2.95,105.01,107.96,20.39,23.34,19.42,12.56,Success
Gunjawani,30/01/2025,07:00 AM,0.21,104.48,104.69,88.9,89.11,85.09,83.42,Success
Khadakwasla,30/01/2025,08:00 AM,30.0,55.91,85.91,31.43,61.43,56.22,60.87,Success
Mulshi,30/01/2025,08:00 स.,230.0,522.76,752.76,349.71,579.71,66.9,68.74,Success
Panshet,30/01/2025,08:00 AM,9.0,301.61,310.61,213.39,222.39,70.75,77.26,Success
Temghar,30/01/2025,07:45 AM,2.95,105.01,107.96,21.34,24.29,20.32,12.97,Success
Gunjawani,29/01/2025,07:37 AM,0.21,104.48,104.69,88.9,89.11,85.09,83.42,Success
Khadakwasla,29/01/2025,08:00 AM,30.0,55.91,85.91,31.89,61.89,57.04,60.26,Success
Mulshi,29/01/2025,08:00 स.,230.0,522.76,752.76,350.67,580.67,67.08,69.12,Success
Panshet,29/01/2025,07:00 AM,9.0,301.61,310.61,213.51,222.51,70.79,77.95,Success
Temghar,29/01/2025,08:00 AM,2.95,105.01,107.96,22.14,25.09,21.08,12.97,Success
Gunjawani,28/01/2025,08:00 स.,0.21,104.48,104.69,89.48,89.69,85.64,83.42,Success
Khadakwasla,28/01/2025,08:00 AM,30.0,55.91,85.91,32.52,62.52,58.16,59.6,Success
Mulshi,28/01/2025,07:00 PM,230.0,522.76,752.76,351.64,581.64,67.27,69.49,Success
Panshet,28/01/2025,07:00 AM,9.0,301.61,310.61,213.64,222.64,70.83,78.49,Success
Temghar,28/01/2025,08:00 AM,2.95,105.01,107.96,23.16,26.11,22.06,13.11,Success
Gunjawani,27/01/2025,08:13 AM,0.21,104.48,104.69,90.06,90.27,86.2,83.42,Success
Khadakwasla,27/01/2025,08:00 AM,30.0,55.91,85.91,34.62,64.62,61.92,59.6,Success
Mulshi,27/01/2025,08:00 AM,230.0,522.76,752.76,354.53,584.53,67.82,69.84,Success
Panshet,27/01/2025,07:00 AM,9.0,301.61,310.61,213.88,222.88,70.91,79.02,Success
Temghar,27/01/2025,08:00 AM,2.95,105.01,107.96,24.19,27.14,23.04,13.11,Success
Gunjawani,26/01/2025,07:43 AM,0.21,104.48,104.69,90.06,90.27,86.2,83.42,Success
Khadakwasla,26/01/2025,08:00 AM,30.0,55.91,85.91,33.44,63.44,59.81,64.25,Success
Mulshi,26/01/2025,07:45 AM,230.0,522.76,752.76,355.26,585.26,67.96,70.05,Success
Panshet,26/01/2025,08:00 AM,9.0,301.61,310.61,213.88,222.88,70.91,79.57,Success
Temghar,26/01/2025,08:00 AM,2.95,105.01,107.96,25.25,28.2,24.05,13.41,Success
Gunjawani,25/01/2025,07:42 am,0.21,104.48,104.69,90.06,90.27,86.2,83.42,Success
Khadakwasla,25/01/2025,08:00 am,30.0,55.91,85.91,34.15,64.15,61.08,58.16,Success
Mulshi,25/01/2025,07:45 am,230.0,522.76,752.76,356.7,586.7,68.23,72.58,Success
Panshet,25/01/2025,08:00 am,9.0,301.61,310.61,214.13,223.13,71.0,80.11,Success
Temghar,25/01/2025,07:45 am,2.95,105.01,107.96,26.26,29.21,25.01,13.41,Success
Gunjawani,24/01/2025,07:26 AM,0.21,104.48,104.69,90.06,90.27,86.2,83.42,Success
Khadakwasla,24/01/2025,08:03 AM,30.0,55.91,85.91,35.18,65.18,62.92,57.47,Success
Mulshi,24/01/2025,08:00 स.,230.0,522.76,752.76,357.97,587.97,68.48,72.58,Success
Panshet,24/01/2025,08:03 AM,9.0,301.61,310.61,214.13,223.13,71.0,80.66,Success
Temghar,24/01/2025,08:00 स.,2.95,105.01,107.96,27.27,30.22,25.97,13.41,Success
Gunjawani,23/01/2025,07:38 AM,0.21,104.48,104.69,90.64,90.85,86.75,83.42,Success
Khadakwasla,23/01/2025,08:00 AM,30.0,55.91,85.91,34.9,64.9,62.42,56.82,Success
Mulshi,23/01/2025,07:45 AM,230.0,522.76,752.76,359.24,589.24,68.72,72.58,Success
Panshet,23/01/2025,08:00 AM,9.0,301.61,310.61,214.38,223.38,71.08,81.2,Success
Temghar,23/01/2025,07:45 AM,2.95,105.01,107.96,28.28,31.23,26.93,13.41,Success
Gunjawani,22/01/2025,07:10 AM,0.21,104.48,104.69,90.64,90.85,86.75,83.42,Success
Khadakwasla,22/01/2025,08:15 AM,30.0,55.91,85.91,36.2,66.2,64.75,56.22,Success
Mulshi,22/01/2025,08:00 AM,230.0,522.76,752.76,360.7,590.7,69.0,72.58,Success
Panshet,22/01/2025,08:17 AM,9.0,301.61,310.61,214.5,223.5,71.12,81.74,Success
Temghar,22/01/2025,08:00 AM,2.95,105.01,107.96,29.31,32.26,27.91,13.41,Success
Gunjawani,21/01/2025,07:14 AM,0.21,104.48,104.69,90.64,90.85,86.75,83.42,Success
Khadakwasla,21/01/2025,08:00 AM,30.0,55.91,85.91,36.2,66.2,64.75,55.55,Success
Mulshi,21/01/2025,07:45 AM,230.0,522.76,752.76,362.53,592.53,69.35,72.58,Success
Panshet,21/01/2025,08:00 AM,9.0,301.61,310.61,214.5,223.5,71.12,82.15,Success
Temghar,21/01/2025,07:45 AM,2.95,105.01,107.96,30.37,33.32,28.92,13.41,Success
Gunjawani,20/01/2025,07:40 AM,0.21,104.48,104.69,91.22,91.43,87.31,83.42,Success
Khadakwasla,20/01/2025,08:20 AM,30.0,55.91,85.91,36.2,66.2,64.75,54.97,Success
Mulshi,20/01/2025,07:45 AM,230.0,522.76,752.76,364.37,594.37,69.7,72.58,Success
Panshet,20/01/2025,08:20 AM,9.0,301.61,310.61,214.5,223.5,71.12,82.92,Success
Temghar,20/01/2025,07:45 AM,2.95,105.01,107.96,31.41,34.36,29.91,13.41,Success
Gunjawani,19/01/2025,08:00 स.,0.21,104.48,104.69,91.22,91.43,87.31,83.79,Success
Khadakwasla,19/01/2025,08:00 AM,30.0,55.91,85.91,37.25,67.25,66.62,54.36,Success
Mulshi,19/01/2025,07:45 AM,230.0,522.76,752.76,365.47,595.47,69.91,72.79,Success
Panshet,19/01/2025,08:00 AM,9.0,301.61,310.61,214.79,223.79,71.21,83.42,Success
Temghar,19/01/2025,07:45 AM,2.95,105.01,107.96,32.46,35.41,30.91,13.58,Success
Gunjawani,18/01/2025,08:00 स.,0.21,104.48,104.69,91.22,91.43,87.31,84.16,Success
Khadakwasla,18/01/2025,06:00 AM,30.0,55.91,85.91,37.25,67.25,66.62,54.36,Success
Mulshi,18/01/2025,05:45 AM,230.0,522.76,752.76,367.31,597.31,70.26,73.15,Success
Panshet,18/01/2025,06:00 AM,9.0,301.61,310.61,215.38,224.38,71.41,84.01,Success
Temghar,18/01/2025,05:45 AM,2.95,105.01,107.96,33.6,36.55,32.0,13.65,Success
Gunjawani,17/01/2025,07:27 AM,0.21,104.48,104.69,91.22,91.43,87.31,84.53,Success
Khadakwasla,17/01/2025,07:00 AM,30.0,55.91,85.91,36.08,66.08,64.53,53.56,Success
Mulshi,17/01/2025,07:45 AM,230.0,522.76,752.76,369.14,599.14,70.61,73.5,Success
Panshet,17/01/2025,07:00 AM,9.0,301.61,310.61,217.01,226.01,71.95,84.51,Success
Temghar,17/01/2025,07:45 AM,2.95,105.01,107.96,34.63,37.58,32.98,13.74,Success
Gunjawani,16/01/2025,08:00 स.,0.21,104.48,104.69,91.51,91.72,87.59,84.81,Success
Khadakwasla,16/01/2025,08:44 AM,30.0,55.91,85.91,33.69,63.69,60.26,52.56,Success
Mulshi,16/01/2025,07:45 AM,230.0,522.76,752.76,370.98,600.98,70.97,73.71,Success
Panshet,16/01/2025,08:44 AM,9.0,301.61,310.61,219.03,228.03,72.62,85.03,Success
Temghar,16/01/2025,07:45 AM,2.95,105.01,107.96,35.66,38.61,33.96,13.82,Success
Gunjawani,15/01/2025,07:16 AM,0.21,104.48,104.69,91.8,92.01,87.86,85.09,Success
Khadakwasla,15/01/2025,08:00 स.,30.0,55.91,85.91,32.2,62.2,57.59,51.61,PDF Not Available
Mulshi,15/01/2025,08:00 स.,230.0,522.76,752.76,372.45,602.45,71.25,74.21,PDF Not Available
Panshet,15/01/2025,08:00 स.,9.0,301.61,310.61,220.72,229.72,73.18,85.52,PDF Not Available
Temghar,15/01/2025,08:00 स.,2.95,105.01,107.96,36.74,39.69,34.99,14.12,PDF Not Available
Gunjawani,14/01/2025,07:11 AM,0.21,104.48,104.69,91.8,92.01,87.86,85.64,Success
Khadakwasla,14/01/2025,08:00 AM,30.0,55.91,85.91,30.72,60.72,54.95,50.66,Success
Mulshi,14/01/2025,07:45 AM,230.0,522.76,752.76,373.92,603.92,71.53,74.71,Success
Panshet,14/01/2025,08:00 AM,9.0,301.61,310.61,222.4,231.4,73.74,86.01,Success
Temghar,14/01/2025,07:45 AM,2.95,105.01,107.96,37.82,40.77,36.02,14.41,Success
Gunjawani,13/01/2025,07:56 AM,0.21,104.48,104.69,91.8,92.01,87.86,86.19,Success
Khadakwasla,13/01/2025,08:17 AM,30.0,55.91,85.91,29.7,59.7,53.12,48.11,Success
Mulshi,13/01/2025,07:45 AM,230.0,522.76,752.76,376.49,606.49,72.02,75.63,Success
Panshet,13/01/2025,08:17 AM,9.0,301.61,310.61,224.3,233.3,74.37,86.92,Success
Temghar,13/01/2025,07:45 AM,2.95,105.01,107.96,38.78,41.73,36.93,15.65,Success
Gunjawani,12/01/2025,07:43 AM,0.21,104.48,104.69,91.8,92.01,87.86,86.75,Success
Khadakwasla,12/01/2025,08:00 AM,30.0,55.91,85.91,28.06,58.06,50.19,47.11,Success
Mulshi,12/01/2025,07:45 AM,230.0,522.76,752.76,377.59,607.59,72.23,75.84,Success
Panshet,12/01/2025,08:00 AM,9.0,301.61,310.61,225.65,234.65,74.82,87.14,Success
Temghar,12/01/2025,07:45 AM,2.95,105.01,107.96,39.95,42.9,38.04,16.21,Success
Gunjawani,11/01/2025,08:00 स.,0.21,104.48,104.69,91.93,92.14,87.99,87.4,PDF Not Available
Khadakwasla,11/01/2025,08:00 स.,30.0,55.91,85.91,27.95,57.95,49.99,48.37,PDF Not Available
Mulshi,11/01/2025,08:00 स.,230.0,522.76,752.76,379.07,609.07,72.51,76.2,PDF Not Available
Panshet,11/01/2025,08:00 स.,9.0,301.61,310.61,227.56,236.56,75.45,87.24,PDF Not Available
Temghar,11/01/2025,08:00 स.,2.95,105.01,107.96,40.88,43.83,38.93,17.12,PDF Not Available
Gunjawani,10/01/2025,08:00 स.,0.21,104.48,104.69,92.07,92.28,88.12,88.05,PDF Not Available
Khadakwasla,10/01/2025,08:00 स.,30.0,55.91,85.91,27.85,57.85,49.81,49.63,PDF Not Available
Mulshi,10/01/2025,08:00 स.,230.0,522.76,752.76,380.55,610.55,72.8,76.56,PDF Not Available
Panshet,10/01/2025,08:00 स.,9.0,301.61,310.61,229.48,238.48,76.09,87.34,PDF Not Available
Temghar,10/01/2025,08:00 स.,2.95,105.01,107.96,41.81,44.76,39.82,18.03,PDF Not Available
Gunjawani,09/01/2025,08:00 स.,0.21,104.48,104.69,92.2,92.41,88.25,88.7,PDF Not Available
Khadakwasla,09/01/2025,08:00 स.,30.0,55.91,85.91,27.74,57.74,49.62,50.89,PDF Not Available
Mulshi,09/01/2025,08:00 स.,230.0,522.76,752.76,382.03,612.03,73.08,76.92,PDF Not Available
Panshet,09/01/2025,08:00 स.,9.0,301.61,310.61,231.39,240.39,76.72,87.44,PDF Not Available
Temghar,09/01/2025,08:00 स.,2.95,105.01,107.96,42.74,45.69,40.7,18.95,PDF Not Available
Gunjawani,08/01/2025,08:00 स.,0.21,104.48,104.69,92.33,92.54,88.37,89.35,PDF Not Available
Khadakwasla,08/01/2025,08:00 स.,30.0,55.91,85.91,27.63,57.63,49.42,52.16,PDF Not Available
Mulshi,08/01/2025,08:00 स.,230.0,522.76,752.76,383.51,613.51,73.36,77.27,PDF Not Available
Panshet,08/01/2025,08:00 स.,9.0,301.61,310.61,233.3,242.3,77.35,87.55,PDF Not Available
Temghar,08/01/2025,08:00 स.,2.95,105.01,107.96,43.67,46.62,41.59,19.86,PDF Not Available
Gunjawani,07/01/2025,08:00 स.,0.21,104.48,104.69,92.47,92.68,88.5,90.0,PDF Not Available
Khadakwasla,07/01/2025,08:00 स.,30.0,55.91,85.91,27.53,57.53,49.24,53.42,PDF Not Available
Mulshi,07/01/2025,08:00 स.,230.0,522.76,752.76,384.99,614.99,73.65,77.63,PDF Not Available
Panshet,07/01/2025,08:00 स.,9.0,301.61,310.61,235.22,244.22,77.99,87.65,PDF Not Available
Temghar,07/01/2025,08:00 स.,2.95,105.01,107.96,44.6,47.55,42.47,20.77,PDF Not Available
Gunjawani,06/01/2025,08:00 स.,0.21,104.48,104.69,92.6,92.81,88.63,90.65,PDF Not Available
Khadakwasla,06/01/2025,08:00 स.,30.0,55.91,85.91,27.42,57.42,49.04,54.68,PDF Not Available
Mulshi,06/01/2025,08:00 स.,230.0,522.76,752.76,386.47,616.47,73.93,77.99,PDF Not Available
Panshet,06/01/2025,08:00 स.,9.0,301.61,310.61,237.13,246.13,78.62,87.75,PDF Not Available
Temghar,06/01/2025,08:00 स.,2.95,105.01,107.96,45.53,48.48,43.36,21.68,PDF Not Available
Gunjawani,05/01/2025,08:00 स.,0.21,104.48,104.69,92.73,92.94,88.75,91.31,PDF Not Available
Khadakwasla,05/01/2025,08:00 स.,30.0,55.91,85.91,27.31,57.31,48.85,55.94,PDF Not Available
Mulshi,05/01/2025,08:00 स.,230.0,522.76,752.76,387.94,617.94,74.21,78.35,PDF Not Available
Panshet,05/01/2025,08:00 स.,9.0,301.61,310.61,239.04,248.04,79.25,87.85,PDF Not Available
Temghar,05/01/2025,08:00 स.,2.95,105.01,107.96,46.46,49.41,44.24,22.6,PDF Not Available
Gunjawani,04/01/2025,08:00 स.,0.21,104.48,104.69,92.86,93.07,88.88,91.96,PDF Not Available
Khadakwasla,04/01/2025,08:00 स.,30.0,55.91,85.91,27.2,57.2,48.65,57.2,PDF Not Available
Mulshi,04/01/2025,08:00 स.,230.0,522.76,752.76,389.42,619.42,74.49,78.71,PDF Not Available
Panshet,04/01/2025,08:00 स.,9.0,301.61,310.61,240.95,249.95,79.89,87.95,PDF Not Available
Temghar,04/01/2025,08:00 स.,2.95,105.01,107.96,47.39,50.34,45.13,23.51,PDF Not Available
Gunjawani,03/01/2025,08:00 स.,0.21,104.48,104.69,93.0,93.21,89.01,92.61,PDF Not Available
Khadakwasla,03/01/2025,08:00 स.,30.0,55.91,85.91,27.1,57.1,48.47,58.46,PDF Not Available
Mulshi,03/01/2025,08:00 स.,230.0,522.76,752.76,390.9,620.9,74.78,79.07,PDF Not Available
Panshet,03/01/2025,08:00 स.,9.0,301.61,310.61,242.87,251.87,80.52,88.05,PDF Not Available
Temghar,03/01/2025,08:00 स.,2.95,105.01,107.96,48.32,51.27,46.01,24.42,PDF Not Available
Gunjawani,02/01/2025,08:00 स.,0.21,104.48,104.69,93.13,93.34,89.14,93.26,PDF Not Available
Khadakwasla,02/01/2025,08:00 स.,30.0,55.91,85.91,26.99,56.99,48.27,59.73,PDF Not Available
Mulshi,02/01/2025,08:00 स.,230.0,522.76,752.76,392.38,622.38,75.06,79.42,PDF Not Available
Panshet,02/01/2025,08:00 स.,9.0,301.61,310.61,244.78,253.78,81.16,88.16,PDF Not Available
Temghar,02/01/2025,08:00 स.,2.95,105.01,107.96,49.25,52.2,46.9,25.33,PDF Not Available
Gunjawani,01/01/2025,08:00 स.,0.21,104.48,104.69,93.26,93.47,89.26,93.91,PDF Not Available
Khadakwasla,01/01/2025,08:00 स.,30.0,55.91,85.91,26.88,56.88,48.08,60.99,PDF Not Available
Mulshi,01/01/2025,08:00 स.,230.0,522.76,752.76,393.86,623.86,75.34,79.78,PDF Not Available
Panshet,01/01/2025,08:00 स.,9.0,301.61,310.61,246.69,255.69,81.79,88.26,PDF Not Available
Temghar,01/01/2025,08:00 स.,2.95,105.01,107.96,50.18,53.13,47.79,26.25,PDF Not Available
Gunjawani,31/12/2024,08:00 स.,0.21,104.48,104.69,93.4,93.61,89.4,94.56,PDF Not Available
Khadakwasla,31/12/2024,08:00 स.,30.0,55.91,85.91,26.78,56.78,47.9,62.25,PDF Not Available
Mulshi,31/12/2024,08:00 स.,230.0,522.76,752.76,395.34,625.34,75.63,80.14,PDF Not Available
Panshet,31/12/2024,08:00 स.,9.0,301.61,310.61,248.61,257.61,82.43,88.36,PDF Not Available
Temghar,31/12/2024,08:00 स.,2.95,105.01,107.96,51.11,54.06,48.67,27.16,PDF Not Available
Gunjawani,30/12/2024,07:43 AM,0.21,104.48,104.69,93.53,93.74,89.52,95.21,Success
Khadakwasla,30/12/2024,08:00 AM,30.0,55.91,85.91,26.67,56.67,47.7,63.51,Success
Mulshi,30/12/2024,07:45 AM,230.0,522.76,752.76,396.82,626.82,75.91,80.5,Success
Panshet,30/12/2024,08:00 AM,9.0,301.61,310.61,250.52,259.52,83.06,88.46,Success
Temghar,30/12/2024,07:45 AM,2.95,105.01,107.96,52.04,54.99,49.56,28.07,Success
Gunjawani,29/12/2024,08:00 स.,0.21,104.48,104.69,94.11,94.32,90.07,95.21,Success
Khadakwasla,29/12/2024,08:00 AM,30.0,55.91,85.91,26.78,56.78,47.9,64.53,Success
Mulshi,29/12/2024,07:45 AM,230.0,522.76,752.76,399.81,629.81,76.48,81.52,Success
Panshet,29/12/2024,08:00 AM,9.0,301.61,310.61,252.3,261.3,83.65,88.54,Success
Temghar,29/12/2024,07:45 AM,2.95,105.01,107.96,52.16,55.11,49.67,28.98,Success
Gunjawani,28/12/2024,07:38 AM,0.21,104.48,104.69,94.69,94.9,90.63,95.21,Success
Khadakwasla,28/12/2024,08:00 AM,30.0,55.91,85.91,26.67,56.67,47.7,66.41,Success
Mulshi,28/12/2024,07:45 AM,230.0,522.76,752.76,401.31,631.31,76.77,81.52,Success
Panshet,28/12/2024,08:00 AM,9.0,301.61,310.61,254.21,263.21,84.28,88.59,Success
Temghar,28/12/2024,07:45 AM,2.95,105.01,107.96,54.81,57.76,52.2,30.01,Success
Gunjawani,27/12/2024,07:09 AM,0.21,104.48,104.69,95.27,95.48,91.18,95.8,Success
Khadakwasla,27/12/2024,08:00 AM,30.0,55.91,85.91,25.9,55.9,46.32,67.88,Success
Mulshi,27/12/2024,07:45 AM,230.0,522.76,752.76,402.8,632.8,77.05,81.95,Success
Panshet,27/12/2024,08:00 AM,9.0,301.61,310.61,255.72,264.72,84.78,88.63,Success
Temghar,27/12/2024,07:45 AM,2.95,105.01,107.96,54.81,57.76,52.2,30.93,Success
Gunjawani,26/12/2024,07:04 AM,0.21,104.48,104.69,95.85,96.06,91.74,95.8,Success
Khadakwasla,26/12/2024,08:00 AM,30.0,55.91,85.91,25.99,55.99,46.49,69.27,Success
Mulshi,26/12/2024,07:45 AM,230.0,522.76,752.76,404.67,634.67,77.41,82.39,Success
Panshet,26/12/2024,08:00 AM,9.0,301.61,310.61,256.81,265.81,85.15,88.63,Success
Temghar,26/12/2024,07:45 AM,2.95,105.01,107.96,54.81,57.76,52.2,32.82,Success
Gunjawani,25/12/2024,08:24 AM,0.21,104.48,104.69,96.43,96.64,92.3,95.8,Success
Khadakwasla,25/12/2024,08:00 AM,30.0,55.91,85.91,24.99,54.99,44.7,71.53,Success
Mulshi,25/12/2024,07:45 AM,230.0,522.76,752.76,405.8,635.8,77.63,82.68,Success
Panshet,25/12/2024,08:00 AM,9.0,301.61,310.61,258.29,267.29,85.64,88.72,Success
Temghar,25/12/2024,07:45 AM,2.95,105.01,107.96,54.92,57.87,52.3,33.94,Success
Gunjawani,24/12/2024,08:01 AM,0.21,104.48,104.69,97.01,97.22,92.85,95.8,Success
Khadakwasla,24/12/2024,08:38 AM,30.0,55.91,85.91,24.54,54.54,43.89,73.78,Success
Mulshi,24/12/2024,07:45 AM,230.0,522.76,752.76,407.67,637.67,77.98,83.18,Success
Panshet,24/12/2024,08:37 AM,9.0,301.61,310.61,260.49,269.49,86.37,88.72,Success
Temghar,24/12/2024,07:45 AM,2.95,105.01,107.96,55.97,58.92,53.3,34.85,Success
Gunjawani,23/12/2024,08:00 AM,0.21,104.48,104.69,97.32,97.53,93.15,95.8,Success
Khadakwasla,23/12/2024,08:00 AM,30.0,55.91,85.91,23.76,53.76,42.5,74.22,Success
Mulshi,23/12/2024,07:45 AM,230.0,522.76,752.76,409.91,639.91,78.41,83.4,Success
Panshet,23/12/2024,08:00 AM,9.0,301.61,310.61,262.0,271.0,86.87,88.81,Success
Temghar,23/12/2024,07:45 AM,2.95,105.01,107.96,57.02,59.97,54.3,35.55,Success
Gunjawani,22/12/2024,07:12 AM,0.21,104.48,104.69,97.63,97.84,93.44,95.8,Success
Khadakwasla,22/12/2024,08:00 AM,30.0,55.91,85.91,22.68,52.68,40.57,74.95,Success
Mulshi,22/12/2024,07:45 AM,230.0,522.76,752.76,411.04,641.04,78.63,83.62,Success
Panshet,22/12/2024,08:00 AM,9.0,301.61,310.61,263.91,272.91,87.5,88.91,Success
Temghar,22/12/2024,07:45 AM,2.95,105.01,107.96,57.99,60.94,55.22,36.26,Success
Gunjawani,21/12/2024,08:00 स.,0.21,104.48,104.69,98.24,98.45,94.03,95.8,Success
Khadakwasla,21/12/2024,08:32 AM,30.0,55.91,85.91,22.28,52.28,39.85,76.12,Success
Mulshi,21/12/2024,07:45 AM,230.0,522.76,752.76,414.03,644.03,79.2,83.99,Success
Panshet,21/12/2024,08:33 AM,9.0,301.61,310.61,265.84,274.84,88.14,88.81,Success
Temghar,21/12/2024,07:00 AM,2.95,105.01,107.96,59.01,61.96,56.19,37.46,Success
Gunjawani,20/12/2024,08:34 AM,0.21,104.48,104.69,98.86,99.07,94.62,95.8,Success
Khadakwasla,20/12/2024,08:41 AM,30.0,55.91,85.91,21.37,51.37,38.22,77.05,Success
Mulshi,20/12/2024,07:45 AM,230.0,522.76,752.76,417.8,647.8,79.92,84.5,Success
Panshet,20/12/2024,08:41 AM,9.0,301.61,310.61,267.45,276.45,88.67,88.96,Success
Temghar,20/12/2024,07:45 AM,2.95,105.01,107.96,59.86,62.81,57.0,38.68,Success
Gunjawani,19/12/2024,08:07 AM,0.21,104.48,104.69,98.86,99.07,94.62,95.8,Success
Khadakwasla,19/12/2024,08:00 AM,30.0,55.91,85.91,20.77,50.77,37.15,77.29,Success
Mulshi,19/12/2024,07:45 AM,230.0,522.76,752.76,420.45,650.45,80.43,84.87,Success
Panshet,19/12/2024,08:00 AM,9.0,301.61,310.61,269.03,278.03,89.2,88.96,Success
Temghar,19/12/2024,07:45 AM,2.95,105.01,107.96,60.9,63.85,57.99,42.9,Success
Gunjawani,18/12/2024,08:07 AM,0.21,104.48,104.69,98.86,99.07,94.62,95.8,Success
Khadakwasla,18/12/2024,08:00 AM,30.0,55.91,85.91,20.28,50.28,36.27,75.86,Success
Mulshi,18/12/2024,07:45 AM,230.0,522.76,752.76,422.35,652.35,80.79,85.16,Success
Panshet,18/12/2024,08:00 AM,9.0,301.61,310.61,270.66,279.66,89.74,89.59,Success
Temghar,18/12/2024,07:45 AM,2.95,105.01,107.96,61.78,64.73,58.83,42.9,Success
Gunjawani,17/12/2024,07:51 AM,0.21,104.48,104.69,98.86,99.07,94.62,95.8,Success
Khadakwasla,17/12/2024,08:00 AM,30.0,55.91,85.91,19.64,49.64,35.13,74.7,Success
Mulshi,17/12/2024,07:45 AM,230.0,522.76,752.76,423.86,653.86,81.08,85.67,Success
Panshet,17/12/2024,08:00 AM,9.0,301.61,310.61,272.72,281.72,90.42,90.14,Success
Temghar,17/12/2024,07:45 AM,2.95,105.01,107.96,62.74,65.69,59.75,42.9,Success
Gunjawani,16/12/2024,08:00 स.,0.21,104.48,104.69,99.17,99.38,94.92,95.8,Success
Khadakwasla,16/12/2024,08:41 AM,30.0,55.91,85.91,21.06,51.06,37.67,72.61,Success
Mulshi,16/12/2024,07:45 AM,230.0,522.76,752.76,425.76,655.76,81.44,85.67,Success
Panshet,16/12/2024,08:42 AM,9.0,301.61,310.61,272.72,281.72,90.42,90.92,Success
Temghar,16/12/2024,07:45 AM,2.95,105.01,107.96,63.64,66.59,60.6,42.9,Success
Gunjawani,15/12/2024,07:00 AM,0.21,104.48,104.69,99.48,99.69,95.21,95.8,Success
Khadakwasla,15/12/2024,08:43 AM,30.0,55.91,85.91,21.97,51.97,39.3,70.9,Success
Mulshi,15/12/2024,07:45 AM,230.0,522.76,752.76,426.52,656.52,81.59,85.6,Success
Panshet,15/12/2024,08:43 AM,9.0,301.61,310.61,272.72,281.72,90.42,91.16,Success
Temghar,15/12/2024,07:45 AM,2.95,105.01,107.96,64.73,67.68,61.64,43.4,Success
Gunjawani,14/12/2024,07:57 AM,0.21,104.48,104.69,100.1,100.31,95.81,95.8,Success
Khadakwasla,14/12/2024,08:00 AM,30.0,55.91,85.91,22.93,52.93,41.01,70.21,Success
Mulshi,14/12/2024,07:45 AM,230.0,522.76,752.76,428.03,658.03,81.88,85.89,Success
Panshet,14/12/2024,08:00 AM,9.0,301.61,310.61,272.87,281.87,90.47,91.8,Success
Temghar,14/12/2024,07:45 AM,2.95,105.01,107.96,65.76,68.71,62.62,44.35,Success
Gunjawani,13/12/2024,08:14 AM,0.21,104.48,104.69,100.71,100.92,96.39,95.8,Success
Khadakwasla,13/12/2024,08:30 AM,30.0,55.91,85.91,23.67,53.67,42.34,68.55,Success
Mulshi,13/12/2024,07:45 AM,230.0,522.76,752.76,429.93,659.93,82.24,86.19,Success
Panshet,13/12/2024,08:31 AM,9.0,301.61,310.61,273.18,282.18,90.57,92.63,Success
Temghar,13/12/2024,07:45 AM,2.95,105.01,107.96,66.69,69.64,63.51,45.55,Success
Gunjawani,12/12/2024,07:53 AM,0.21,104.48,104.69,101.33,101.54,96.99,95.8,Success
Khadakwasla,12/12/2024,08:00 AM,30.0,55.91,85.91,24.23,54.23,43.34,68.33,Success
Mulshi,12/12/2024,07:45 AM,230.0,522.76,752.76,431.06,661.06,82.46,86.41,Success
Panshet,12/12/2024,08:00 AM,9.0,301.61,310.61,273.18,282.18,90.57,92.8,Success
Temghar,12/12/2024,07:45 AM,2.95,105.01,107.96,67.67,70.62,64.44,46.39,Success
Gunjawani,11/12/2024,07:55 AM,0.21,104.48,104.69,101.95,102.16,97.58,96.39,Success
Khadakwasla,11/12/2024,07:00 AM,30.0,55.91,85.91,24.99,54.99,44.7,66.2,Success
Mulshi,11/12/2024,07:30 AM,230.0,522.76,752.76,432.96,662.96,82.82,86.7,Success
Panshet,11/12/2024,07:00 AM,9.0,301.61,310.61,273.33,282.33,90.62,93.46,Success
Temghar,11/12/2024,07:30 AM,2.95,105.01,107.96,68.62,71.57,65.35,47.47,Success
Gunjawani,10/12/2024,07:51 AM,0.21,104.48,104.69,101.95,102.16,97.58,96.39,Success
Khadakwasla,10/12/2024,08:00 AM,30.0,55.91,85.91,25.9,55.9,46.32,65.47,Success
Mulshi,10/12/2024,08:30 AM,230.0,522.76,752.76,433.72,663.72,82.97,87.07,Success
Panshet,10/12/2024,08:00 AM,9.0,301.61,310.61,273.33,282.33,90.62,93.76,Success
Temghar,10/12/2024,08:30 AM,2.95,105.01,107.96,69.5,72.45,66.18,48.47,Success
Gunjawani,09/12/2024,08:00 स.,0.21,104.48,104.69,101.95,102.16,97.58,96.39,Success
Khadakwasla,09/12/2024,08:25 AM,30.0,55.91,85.91,25.2,55.2,45.07,62.22,Success
Mulshi,09/12/2024,07:30 AM,230.0,522.76,752.76,435.62,665.62,83.33,87.14,Success
Panshet,09/12/2024,08:28 AM,9.0,301.61,310.61,275.41,284.41,91.31,95.23,Success
Temghar,09/12/2024,07:45 AM,2.95,105.01,107.96,70.51,73.46,67.15,49.44,Success
Gunjawani,08/12/2024,08:19 AM,0.21,104.48,104.69,101.95,102.16,97.58,96.39,Success
Khadakwasla,08/12/2024,08:00 AM,30.0,55.91,85.91,24.44,54.44,43.71,62.67,Success
Mulshi,08/12/2024,07:45 AM,230.0,522.76,752.76,436.0,666.0,83.4,87.37,Success
Panshet,08/12/2024,07:00 AM,9.0,301.61,310.61,277.02,286.02,91.85,95.23,Success
Temghar,08/12/2024,07:45 AM,2.95,105.01,107.96,71.53,74.48,68.12,50.38,Success
Gunjawani,07/12/2024,08:00 स.,0.21,104.48,104.69,101.95,102.16,97.58,96.39,Success
Khadakwasla,07/12/2024,08:44 AM,30.0,55.91,85.91,23.95,53.95,42.84,62.17,Success
Mulshi,07/12/2024,07:45 AM,230.0,522.76,752.76,436.77,666.77,83.55,87.74,Success
Panshet,07/12/2024,08:44 AM,9.0,301.61,310.61,278.47,287.47,92.33,95.39,Success
Temghar,07/12/2024,07:45 AM,2.95,105.01,107.96,72.44,75.39,68.98,51.28,Success
Gunjawani,06/12/2024,08:07 AM,0.21,104.48,104.69,101.95,102.16,97.58,96.39,Success
Khadakwasla,06/12/2024,08:11 AM,30.0,55.91,85.91,23.32,53.32,41.71,63.15,Success
Mulshi,06/12/2024,08:00 स.,230.0,522.76,752.76,439.45,669.45,84.06,87.96,Success
Panshet,06/12/2024,08:11 AM,9.0,301.61,310.61,280.25,289.25,92.92,96.12,Success
Temghar,06/12/2024,07:46 AM,2.95,105.01,107.96,73.96,76.91,70.43,51.58,Success
Gunjawani,05/12/2024,08:14 AM,0.21,104.48,104.69,102.56,102.77,98.16,96.39,Success
Khadakwasla,05/12/2024,08:00 AM,30.0,55.91,85.91,22.81,52.81,40.8,64.17,Success
Mulshi,05/12/2024,07:45 AM,230.0,522.76,752.76,442.13,672.13,84.58,88.18,Success
Panshet,05/12/2024,08:00 AM,9.0,301.61,310.61,281.73,290.73,93.41,96.16,Success
Temghar,05/12/2024,07:45 AM,2.95,105.01,107.96,74.0,76.95,70.47,51.64,Success
Gunjawani,04/12/2024,07:53 AM,0.21,104.48,104.69,102.56,102.77,98.16,96.39,Success
Khadakwasla,04/12/2024,08:00 AM,30.0,55.91,85.91,22.18,52.18,39.67,67.88,Success
Mulshi,04/12/2024,07:15 AM,230.0,522.76,752.76,444.04,674.04,84.94,88.41,Success
Panshet,04/12/2024,08:00 AM,9.0,301.61,310.61,283.37,292.37,93.95,96.16,Success
Temghar,04/12/2024,07:45 AM,2.95,105.01,107.96,74.89,77.84,71.32,51.83,Success
Gunjawani,03/12/2024,08:27 AM,0.21,104.48,104.69,102.56,102.77,98.16,96.39,Success
Khadakwasla,03/12/2024,07:55 AM,30.0,55.91,85.91,21.06,51.06,37.67,72.83,Success
Mulshi,03/12/2024,08:00 स.,230.0,522.76,752.76,445.58,675.58,85.24,88.66,Success
Panshet,03/12/2024,07:55 AM,9.0,301.61,310.61,285.64,294.64,94.71,95.68,Success
Temghar,03/12/2024,08:00 स.,2.95,105.01,107.96,75.7,78.65,72.09,51.95,Success
Gunjawani,02/12/2024,08:09 AM,0.21,104.48,104.69,102.56,102.77,98.16,96.39,Success
Khadakwasla,02/12/2024,08:30 AM,30.0,55.91,85.91,22.56,52.56,40.35,74.22,Success
Mulshi,02/12/2024,07:45 AM,230.0,522.76,752.76,447.11,677.11,85.53,88.92,Success
Panshet,02/12/2024,08:30 AM,9.0,301.61,310.61,287.36,296.36,95.28,96.26,Success
Temghar,02/12/2024,07:45 AM,2.95,105.01,107.96,76.52,79.47,72.87,52.07,Success
Gunjawani,01/12/2024,08:00 स.,0.21,104.48,104.69,102.56,102.77,98.16,96.39,Success
Khadakwasla,01/12/2024,08:00 AM,30.0,55.91,85.91,24.14,54.14,43.18,74.22,Success
Mulshi,01/12/2024,07:45 AM,230.0,522.76,752.76,447.49,677.49,85.6,89.15,Success
Panshet,01/12/2024,08:00 AM,9.0,301.61,310.61,288.27,297.27,95.58,96.26,Success
Temghar,01/12/2024,07:45 AM,2.95,105.01,107.96,76.69,79.64,73.03,52.22,Success
Gunjawani,30/11/2024,08:27 AM,0.21,104.48,104.69,102.56,102.77,98.16,96.39,Success
Khadakwasla,30/11/2024,08:00 AM,30.0,55.91,85.91,27.22,57.22,48.69,75.14,Success
Mulshi,30/11/2024,08:39 AM,230.0,522.76,752.76,448.25,678.25,85.75,89.67,Success
Panshet,30/11/2024,08:00 AM,9.0,301.61,310.61,288.42,297.42,95.63,96.36,Success
Temghar,30/11/2024,07:45 AM,2.95,105.01,107.96,76.85,79.8,73.18,53.12,Success
Gunjawani,29/11/2024,07:55 AM,0.21,104.48,104.69,102.56,102.77,98.16,96.39,Success
Khadakwasla,29/11/2024,08:00 AM,30.0,55.91,85.91,30.62,60.62,54.77,75.64,Success
Mulshi,29/11/2024,07:45 AM,230.0,522.76,752.76,450.17,680.17,86.11,89.67,Success
Panshet,29/11/2024,08:00 AM,9.0,301.61,310.61,288.42,297.42,95.63,96.32,Success
Temghar,29/11/2024,06:00 AM,2.95,105.01,107.96,77.06,80.01,73.38,54.11,Success
Gunjawani,28/11/2024,07:30 AM,0.21,104.48,104.69,102.56,102.77,98.16,96.39,Success
Khadakwasla,28/11/2024,08:26 AM,30.0,55.91,85.91,32.39,62.39,57.93,76.84,Success
Mulshi,28/11/2024,08:00 स.,230.0,522.76,752.76,451.71,681.71,86.41,89.84,Success
Panshet,28/11/2024,08:27 AM,9.0,301.61,310.61,288.72,297.72,95.73,96.42,Success
Temghar,28/11/2024,07:45 AM,2.95,105.01,107.96,77.23,80.18,73.55,55.07,Success
Gunjawani,27/11/2024,07:54 AM,0.21,104.48,104.69,102.56,102.77,98.16,96.39,Success
Khadakwasla,27/11/2024,08:18 AM,30.0,55.91,85.91,36.2,66.2,64.75,75.6,Success
Mulshi,27/11/2024,08:00 स.,230.0,522.76,752.76,453.24,683.24,86.7,90.02,Success
Panshet,27/11/2024,08:18 AM,9.0,301.61,310.61,289.15,298.15,95.87,95.82,Success
Temghar,27/11/2024,07:30 AM,2.95,105.01,107.96,77.56,80.51,73.86,56.0,Success
Gunjawani,26/11/2024,07:36 AM,0.21,104.48,104.69,103.18,103.39,98.76,96.39,Success
Khadakwasla,26/11/2024,08:07 AM,30.0,55.91,85.91,38.08,68.08,68.11,72.2,Success
Mulshi,26/11/2024,12:00 PM,230.0,522.76,752.76,454.78,684.78,87.0,90.19,Success
Panshet,26/11/2024,08:08 AM,9.0,301.61,310.61,289.15,298.15,95.87,96.42,Success
Temghar,26/11/2024,07:10 AM,2.95,105.01,107.96,79.9,82.85,76.09,57.37,Success
Gunjawani,25/11/2024,07:41 AM,0.21,104.48,104.69,103.18,103.39,98.76,96.39,Success
Khadakwasla,25/11/2024,08:39 AM,30.0,55.91,85.91,40.01,70.01,71.56,71.53,Success
Mulshi,25/11/2024,08:00 स.,230.0,522.76,752.76,456.14,686.14,87.26,90.22,Success
Panshet,25/11/2024,08:39 AM,9.0,301.61,310.61,289.15,298.15,95.87,96.12,Success
Temghar,25/11/2024,08:00 स.,2.95,105.01,107.96,80.15,83.1,76.33,57.98,Success
Gunjawani,24/11/2024,08:18 AM,0.21,104.48,104.69,103.18,103.39,98.76,96.39,Success
Khadakwasla,24/11/2024,08:00 AM,30.0,55.91,85.91,40.92,70.92,73.19,70.46,Success
Mulshi,24/11/2024,07:45 AM,230.0,522.76,752.76,457.49,687.49,87.51,90.26,Success
Panshet,24/11/2024,08:00 AM,9.0,301.61,310.61,289.45,298.45,95.97,96.26,Success
Temghar,24/11/2024,07:45 AM,2.95,105.01,107.96,80.4,83.35,76.56,58.6,Success
Gunjawani,23/11/2024,08:00 स.,0.21,104.48,104.69,103.18,103.39,98.76,96.39,PDF Not Available
Khadakwasla,23/11/2024,08:00 स.,30.0,55.91,85.91,41.74,71.74,74.66,70.9,PDF Not Available
Mulshi,23/11/2024,08:00 स.,230.0,522.76,752.76,458.66,688.66,87.74,90.71,PDF Not Available
Panshet,23/11/2024,08:00 स.,9.0,301.61,310.61,289.52,298.52,95.99,96.48,PDF Not Available
Temghar,23/11/2024,08:00 स.,2.95,105.01,107.96,81.36,84.31,77.48,59.55,PDF Not Available
Gunjawani,22/11/2024,07:05 AM,0.21,104.48,104.69,103.18,103.39,98.76,96.39,Success
Khadakwasla,22/11/2024,08:00 AM,30.0,55.91,85.91,42.56,72.56,76.12,71.34,Success
Mulshi,22/11/2024,07:45 AM,230.0,522.76,752.76,459.82,689.82,87.96,91.16,Success
Panshet,22/11/2024,08:00 AM,9.0,301.61,310.61,289.6,298.6,96.02,96.71,Success
Temghar,22/11/2024,07:45 AM,2.95,105.01,107.96,82.32,85.27,78.39,60.5,Success
Gunjawani,21/11/2024,08:00 स.,0.21,104.48,104.69,103.18,103.39,98.76,96.59,Success
Khadakwasla,21/11/2024,08:00 AM,30.0,55.91,85.91,43.09,73.09,77.07,71.76,Success
Mulshi,21/11/2024,07:45 AM,230.0,522.76,752.76,461.76,691.76,88.33,91.24,Success
Panshet,21/11/2024,08:00 AM,9.0,301.61,310.61,289.6,298.6,96.02,96.42,Success
Temghar,21/11/2024,07:45 AM,2.95,105.01,107.96,83.31,86.26,79.34,61.23,Success
Gunjawani,20/11/2024,08:00 स.,0.21,104.48,104.69,103.18,103.39,98.76,96.78,Success
Khadakwasla,20/11/2024,08:44 am,30.0,55.91,85.91,43.83,73.83,78.39,73.36,Success
Mulshi,20/11/2024,07:45 am,230.0,522.76,752.76,462.54,692.54,88.48,91.54,Success
Panshet,20/11/2024,08:44 am,9.0,301.61,310.61,289.6,298.6,96.02,96.67,Success
Temghar,20/11/2024,07:45 am,2.95,105.01,107.96,84.08,87.03,80.07,62.13,Success
Gunjawani,19/11/2024,08:13 AM,0.21,104.48,104.69,103.18,103.39,98.76,96.98,Success
Khadakwasla,19/11/2024,07:00 AM,30.0,55.91,85.91,44.1,74.1,78.88,74.3,Success
Mulshi,19/11/2024,07:45 AM,230.0,522.76,752.76,464.09,694.09,88.78,91.84,Success
Panshet,19/11/2024,08:00 AM,9.0,301.61,310.61,289.75,298.75,96.07,96.67,Success
Temghar,19/11/2024,07:45 AM,2.95,105.01,107.96,85.08,88.03,81.02,63.09,Success
Gunjawani,18/11/2024,08:10 AM,0.21,104.48,104.69,103.18,103.39,98.76,96.98,Success
Khadakwasla,18/11/2024,07:00 AM,30.0,55.91,85.91,44.65,74.65,79.86,73.18,Success
Mulshi,18/11/2024,07:45 AM,230.0,522.76,752.76,465.64,695.64,89.07,91.92,Success
Panshet,18/11/2024,08:00 स.,9.0,301.61,310.61,289.97,298.97,96.14,96.94,Success
Temghar,18/11/2024,07:45 AM,2.95,105.01,107.96,86.04,88.99,81.94,63.94,Success
Gunjawani,17/11/2024,08:16 AM,0.21,104.48,104.69,103.83,104.04,99.38,96.98,Success
Khadakwasla,17/11/2024,08:00 AM,30.0,55.91,85.91,45.24,75.24,80.92,71.76,Success
Mulshi,17/11/2024,07:30 AM,230.0,522.76,752.76,466.41,696.41,89.22,92.22,Success
Panshet,17/11/2024,08:00 AM,9.0,301.61,310.61,290.19,299.19,96.21,97.21,Success
Temghar,17/11/2024,07:30 AM,2.95,105.01,107.96,86.96,89.91,82.81,64.84,Success
Gunjawani,16/11/2024,06:51 AM,0.21,104.48,104.69,103.83,104.04,99.38,96.98,Success
Khadakwasla,16/11/2024,08:00 AM,30.0,55.91,85.91,45.66,75.66,81.67,69.5,Success
Mulshi,16/11/2024,07:45 AM,230.0,522.76,752.76,467.96,697.96,89.52,92.37,Success
Panshet,16/11/2024,08:00 AM,9.0,301.61,310.61,290.34,299.34,96.26,97.84,Success
Temghar,16/11/2024,07:45 AM,2.95,105.01,107.96,87.94,90.89,83.74,65.68,Success
Gunjawani,15/11/2024,06:00 AM,0.21,104.48,104.69,103.83,104.04,99.38,96.98,Success
Khadakwasla,15/11/2024,08:30 AM,30.0,55.91,85.91,46.27,76.27,82.76,67.43,Success
Mulshi,15/11/2024,07:45 AM,230.0,522.76,752.76,469.13,699.13,89.74,92.67,Success
Panshet,15/11/2024,08:31 AM,9.0,301.61,310.61,290.48,299.48,96.31,98.23,Success
Temghar,15/11/2024,07:45 AM,2.95,105.01,107.96,88.87,91.82,84.63,66.59,Success
Gunjawani,14/11/2024,07:53 AM,0.21,104.48,104.69,103.83,104.04,99.38,96.98,Success
Khadakwasla,14/11/2024,01:00 AM,30.0,55.91,85.91,46.7,76.7,83.53,66.81,Success
Mulshi,14/11/2024,07:45 AM,230.0,522.76,752.76,471.07,701.07,90.11,92.83,Success
Panshet,14/11/2024,08:00 AM,9.0,301.61,310.61,290.34,299.34,96.26,98.83,Success
Temghar,14/11/2024,07:45 AM,2.95,105.01,107.96,89.81,92.76,85.53,67.48,Success
Gunjawani,13/11/2024,07:42 AM,0.21,104.48,104.69,103.83,104.04,99.38,96.98,Success
Khadakwasla,13/11/2024,08:35 AM,30.0,55.91,85.91,47.37,77.37,84.73,64.32,Success
Mulshi,13/11/2024,07:45 AM,230.0,522.76,752.76,472.23,702.23,90.33,93.05,Success
Panshet,13/11/2024,08:35 AM,9.0,301.61,310.61,290.48,299.48,96.31,99.61,Success
Temghar,13/11/2024,07:45 AM,2.95,105.01,107.96,90.75,93.7,86.42,68.34,Success
Gunjawani,12/11/2024,06:43 AM,0.21,104.48,104.69,103.83,104.04,99.38,96.98,Success
Khadakwasla,12/11/2024,08:00 AM,30.0,55.91,85.91,47.52,77.52,84.99,63.15,Success
Mulshi,12/11/2024,07:45 AM,230.0,522.76,752.76,474.19,704.19,90.71,93.2,Success
Panshet,12/11/2024,07:00 AM,9.0,301.61,310.61,290.48,299.48,96.31,99.71,Success
Temghar,12/11/2024,08:00 AM,2.95,105.01,107.96,91.6,94.55,87.23,69.25,Success
Gunjawani,11/11/2024,07:03 AM,0.21,104.48,104.69,103.83,104.04,99.38,96.98,Success
Khadakwasla,11/11/2024,08:37 AM,30.0,55.91,85.91,48.22,78.22,86.25,60.88,Success
Mulshi,11/11/2024,07:45 AM,230.0,522.76,752.76,476.96,706.96,91.24,93.2,Success
Panshet,11/11/2024,08:38 AM,9.0,301.61,310.61,290.48,299.48,96.31,100.0,Success
Temghar,11/11/2024,07:45 AM,2.95,105.01,107.96,92.55,95.5,88.13,70.08,Success
Gunjawani,10/11/2024,07:00 AM,0.21,104.48,104.69,103.83,104.04,99.38,96.98,Success
Khadakwasla,10/11/2024,08:00 AM,30.0,55.91,85.91,48.5,78.5,86.75,60.46,Success
Mulshi,10/11/2024,07:45 AM,230.0,522.76,752.76,477.75,707.75,91.39,93.43,Success
Panshet,10/11/2024,08:00 AM,9.0,301.61,310.61,290.48,299.48,96.31,100.0,Success
Temghar,10/11/2024,08:00 AM,2.95,105.01,107.96,93.5,96.45,89.04,70.89,Success
Gunjawani,09/11/2024,07:07 AM,0.21,104.48,104.69,104.48,104.69,100.0,96.98,Success
Khadakwasla,09/11/2024,08:26 AM,30.0,55.91,85.91,49.06,79.06,87.75,56.62,Success
Mulshi,09/11/2024,07:45 AM,230.0,522.76,752.76,479.72,709.72,91.77,93.66,Success
Panshet,09/11/2024,08:26 AM,9.0,301.61,310.61,290.96,299.96,96.47,100.0,Success
Temghar,09/11/2024,07:45 AM,2.95,105.01,107.96,94.42,97.37,89.92,71.7,Success
Gunjawani,08/11/2024,08:00 स.,0.21,104.48,104.69,104.48,104.69,100.0,96.98,Success
Khadakwasla,08/11/2024,08:39 AM,30.0,55.91,85.91,49.89,79.89,89.23,54.76,Success
Mulshi,08/11/2024,12:00 AM,230.0,522.76,752.76,482.49,712.49,92.3,93.66,Success
Panshet,08/11/2024,08:40 AM,9.0,301.61,310.61,290.96,299.96,96.47,100.0,Success
Temghar,08/11/2024,07:45 AM,2.95,105.01,107.96,95.38,98.33,90.83,72.44,Success
Gunjawani,07/11/2024,08:38 AM,0.21,104.48,104.69,104.48,104.69,100.0,96.98,Success
Khadakwasla,07/11/2024,08:00 AM,30.0,55.91,85.91,50.23,80.23,89.84,53.98,Success
Mulshi,07/11/2024,07:45 AM,230.0,522.76,752.76,484.07,714.07,92.6,93.88,Success
Panshet,07/11/2024,08:00 AM,9.0,301.61,310.61,291.11,300.11,96.52,100.0,Success
Temghar,07/11/2024,07:45 AM,2.95,105.01,107.96,96.11,99.06,91.52,73.38,Success
Gunjawani,06/11/2024,07:53 AM,0.21,104.48,104.69,104.48,104.69,100.0,96.98,Success
Khadakwasla,06/11/2024,08:34 AM,30.0,55.91,85.91,50.54,80.54,90.4,51.99,Success
Mulshi,06/11/2024,07:45 AM,230.0,522.76,752.76,486.44,716.44,93.05,94.19,Success
Panshet,06/11/2024,08:34 AM,9.0,301.61,310.61,290.96,299.96,96.47,100.0,Success
Temghar,06/11/2024,07:45 AM,2.95,105.01,107.96,96.99,99.94,92.36,74.21,Success
Gunjawani,05/11/2024,06:53 AM,0.21,104.48,104.69,104.48,104.69,100.0,97.57,Success
Khadakwasla,05/11/2024,08:00 AM,30.0,55.91,85.91,51.05,81.05,91.31,51.57,Success
Mulshi,05/11/2024,07:45 AM,230.0,522.76,752.76,488.41,718.41,93.43,94.42,Success
Panshet,05/11/2024,07:00 AM,9.0,301.61,310.61,291.11,300.11,96.52,100.0,Success
Temghar,05/11/2024,07:45 AM,2.95,105.01,107.96,97.86,100.81,93.19,75.09,Success
Gunjawani,04/11/2024,07:01 AM,0.21,104.48,104.69,104.48,104.69,100.0,97.57,Success
Khadakwasla,04/11/2024,08:42 AM,30.0,55.91,85.91,50.91,80.91,91.06,48.86,Success
Mulshi,04/11/2024,07:30 AM,230.0,522.76,752.76,490.78,720.78,93.88,94.65,Success
Panshet,04/11/2024,08:42 AM,9.0,301.61,310.61,291.42,300.42,96.62,100.0,Success
Temghar,04/11/2024,07:45 AM,2.95,105.01,107.96,98.75,101.7,94.04,75.93,Success
Gunjawani,03/11/2024,06:26 AM,0.21,104.48,104.69,104.48,104.69,100.0,97.57,Success
Khadakwasla,03/11/2024,07:00 AM,30.0,55.91,85.91,52.46,82.46,93.83,47.64,Success
Mulshi,03/11/2024,07:45 AM,230.0,522.76,752.76,492.36,722.36,94.18,94.95,Success
Panshet,03/11/2024,07:00 AM,9.0,301.61,310.61,291.27,300.27,96.57,100.0,Success
Temghar,03/11/2024,07:45 AM,2.95,105.01,107.96,99.72,102.67,94.96,76.69,Success
Gunjawani,02/11/2024,08:00 स.,0.21,104.48,104.69,104.48,104.69,100.0,97.57,Success
Khadakwasla,02/11/2024,08:00 स.,30.0,55.91,85.91,52.68,82.68,94.22,47.07,Success
Mulshi,02/11/2024,08:00 स.,230.0,522.76,752.76,493.83,723.83,94.47,95.26,Success
Panshet,02/11/2024,08:00 स.,9.0,301.61,310.61,291.46,300.46,96.63,100.0,Success
Temghar,02/11/2024,08:00 स.,2.95,105.01,107.96,100.99,103.94,96.17,77.46,Success
Gunjawani,01/11/2024,08:23 AM,0.21,104.48,104.69,104.48,104.69,100.0,97.57,Success
Khadakwasla,01/11/2024,08:00 स.,30.0,55.91,85.91,52.91,82.91,94.63,46.49,Success
Mulshi,01/11/2024,08:00 स.,230.0,522.76,752.76,495.31,725.31,94.75,95.57,Success
Panshet,01/11/2024,08:00 स.,9.0,301.61,310.61,291.65,300.65,96.7,100.0,Success
Temghar,01/11/2024,08:00 AM,2.95,105.01,107.96,102.26,105.21,97.38,78.23,Success
Gunjawani,31/10/2024,08:21 AM,0.21,104.48,104.69,104.48,104.69,100.0,97.57,Success
Khadakwasla,31/10/2024,11:00 AM,30.0,55.91,85.91,53.13,83.13,95.03,45.92,Success
Mulshi,31/10/2024,07:30 AM,230.0,522.76,752.76,496.78,726.78,95.03,95.88,Success
Panshet,31/10/2024,07:00 AM,9.0,301.61,310.61,291.84,300.84,96.76,100.0,Success
Temghar,31/10/2024,07:45 AM,2.95,105.01,107.96,102.35,105.3,97.47,78.27,Success
Gunjawani,30/10/2024,08:23 AM,0.21,104.48,104.69,104.48,104.69,100.0,97.57,Success
Khadakwasla,30/10/2024,07:00 AM,30.0,55.91,85.91,52.04,82.04,93.08,45.7,Success
Mulshi,30/10/2024,07:45 AM,230.0,522.76,752.76,499.6,729.6,95.57,96.26,Success
Panshet,30/10/2024,07:00 AM,9.0,301.61,310.61,293.63,302.63,97.35,100.0,Success
Temghar,30/10/2024,07:45 AM,2.95,105.01,107.96,103.16,106.11,98.24,78.39,Success
Gunjawani,29/10/2024,08:24 AM,0.21,104.48,104.69,104.48,104.69,100.0,97.57,Success
Khadakwasla,29/10/2024,08:47 AM,30.0,55.91,85.91,51.33,81.33,91.81,45.72,Success
Mulshi,29/10/2024,07:45 AM,230.0,522.76,752.76,502.02,732.02,96.03,96.65,Success
Panshet,29/10/2024,08:47 AM,9.0,301.61,310.61,295.38,304.38,97.93,100.0,Success
Temghar,29/10/2024,07:45 AM,2.95,105.01,107.96,103.25,106.2,98.32,78.6,Success
Gunjawani,28/10/2024,08:00 AM,0.21,104.48,104.69,104.48,104.69,100.0,97.57,Success
Khadakwasla,28/10/2024,08:00 AM,30.0,55.91,85.91,50.91,80.91,91.06,44.69,Success
Mulshi,28/10/2024,07:45 AM,230.0,522.76,752.76,504.43,734.43,96.49,97.03,Success
Panshet,28/10/2024,08:00 AM,9.0,301.61,310.61,296.89,305.89,98.44,100.0,Success
Temghar,28/10/2024,07:45 AM,2.95,105.01,107.96,103.44,106.39,98.5,78.68,Success
Gunjawani,27/10/2024,08:06 AM,0.21,104.48,104.69,104.48,104.69,100.0,97.57,Success
Khadakwasla,27/10/2024,06:00 AM,30.0,55.91,85.91,50.44,80.44,90.22,44.48,Success
Mulshi,27/10/2024,08:00 AM,230.0,522.76,752.76,506.85,736.85,96.96,97.34,Success
Panshet,27/10/2024,06:00 AM,9.0,301.61,310.61,298.37,307.37,98.93,100.0,Success
Temghar,27/10/2024,07:45 AM,2.95,105.01,107.96,103.54,106.49,98.6,78.84,Success
Gunjawani,26/10/2024,08:01 AM,0.21,104.48,104.69,104.48,104.69,100.0,97.57,Success
Khadakwasla,26/10/2024,08:00 AM,30.0,55.91,85.91,49.89,79.89,89.23,44.69,Success
Mulshi,26/10/2024,07:45 AM,230.0,522.76,752.76,509.26,739.26,97.42,97.5,Success
Panshet,26/10/2024,08:00 AM,9.0,301.61,310.61,299.82,308.82,99.41,100.0,Success
Temghar,26/10/2024,08:00 AM,2.95,105.01,107.96,103.73,106.68,98.78,78.88,Success
Gunjawani,25/10/2024,07:08 AM,0.21,104.48,104.69,104.48,104.69,100.0,97.57,Success
Khadakwasla,25/10/2024,07:00 AM,30.0,55.91,85.91,49.49,79.49,88.52,44.69,Success
Mulshi,25/10/2024,07:45 AM,230.0,522.76,752.76,510.47,740.47,97.65,97.96,Success
Panshet,25/10/2024,07:00 AM,9.0,301.61,310.61,301.4,310.4,99.93,100.0,Success
Temghar,25/10/2024,07:45 AM,2.95,105.01,107.96,103.92,106.87,98.96,79.25,Success
Gunjawani,24/10/2024,07:24 AM,0.21,104.48,104.69,104.48,104.69,100.0,97.57,Success
Khadakwasla,24/10/2024,08:00 AM,30.0,55.91,85.91,49.06,79.06,87.75,45.29,Success
Mulshi,24/10/2024,07:45 AM,230.0,522.76,752.76,514.12,744.12,98.35,98.13,Success
Panshet,24/10/2024,08:00 AM,9.0,301.61,310.61,301.61,310.61,100.0,100.0,Success
Temghar,24/10/2024,07:45 AM,2.95,105.01,107.96,104.06,107.01,99.1,79.37,Success
Gunjawani,23/10/2024,07:25 AM,0.21,104.48,104.69,104.48,104.69,100.0,97.57,Success
Khadakwasla,23/10/2024,07:00 AM,30.0,55.91,85.91,48.36,78.36,86.5,46.12,Success
Mulshi,23/10/2024,07:45 AM,230.0,522.76,752.76,515.77,745.77,98.66,98.13,Success
Panshet,23/10/2024,07:00 AM,9.0,301.61,310.61,301.61,310.61,100.0,100.0,Success
Temghar,23/10/2024,07:45 AM,2.95,105.01,107.96,104.15,107.1,99.18,79.33,Success
Gunjawani,22/10/2024,07:37 AM,0.21,104.48,104.69,104.48,104.69,100.0,97.57,Success
Khadakwasla,22/10/2024,08:42 AM,30.0,55.91,85.91,49.06,79.06,87.75,50.63,Success
Mulshi,22/10/2024,07:45 AM,230.0,522.76,752.76,517.0,747.0,98.9,98.19,Success
Panshet,22/10/2024,08:42 AM,9.0,301.61,310.61,301.61,310.61,100.0,100.0,Success
Temghar,22/10/2024,08:31 AM,2.95,105.01,107.96,104.34,107.29,99.36,79.58,Success
Gunjawani,21/10/2024,07:17 AM,0.21,104.48,104.69,104.48,104.69,100.0,97.57,Success
Khadakwasla,21/10/2024,08:42 AM,30.0,55.91,85.91,49.89,79.89,89.23,52.34,Success
Mulshi,21/10/2024,07:30 AM,230.0,522.76,752.76,518.44,748.44,99.17,98.35,Success
Panshet,21/10/2024,08:43 AM,9.0,301.61,310.61,301.61,310.61,100.0,100.0,Success
Temghar,21/10/2024,07:30 AM,2.95,105.01,107.96,104.34,107.29,99.36,79.58,Success
Gunjawani,20/10/2024,06:48 AM,0.21,104.48,104.69,104.48,104.69,100.0,97.57,Success
Khadakwasla,20/10/2024,07:00 AM,30.0,55.91,85.91,50.54,80.54,90.4,52.92,Success
Mulshi,20/10/2024,07:30 AM,230.0,522.76,752.76,519.4,749.4,99.36,98.43,Success
Panshet,20/10/2024,07:00 AM,9.0,301.61,310.61,301.61,310.61,100.0,100.0,Success
Temghar,20/10/2024,07:45 AM,2.95,105.01,107.96,104.44,107.39,99.46,79.7,Success
Gunjawani,19/10/2024,08:02 AM,0.21,104.48,104.69,104.48,104.69,100.0,97.57,Success
Khadakwasla,19/10/2024,08:00 AM,30.0,55.91,85.91,51.48,81.48,92.08,54.76,Success
Mulshi,19/10/2024,07:45 AM,230.0,522.76,752.76,520.84,750.84,99.63,98.74,Success
Panshet,19/10/2024,08:00 AM,9.0,301.61,310.61,301.61,310.61,100.0,100.0,Success
Temghar,19/10/2024,07:45 AM,2.95,105.01,107.96,104.58,107.53,99.59,79.87,Success
Gunjawani,18/10/2024,07:45 AM,0.21,104.48,104.69,104.48,104.69,100.0,97.57,Success
Khadakwasla,18/10/2024,07:00 AM,30.0,55.91,85.91,52.46,82.46,93.83,62.22,Success
Mulshi,18/10/2024,07:30 AM,230.0,522.76,752.76,522.76,752.76,100.0,99.36,Success
Panshet,18/10/2024,07:00 AM,9.0,301.61,310.61,301.61,310.61,100.0,100.0,Success
Temghar,18/10/2024,07:45 AM,2.95,105.01,107.96,104.68,107.63,99.69,79.91,Success
Gunjawani,17/10/2024,08:23 AM,0.21,104.48,104.69,104.48,104.69,100.0,97.57,Success
Khadakwasla,17/10/2024,07:00 AM,30.0,55.91,85.91,50.91,80.91,91.06,60.23,Success
Mulshi,17/10/2024,07:45 AM,230.0,522.76,752.76,522.76,752.76,100.0,99.91,Success
Panshet,17/10/2024,07:00 AM,9.0,301.61,310.61,301.61,310.61,100.0,100.0,Success
Temghar,17/10/2024,07:45 AM,2.95,105.01,107.96,104.77,107.72,99.77,79.99,Success
Gunjawani,16/10/2024,08:04 AM,0.21,104.48,104.69,104.48,104.69,100.0,97.57,Success
Khadakwasla,16/10/2024,07:00 AM,30.0,55.91,85.91,51.48,81.48,92.08,61.95,Success
Mulshi,16/10/2024,07:45 AM,230.0,522.76,752.76,522.76,752.76,100.0,100.0,Success
Panshet,16/10/2024,07:00 AM,9.0,301.61,310.61,301.61,310.61,100.0,100.0,Success
Temghar,16/10/2024,07:30 AM,2.95,105.01,107.96,104.87,107.82,99.87,80.03,Success
Gunjawani,15/10/2024,07:03 AM,0.21,104.48,104.69,104.48,104.69,100.0,97.57,Success
Khadakwasla,15/10/2024,07:00 AM,30.0,55.91,85.91,52.46,82.46,93.83,62.67,Success
Mulshi,15/10/2024,07:45 AM,230.0,522.76,752.76,522.76,752.76,100.0,100.0,Success
Panshet,15/10/2024,07:00 AM,9.0,301.61,310.61,301.61,310.61,100.0,100.0,Success
Temghar,15/10/2024,07:45 AM,2.95,105.01,107.96,104.96,107.91,99.95,80.11,Success
Gunjawani,14/10/2024,07:24 AM,0.21,104.48,104.69,104.48,104.69,100.0,97.57,Success
Khadakwasla,14/10/2024,08:24 AM,30.0,55.91,85.91,53.4,83.4,95.51,65.72,Success
Mulshi,14/10/2024,07:45 AM,230.0,522.76,752.76,522.76,752.76,100.0,100.0,Success
Panshet,14/10/2024,08:24 AM,9.0,301.61,310.61,301.61,310.61,100.0,100.0,Success
Temghar,14/10/2024,08:47 AM,2.95,105.01,107.96,105.01,107.96,100.0,80.28,Success
Gunjawani,13/10/2024,08:00 स.,0.21,104.48,104.69,104.48,104.69,100.0,97.57,Success
Khadakwasla,13/10/2024,08:00 AM,30.0,55.91,85.91,53.77,83.77,96.17,66.81,Success
Mulshi,13/10/2024,07:30 AM,230.0,522.76,752.76,522.76,752.76,100.0,100.0,Success
Panshet,13/10/2024,08:00 AM,9.0,301.61,310.61,301.61,310.61,100.0,100.0,Success
Temghar,13/10/2024,07:45 AM,2.95,105.01,107.96,105.01,107.96,100.0,80.28,Success
Gunjawani,12/10/2024,06:48 AM,0.21,104.48,104.69,104.48,104.69,100.0,97.57,Success
Khadakwasla,12/10/2024,08:39 AM,30.0,55.91,85.91,54.57,84.57,97.6,70.46,Success
Mulshi,12/10/2024,07:45 AM,230.0,522.76,752.76,522.76,752.76,100.0,100.0,Success
Panshet,12/10/2024,08:40 AM,9.0,301.61,310.61,301.61,310.61,100.0,100.0,Success
Temghar,12/10/2024,07:45 AM,2.95,105.01,107.96,105.01,107.96,100.0,80.4,Success
Gunjawani,11/10/2024,08:06 AM,0.21,104.48,104.69,104.48,104.69,100.0,97.57,Success
Khadakwasla,11/10/2024,08:00 AM,30.0,55.91,85.91,54.16,84.16,96.87,70.9,Success
Mulshi,11/10/2024,08:15 AM,230.0,522.76,752.76,522.76,752.76,100.0,100.0,Success
Panshet,11/10/2024,08:00 AM,9.0,301.61,310.61,301.61,310.61,100.0,100.0,Success
Temghar,11/10/2024,08:15 AM,2.95,105.01,107.96,105.01,107.96,100.0,80.61,Success
Gunjawani,10/10/2024,06:57 AM,0.21,104.48,104.69,104.48,104.69,100.0,97.57,Success
Khadakwasla,10/10/2024,07:00 AM,30.0,55.91,85.91,53.0,83.0,94.8,76.12,Success
Mulshi,10/10/2024,07:45 AM,230.0,522.76,752.76,522.76,752.76,100.0,100.0,Success
Panshet,10/10/2024,07:00 AM,9.0,301.61,310.61,301.61,310.61,100.0,100.0,Success
Temghar,10/10/2024,08:33 AM,2.95,105.01,107.96,105.01,107.96,100.0,80.57,Success
Gunjawani,09/10/2024,07:51 AM,0.21,104.48,104.69,104.48,104.69,100.0,97.57,Success
Khadakwasla,09/10/2024,08:00 स.,30.0,55.91,85.91,53.2,83.2,95.15,80.69,Success
Mulshi,09/10/2024,08:00 स.,230.0,522.76,752.76,522.76,752.76,100.0,100.0,Success
Panshet,09/10/2024,08:00 स.,9.0,301.61,310.61,301.61,310.61,100.0,100.0,Success
Temghar,09/10/2024,08:09 AM,2.95,105.01,107.96,105.01,107.96,100.0,80.65,Success
Gunjawani,08/10/2024,07:41 AM,0.21,104.48,104.69,104.48,104.69,100.0,96.98,Success
Khadakwasla,08/10/2024,07:53 AM,30.0,55.91,85.91,53.4,83.4,95.51,85.26,Success
Mulshi,08/10/2024,08:00 स.,230.0,522.76,752.76,522.76,752.76,100.0,100.0,Success
Panshet,08/10/2024,07:53 AM,9.0,301.61,310.61,301.61,310.61,100.0,100.0,Success
Temghar,08/10/2024,08:29 AM,2.95,105.01,107.96,105.01,107.96,100.0,80.65,Success
Gunjawani,07/10/2024,07:18 AM,0.21,104.48,104.69,104.48,104.69,100.0,96.98,Success
Khadakwasla,07/10/2024,08:17 AM,30.0,55.91,85.91,54.16,84.16,96.87,88.33,Success
Mulshi,07/10/2024,06:45 AM,230.0,522.76,752.76,522.76,752.76,100.0,100.0,Success
Panshet,07/10/2024,08:18 AM,9.0,301.61,310.61,301.61,310.61,100.0,100.0,Success
Temghar,07/10/2024,08:32 AM,2.95,105.01,107.96,105.01,107.96,100.0,80.69,Success
Gunjawani,06/10/2024,08:00 स.,0.21,104.48,104.69,104.48,104.69,100.0,96.98,Success
Khadakwasla,06/10/2024,08:00 स.,30.0,55.91,85.91,54.88,84.88,98.16,91.07,Success
Mulshi,06/10/2024,07:45 AM,230.0,522.76,752.76,522.76,752.76,100.0,100.0,Success
Panshet,06/10/2024,08:00 AM,9.0,301.61,310.61,301.61,310.61,100.0,100.0,Success
Temghar,06/10/2024,07:45 AM,2.95,105.01,107.96,105.01,107.96,100.0,80.65,Success
Gunjawani,05/10/2024,07:47 AM,0.21,104.48,104.69,104.48,104.69,100.0,96.98,Success
Khadakwasla,05/10/2024,04:00 PM,30.0,55.91,85.91,55.6,85.6,99.45,93.82,Success
Mulshi,05/10/2024,07:45 AM,230.0,522.76,752.76,522.76,752.76,100.0,100.0,Success
Panshet,05/10/2024,08:00 AM,9.0,301.61,310.61,301.61,310.61,100.0,100.0,Success
Temghar,05/10/2024,08:20 AM,2.95,105.01,107.96,105.01,107.96,100.0,80.52,Success
Gunjawani,04/10/2024,07:21 AM,0.21,104.48,104.69,104.48,104.69,100.0,96.39,Success
Khadakwasla,04/10/2024,03:00 PM,30.0,55.91,85.91,55.91,85.91,100.0,97.64,Success
Mulshi,04/10/2024,07:45 AM,230.0,522.76,752.76,522.76,752.76,100.0,100.0,Success
Panshet,04/10/2024,07:00 AM,9.0,301.61,310.61,301.61,310.61,100.0,100.0,Success
Temghar,04/10/2024,08:33 AM,2.95,105.01,107.96,105.01,107.96,100.0,80.48,Success
Gunjawani,03/10/2024,07:52 am,0.21,104.48,104.69,104.48,104.69,100.0,96.39,Success
Khadakwasla,03/10/2024,04:00 PM,30.0,55.91,85.91,55.91,85.91,100.0,99.2,Success
Mulshi,03/10/2024,07:45 am,230.0,522.76,752.76,522.76,752.76,100.0,100.0,Success
Panshet,03/10/2024,08:00 am,9.0,301.61,310.61,301.61,310.61,100.0,99.93,Success
Temghar,03/10/2024,07:45 am,2.95,105.01,107.96,105.01,107.96,100.0,80.4,Success
Gunjawani,02/10/2024,07:53 AM,0.21,104.48,104.69,104.48,104.69,100.0,96.98,Success
Khadakwasla,02/10/2024,02:00 pm,30.0,55.91,85.91,55.6,85.6,99.45,98.38,Success
Mulshi,02/10/2024,07:30 AM,230.0,522.76,752.76,522.76,752.76,100.0,100.0,Success
Panshet,02/10/2024,08:00 AM,9.0,301.61,310.61,301.61,310.61,100.0,100.0,Success
Temghar,02/10/2024,07:45 AM,2.95,105.01,107.96,105.01,107.96,100.0,80.15,Success
Gunjawani,01/10/2024,07:13 AM,0.21,104.48,104.69,104.48,104.69,100.0,96.98,Success
Khadakwasla,01/10/2024,08:00 AM,30.0,55.91,85.91,55.91,85.91,100.0,99.72,Success
Mulshi,01/10/2024,07:45 AM,230.0,522.76,752.76,522.76,752.76,100.0,100.0,Success
Panshet,01/10/2024,07:00 AM,9.0,301.61,310.61,301.61,310.61,100.0,100.0,Success
Temghar,01/10/2024,07:45 AM,2.95,105.01,107.96,105.01,107.96,100.0,79.91,Success
Gunjawani,30/09/2024,07:54 AM,0.21,104.48,104.69,104.48,104.69,100.0,96.98,Success
Khadakwasla,30/09/2024,08:00 स.,30.0,55.91,85.91,55.39,85.39,99.07,99.58,Success
Mulshi,30/09/2024,08:00 स.,230.0,522.76,752.76,522.76,752.76,100.0,100.0,Success
Panshet,30/09/2024,07:00 AM,9.0,301.61,310.61,301.61,310.61,100.0,100.0,Success
Temghar,30/09/2024,08:38 AM,2.95,105.01,107.96,105.01,107.96,100.0,79.17,Success
Gunjawani,29/09/2024,07:37 AM,0.21,104.48,104.69,104.48,104.69,100.0,97.57,Success
Khadakwasla,29/09/2024,05:00 PM,30.0,55.91,85.91,54.87,84.87,98.14,99.44,Success
Mulshi,29/09/2024,08:00 स.,230.0,522.76,752.76,522.76,752.76,100.0,100.0,Success
Panshet,29/09/2024,07:00 AM,9.0,301.61,310.61,301.61,310.61,100.0,99.76,Success
Temghar,29/09/2024,07:45 AM,2.95,105.01,107.96,105.01,107.96,100.0,78.84,Success
Gunjawani,28/09/2024,08:00 AM,0.21,104.48,104.69,104.48,104.69,100.0,97.57,Success
Khadakwasla,28/09/2024,06:00 AM,30.0,55.91,85.91,54.72,84.72,97.87,88.6,Success
Mulshi,28/09/2024,02:45 PM,230.0,522.76,752.76,522.76,752.76,100.0,100.0,Success
Panshet,28/09/2024,07:00 AM,9.0,301.61,310.61,301.61,310.61,100.0,99.76,Success
Temghar,28/09/2024,07:30 AM,2.95,105.01,107.96,105.01,107.96,100.0,78.11,Success
Gunjawani,27/09/2024,07:39 AM,0.21,104.48,104.69,104.48,104.69,100.0,97.87,Success
Khadakwasla,27/09/2024,06:00 AM,30.0,55.91,85.91,51.05,81.05,91.31,83.53,Success
Mulshi,27/09/2024,08:00 AM,230.0,522.76,752.76,522.76,752.76,100.0,100.0,Success
Panshet,27/09/2024,06:00 AM,9.0,301.61,310.61,301.61,310.61,100.0,99.76,Success
Temghar,27/09/2024,08:37 AM,2.95,105.01,107.96,105.01,107.96,100.0,77.38,Success
Gunjawani,26/09/2024,08:31 AM,0.21,104.48,104.69,104.48,104.69,100.0,98.17,Success
Khadakwasla,26/09/2024,08:00 AM,30.0,55.91,85.91,49.28,79.28,88.14,80.4,Success
Mulshi,26/09/2024,08:00 स.,230.0,522.76,752.76,522.76,752.76,100.0,100.0,Success
Panshet,26/09/2024,07:00 AM,9.0,301.61,310.61,301.61,310.61,100.0,99.76,Success
Temghar,26/09/2024,08:33 AM,2.95,105.01,107.96,105.01,107.96,100.0,77.09,Success
Gunjawani,25/09/2024,08:30 AM,0.21,104.48,104.69,104.48,104.69,100.0,98.17,Success
Khadakwasla,25/09/2024,03:00 AM,30.0,55.91,85.91,50.66,80.66,90.61,78.63,Success
Mulshi,25/09/2024,09:45 PM,230.0,522.76,752.76,522.76,752.76,100.0,100.0,Success
Panshet,25/09/2024,08:00 AM,9.0,301.61,310.61,301.61,310.61,100.0,99.83,Success
Temghar,25/09/2024,08:37 AM,2.95,105.01,107.96,105.01,107.96,100.0,76.89,Success
Gunjawani,24/09/2024,08:30 AM,0.21,104.48,104.69,104.48,104.69,100.0,98.17,Success
Khadakwasla,24/09/2024,08:00 स.,30.0,55.91,85.91,49.92,79.92,89.29,74.07,Success
Mulshi,24/09/2024,08:00 स.,230.0,522.76,752.76,522.76,752.76,100.0,100.0,Success
Panshet,24/09/2024,08:00 स.,9.0,301.61,310.61,301.61,310.61,100.0,99.92,Success
Temghar,24/09/2024,08:38 AM,2.95,105.01,107.96,105.01,107.96,100.0,76.37,Success
Gunjawani,23/09/2024,08:30 AM,0.21,104.48,104.69,104.48,104.69,100.0,96.98,Success
Khadakwasla,23/09/2024,03:00 PM,30.0,55.91,85.91,49.17,79.17,87.94,69.52,Success
Mulshi,23/09/2024,07:45 AM,230.0,522.76,752.76,522.76,752.76,100.0,100.0,Success
Panshet,23/09/2024,03:00 PM,9.0,301.61,310.61,301.61,310.61,100.0,100.0,Success
Temghar,23/09/2024,08:43 AM,2.95,105.01,107.96,105.01,107.96,100.0,75.97,Success
Gunjawani,22/09/2024,08:08 AM,0.21,104.48,104.69,104.48,104.69,100.0,94.62,Success
Khadakwasla,22/09/2024,07:00 AM,30.0,55.91,85.91,49.49,79.49,88.52,60.26,Success
Mulshi,22/09/2024,07:45 AM,230.0,522.76,752.76,522.76,752.76,100.0,100.0,Success
Panshet,22/09/2024,07:00 AM,9.0,301.61,310.61,301.61,310.61,100.0,100.0,Success
Temghar,22/09/2024,07:30 AM,2.95,105.01,107.96,105.01,107.96,100.0,75.97,Success
Gunjawani,21/09/2024,07:31 AM,0.21,104.48,104.69,104.48,104.69,100.0,92.85,Success
Khadakwasla,21/09/2024,07:00 AM,30.0,55.91,85.91,50.44,80.44,90.22,60.19,Success
Mulshi,21/09/2024,07:45 AM,230.0,522.76,752.76,522.76,752.76,100.0,100.0,Success
Panshet,21/09/2024,07:00 AM,9.0,301.61,310.61,301.61,310.61,100.0,100.0,Success
Temghar,21/09/2024,07:30 AM,2.95,105.01,107.96,105.01,107.96,100.0,76.05,Success
Gunjawani,20/09/2024,07:02 AM,0.21,104.48,104.69,104.48,104.69,100.0,91.74,Success
Khadakwasla,20/09/2024,08:00 AM,30.0,55.91,85.91,51.33,81.33,91.81,53.98,Success
Mulshi,20/09/2024,07:45 AM,230.0,522.76,752.76,522.76,752.76,100.0,100.0,Success
Panshet,20/09/2024,08:00 AM,9.0,301.61,310.61,301.61,310.61,100.0,99.83,Success
Temghar,20/09/2024,07:45 AM,2.95,105.01,107.96,105.01,107.96,100.0,76.33,Success
Gunjawani,19/09/2024,08:30 AM,0.21,104.48,104.69,104.48,104.69,100.0,91.19,Success
Khadakwasla,19/09/2024,07:00 AM,30.0,55.91,85.91,51.63,81.63,92.34,53.76,Success
Mulshi,19/09/2024,08:00 स.,230.0,522.76,752.76,522.76,752.76,100.0,100.0,Success
Panshet,19/09/2024,07:00 AM,9.0,301.61,310.61,301.61,310.61,100.0,99.61,Success
Temghar,19/09/2024,07:45 AM,2.95,105.01,107.96,105.01,107.96,100.0,76.53,Success
Gunjawani,18/09/2024,07:20 AM,0.21,104.48,104.69,104.48,104.69,100.0,90.63,Success
Khadakwasla,18/09/2024,08:00 AM,30.0,55.91,85.91,51.48,81.48,92.08,54.76,Success
Mulshi,18/09/2024,08:00 स.,230.0,522.76,752.76,522.76,752.76,100.0,100.0,Success
Panshet,18/09/2024,07:00 AM,9.0,301.61,310.61,301.61,310.61,100.0,99.41,Success
Temghar,18/09/2024,07:30 AM,2.95,105.01,107.96,105.01,107.96,100.0,76.21,Success
Gunjawani,17/09/2024,06:54 AM,0.21,104.48,104.69,104.48,104.69,100.0,90.08,Success
Khadakwasla,17/09/2024,08:00 AM,30.0,55.91,85.91,55.44,85.44,99.16,54.97,Success
Mulshi,17/09/2024,09:45 AM,230.0,522.76,752.76,522.76,752.76,100.0,100.0,Success
Panshet,17/09/2024,07:00 AM,9.0,301.61,310.61,301.61,310.61,100.0,99.36,Success
Temghar,17/09/2024,07:45 AM,2.95,105.01,107.96,105.01,107.96,100.0,76.73,Success
Gunjawani,16/09/2024,08:00 स.,0.21,104.48,104.69,104.48,104.69,100.0,89.8,PDF Not Available
Khadakwasla,16/09/2024,08:00 स.,30.0,55.91,85.91,55.23,85.23,98.78,56.45,PDF Not Available
Mulshi,16/09/2024,12:15 PM,230.0,522.76,752.76,522.76,752.76,100.0,99.82,Success
Panshet,16/09/2024,08:00 स.,9.0,301.61,310.61,301.61,310.61,100.0,99.44,PDF Not Available
Temghar,16/09/2024,08:00 स.,2.95,105.01,107.96,105.01,107.96,100.0,77.32,PDF Not Available
Gunjawani,15/09/2024,07:30 AM,0.21,104.48,104.69,104.48,104.69,100.0,89.52,Success
Khadakwasla,15/09/2024,08:00 AM,30.0,55.91,85.91,55.02,85.02,98.41,57.93,Success
Mulshi,15/09/2024,12:15 AM,230.0,522.76,752.76,522.76,752.76,100.0,99.73,Success
Panshet,15/09/2024,07:00 AM,9.0,301.61,310.61,301.61,310.61,100.0,99.51,Success
Temghar,15/09/2024,07:45 AM,2.95,105.01,107.96,105.01,107.96,100.0,77.9,Success
Gunjawani,14/09/2024,07:31 AM,0.21,104.48,104.69,104.48,104.69,100.0,89.52,Success
Khadakwasla,14/09/2024,08:00 AM,30.0,55.91,85.91,55.75,85.75,99.71,57.49,Success
Mulshi,14/09/2024,08:00 स.,230.0,522.76,752.76,522.76,752.76,100.0,99.09,Success
Panshet,14/09/2024,07:00 AM,9.0,301.61,310.61,301.4,310.4,99.93,99.83,Success
Temghar,14/09/2024,07:45 AM,2.95,105.01,107.96,105.01,107.96,100.0,78.55,Success
Gunjawani,13/09/2024,07:43 AM,0.21,104.48,104.69,104.48,104.69,100.0,89.52,Success
Khadakwasla,13/09/2024,08:00 AM,30.0,55.91,85.91,54.57,84.57,97.6,56.62,Success
Mulshi,13/09/2024,08:00 स.,230.0,522.76,752.76,522.76,752.76,100.0,98.45,Success
Panshet,13/09/2024,08:00 AM,9.0,301.61,310.61,301.5,310.5,99.96,100.0,Success
Temghar,13/09/2024,07:45 AM,2.95,105.01,107.96,105.01,107.96,100.0,78.76,Success
Gunjawani,12/09/2024,07:43 AM,0.21,104.48,104.69,104.48,104.69,100.0,89.52,Success
Khadakwasla,12/09/2024,08:00 AM,30.0,55.91,85.91,55.16,85.16,98.66,54.97,Success
Mulshi,12/09/2024,08:00 स.,230.0,522.76,752.76,522.76,752.76,100.0,97.81,Success
Panshet,12/09/2024,07:00 AM,9.0,301.61,310.61,301.61,310.61,100.0,100.0,Success
Temghar,12/09/2024,07:45 AM,2.95,105.01,107.96,105.01,107.96,100.0,79.41,Success
Gunjawani,11/09/2024,08:04 AM,0.21,104.48,104.69,104.48,104.69,100.0,89.52,Success
Khadakwasla,11/09/2024,08:00 AM,30.0,55.91,85.91,55.75,85.75,99.71,52.72,Success
Mulshi,11/09/2024,08:00 स.,230.0,522.76,752.76,522.76,752.76,100.0,97.18,Success
Panshet,11/09/2024,08:00 AM,9.0,301.61,310.61,301.61,310.61,100.0,100.0,Success
Temghar,11/09/2024,07:45 AM,2.95,105.01,107.96,105.01,107.96,100.0,79.62,Success
Gunjawani,10/09/2024,07:29 AM,0.21,104.48,104.69,104.48,104.69,100.0,89.24,Success
Khadakwasla,10/09/2024,08:00 AM,30.0,55.91,85.91,54.3,84.3,97.12,50.87,Success
Mulshi,10/09/2024,08:00 स.,230.0,522.76,752.76,522.76,752.76,100.0,96.54,Success
Panshet,10/09/2024,06:00 AM,9.0,301.61,310.61,301.4,310.4,99.93,99.86,Success
Temghar,10/09/2024,07:45 AM,2.95,105.01,107.96,105.01,107.96,100.0,79.91,Success
Gunjawani,09/09/2024,07:31 AM,0.21,104.48,104.69,104.48,104.69,100.0,89.24,Success
Khadakwasla,09/09/2024,08:00 AM,30.0,55.91,85.91,51.05,81.05,91.31,48.49,Success
Mulshi,09/09/2024,08:00 स.,230.0,522.76,752.76,522.76,752.76,100.0,95.9,Success
Panshet,09/09/2024,07:00 AM,9.0,301.61,310.61,301.5,310.5,99.96,99.93,Success
Temghar,09/09/2024,08:19 AM,2.95,105.01,107.96,105.01,107.96,100.0,80.15,Success
Gunjawani,08/09/2024,01:04 PM,0.21,104.48,104.69,104.48,104.69,100.0,88.97,Success
Khadakwasla,08/09/2024,01:30 PM,30.0,55.91,85.91,47.52,77.52,84.99,45.92,Success
Mulshi,08/09/2024,09:17 AM,230.0,522.76,752.76,522.76,752.76,100.0,95.26,Success
Panshet,08/09/2024,12:30 PM,9.0,301.61,310.61,301.4,310.4,99.93,99.51,Success
Temghar,08/09/2024,01:15 PM,2.95,105.01,107.96,105.01,107.96,100.0,80.28,Success
Gunjawani,07/09/2024,08:00 स.,0.21,104.48,104.69,104.16,104.37,99.69,88.97,Success
Khadakwasla,07/09/2024,06:00 AM,30.0,55.91,85.91,47.08,77.08,84.21,46.32,Success
Mulshi,07/09/2024,08:00 स.,230.0,522.76,752.76,522.76,752.76,100.0,95.34,Success
Panshet,07/09/2024,05:00 AM,9.0,301.61,310.61,300.73,309.73,99.71,99.71,Success
Temghar,07/09/2024,06:00 AM,2.95,105.01,107.96,105.01,107.96,100.0,80.03,Success
Gunjawani,06/09/2024,01:00 PM,0.21,104.48,104.69,103.83,104.04,99.38,88.97,Success
Khadakwasla,06/09/2024,12:30 PM,30.0,55.91,85.91,50.54,80.54,90.4,45.5,Success
Mulshi,06/09/2024,08:00 स.,230.0,522.76,752.76,522.76,752.76,100.0,95.41,Success
Panshet,06/09/2024,12:30 PM,9.0,301.61,310.61,300.73,309.73,99.71,99.81,Success
Temghar,06/09/2024,01:53 PM,2.95,105.01,107.96,105.01,107.96,100.0,80.03,Success
Gunjawani,05/09/2024,07:12 AM,0.21,104.48,104.69,102.56,102.77,98.16,88.97,Success
Khadakwasla,05/09/2024,08:00 AM,30.0,55.91,85.91,54.87,84.87,98.14,48.68,Success
Mulshi,05/09/2024,12:00 AM,230.0,522.76,752.76,522.76,752.76,100.0,95.49,Success
Panshet,05/09/2024,07:00 AM,9.0,301.61,310.61,301.5,310.5,99.96,99.83,Success
Temghar,05/09/2024,08:25 AM,2.95,105.01,107.96,105.01,107.96,100.0,80.15,Success
Gunjawani,04/09/2024,12:56 PM,0.21,104.48,104.69,101.33,101.54,96.99,89.52,Success
Khadakwasla,04/09/2024,01:30 PM,30.0,55.91,85.91,52.73,82.73,94.31,49.05,Success
Mulshi,04/09/2024,08:00 स.,230.0,522.76,752.76,522.76,752.76,100.0,95.84,Success
Panshet,04/09/2024,01:30 PM,9.0,301.61,310.61,299.54,308.54,99.31,100.0,Success
Temghar,04/09/2024,01:15 PM,2.95,105.01,107.96,105.01,107.96,100.0,80.19,Success
Gunjawani,03/09/2024,08:00 स.,0.21,104.48,104.69,101.02,101.23,96.69,89.52,PDF Not Available
Khadakwasla,03/09/2024,08:00 स.,30.0,55.91,85.91,52.32,82.32,93.58,50.42,PDF Not Available
Mulshi,03/09/2024,10:15 AM,230.0,522.76,752.76,522.76,752.76,100.0,96.19,Success
Panshet,03/09/2024,08:00 स.,9.0,301.61,310.61,299.05,308.05,99.15,99.98,PDF Not Available
Temghar,03/09/2024,08:00 स.,2.95,105.01,107.96,105.01,107.96,100.0,80.15,PDF Not Available
Gunjawani,02/09/2024,07:30 AM,0.21,104.48,104.69,100.71,100.92,96.39,89.52,Success
Khadakwasla,02/09/2024,07:45 AM,30.0,55.91,85.91,51.91,81.91,92.85,51.78,Success
Mulshi,02/09/2024,07:45 AM,230.0,522.76,752.76,522.76,752.76,100.0,96.19,Success
Panshet,02/09/2024,08:00 स.,9.0,301.61,310.61,298.56,307.56,98.99,99.96,Success
Temghar,02/09/2024,07:45 AM,2.95,105.01,107.96,105.01,107.96,100.0,80.11,Success
Gunjawani,01/09/2024,06:40 AM,0.21,104.48,104.69,100.71,100.92,96.39,89.52,Success
Khadakwasla,01/09/2024,08:00 AM,30.0,55.91,85.91,50.0,80.0,89.43,54.97,Success
Mulshi,01/09/2024,07:15 AM,230.0,522.76,752.76,522.76,752.76,100.0,95.96,Success
Panshet,01/09/2024,09:08 AM,9.0,301.61,310.61,298.07,307.07,98.83,99.93,Success
Temghar,01/09/2024,07:45 AM,2.95,105.01,107.96,105.01,107.96,100.0,79.95,Success
Gunjawani,31/08/2024,06:34 AM,0.21,104.48,104.69,100.71,100.92,96.39,88.97,Success
Khadakwasla,31/08/2024,08:00 AM,30.0,55.91,85.91,48.92,78.92,87.5,61.97,Success
Mulshi,31/08/2024,06:15 AM,230.0,522.76,752.76,522.76,752.76,100.0,96.65,Success
Panshet,31/08/2024,05:00 PM,9.0,301.61,310.61,298.22,307.22,98.88,99.76,Success
Temghar,31/08/2024,07:30 AM,2.95,105.01,107.96,105.01,107.96,100.0,79.91,Success
Gunjawani,30/08/2024,07:30 AM,0.21,104.48,104.69,100.1,100.31,95.81,88.41,Success
Khadakwasla,30/08/2024,07:00 AM,30.0,55.91,85.91,52.17,82.17,93.31,62.22,Success
Mulshi,30/08/2024,07:30 AM,230.0,522.76,752.76,522.76,752.76,100.0,97.19,Success
Panshet,30/08/2024,07:00 AM,9.0,301.61,310.61,297.04,306.04,98.48,99.93,Success
Temghar,30/08/2024,07:45 AM,2.95,105.01,107.96,105.01,107.96,100.0,79.87,Success
Gunjawani,29/08/2024,07:17 AM,0.21,104.48,104.69,99.48,99.69,95.21,87.86,Success
Khadakwasla,29/08/2024,08:00 स.,30.0,55.91,85.91,48.41,78.41,86.59,62.07,Success
Mulshi,29/08/2024,08:41 AM,230.0,522.76,752.76,522.76,752.76,100.0,97.88,Success
Panshet,29/08/2024,08:00 स.,9.0,301.61,310.61,294.9,303.9,97.78,99.96,Success
Temghar,29/08/2024,08:20 AM,2.95,105.01,107.96,105.01,107.96,100.0,79.17,Success
Gunjawani,28/08/2024,07:35 AM,0.21,104.48,104.69,100.71,100.92,96.39,86.75,Success
Khadakwasla,28/08/2024,08:00 PM,30.0,55.91,85.91,44.65,74.65,79.86,61.92,Success
Mulshi,28/08/2024,08:16 AM,230.0,522.76,752.76,522.76,752.76,100.0,97.11,Success
Panshet,28/08/2024,08:00 PM,9.0,301.61,310.61,292.75,301.75,97.06,100.0,Success
Temghar,28/08/2024,08:00 AM,2.95,105.01,107.96,105.01,107.96,100.0,78.55,Success
Gunjawani,27/08/2024,07:25 AM,0.21,104.48,104.69,100.71,100.92,96.39,85.09,Success
Khadakwasla,27/08/2024,08:00 AM,30.0,55.91,85.91,44.1,74.1,78.88,54.76,Success
Mulshi,27/08/2024,07:45 AM,230.0,522.76,752.76,522.76,752.76,100.0,96.42,Success
Panshet,27/08/2024,07:00 AM,9.0,301.61,310.61,291.42,300.42,96.62,100.0,Success
Temghar,27/08/2024,08:35 AM,2.95,105.01,107.96,105.01,107.96,100.0,77.66,Success
Gunjawani,26/08/2024,07:30 AM,0.21,104.48,104.69,100.71,100.92,96.39,84.53,Success
Khadakwasla,26/08/2024,08:00 स.,30.0,55.91,85.91,39.58,69.58,70.79,54.58,Success
Mulshi,26/08/2024,06:45 AM,230.0,522.76,752.76,522.76,752.76,100.0,95.19,Success
Panshet,26/08/2024,08:00 स.,9.0,301.61,310.61,291.56,300.56,96.67,100.0,Success
Temghar,26/08/2024,08:08 AM,2.95,105.01,107.96,105.01,107.96,100.0,76.37,Success
Gunjawani,25/08/2024,08:03 AM,0.21,104.48,104.69,100.1,100.31,95.81,83.42,Success
Khadakwasla,25/08/2024,08:00 AM,30.0,55.91,85.91,42.14,72.14,75.37,54.39,Success
Mulshi,25/08/2024,07:30 AM,230.0,522.76,752.76,522.76,752.76,100.0,94.95,Success
Panshet,25/08/2024,07:00 AM,9.0,301.61,310.61,291.7,300.7,96.71,100.0,Success
Temghar,25/08/2024,07:45 AM,2.95,105.01,107.96,105.01,107.96,100.0,75.97,Success
Gunjawani,24/08/2024,06:36 AM,0.21,104.48,104.69,95.27,95.48,91.18,83.42,Success
Khadakwasla,24/08/2024,08:00 AM,30.0,55.91,85.91,44.1,74.1,78.88,54.76,Success
Mulshi,24/08/2024,07:17 AM,230.0,522.76,752.76,512.89,742.89,98.11,94.88,Success
Panshet,24/08/2024,08:00 AM,9.0,301.61,310.61,294.08,303.08,97.5,99.89,Success
Temghar,24/08/2024,07:45 AM,2.95,105.01,107.96,105.01,107.96,100.0,75.73,Success
Gunjawani,23/08/2024,06:09 AM,0.21,104.48,104.69,94.69,94.9,90.63,82.87,Success
Khadakwasla,23/08/2024,07:00 AM,30.0,55.91,85.91,44.1,74.1,78.88,56.42,Success
Mulshi,23/08/2024,07:35 AM,230.0,522.76,752.76,512.08,742.08,97.96,95.49,Success
Panshet,23/08/2024,07:00 AM,9.0,301.61,310.61,293.63,302.63,97.35,100.0,Success
Temghar,23/08/2024,08:24 AM,2.95,105.01,107.96,105.01,107.96,100.0,75.17,Success
Gunjawani,22/08/2024,07:21 AM,0.21,104.48,104.69,94.69,94.9,90.63,82.31,Success
Khadakwasla,22/08/2024,08:00 AM,30.0,55.91,85.91,43.83,73.83,78.39,58.78,Success
Mulshi,22/08/2024,07:45 AM,230.0,522.76,752.76,516.59,746.59,98.82,95.49,Success
Panshet,22/08/2024,08:00 AM,9.0,301.61,310.61,295.24,304.24,97.89,100.0,Success
Temghar,22/08/2024,07:45 AM,2.95,105.01,107.96,105.01,107.96,100.0,74.73,Success
Gunjawani,21/08/2024,07:44 AM,0.21,104.48,104.69,94.11,94.32,90.07,82.31,Success
Khadakwasla,21/08/2024,08:00 AM,30.0,55.91,85.91,44.1,74.1,78.88,59.82,Success
Mulshi,21/08/2024,07:45 AM,230.0,522.76,752.76,518.44,748.44,99.17,95.65,Success
Panshet,21/08/2024,08:00 AM,9.0,301.61,310.61,296.43,305.43,98.28,100.0,Success
Temghar,21/08/2024,07:45 AM,2.95,105.01,107.96,105.01,107.96,100.0,74.57,Success
Gunjawani,20/08/2024,07:04 AM,0.21,104.48,104.69,94.11,94.32,90.07,81.76,Success
Khadakwasla,20/08/2024,07:00 AM,30.0,55.91,85.91,44.37,74.37,79.36,61.52,Success
Mulshi,20/08/2024,08:44 AM,230.0,522.76,752.76,517.48,747.48,98.99,95.03,Success
Panshet,20/08/2024,07:45 AM,9.0,301.61,310.61,297.48,306.48,98.63,100.0,Success
Temghar,20/08/2024,08:19 AM,2.95,105.01,107.96,105.01,107.96,100.0,73.58,Success
Gunjawani,19/08/2024,07:14 AM,0.21,104.48,104.69,94.69,94.9,90.63,81.24,Success
Khadakwasla,19/08/2024,08:00 AM,30.0,55.91,85.91,44.24,74.24,79.13,63.38,Success
Mulshi,19/08/2024,07:30 AM,230.0,522.76,752.76,522.76,752.76,100.0,94.65,Success
Panshet,19/08/2024,07:00 AM,9.0,301.61,310.61,298.07,307.07,98.83,99.93,Success
Temghar,19/08/2024,08:06 AM,2.95,105.01,107.96,105.01,107.96,100.0,73.15,Success
Gunjawani,18/08/2024,07:11 AM,0.21,104.48,104.69,95.27,95.48,91.18,81.24,Success
Khadakwasla,18/08/2024,08:00 AM,30.0,55.91,85.91,44.24,74.24,79.13,64.79,Success
Mulshi,18/08/2024,07:45 AM,230.0,522.76,752.76,522.76,752.76,100.0,94.72,Success
Panshet,18/08/2024,07:00 AM,9.0,301.61,310.61,299.26,308.26,99.22,100.0,Success
Temghar,18/08/2024,08:12 AM,2.95,105.01,107.96,105.01,107.96,100.0,72.91,Success
Gunjawani,17/08/2024,07:20 AM,0.21,104.48,104.69,95.27,95.48,91.18,80.73,Success
Khadakwasla,17/08/2024,08:00 AM,30.0,55.91,85.91,44.37,74.37,79.36,67.23,Success
Mulshi,17/08/2024,07:45 AM,230.0,522.76,752.76,522.76,752.76,100.0,95.03,Success
Panshet,17/08/2024,07:00 AM,9.0,301.61,310.61,300.13,309.13,99.51,100.0,Success
Temghar,17/08/2024,08:40 AM,2.95,105.01,107.96,105.01,107.96,100.0,72.52,Success
Gunjawani,16/08/2024,06:43 AM,0.21,104.48,104.69,95.27,95.48,91.18,80.22,Success
Khadakwasla,16/08/2024,08:00 AM,30.0,55.91,85.91,45.66,75.66,81.67,69.02,Success
Mulshi,16/08/2024,07:45 AM,230.0,522.76,752.76,522.76,752.76,100.0,95.49,Success
Panshet,16/08/2024,08:00 AM,9.0,301.61,310.61,300.43,309.43,99.61,100.0,Success
Temghar,16/08/2024,08:12 AM,2.95,105.01,107.96,105.01,107.96,100.0,72.01,Success
Gunjawani,15/08/2024,08:26 AM,0.21,104.48,104.69,96.43,96.64,92.3,80.22,Success
Khadakwasla,15/08/2024,08:00 AM,30.0,55.91,85.91,47.8,77.8,85.49,71.34,Success
Mulshi,15/08/2024,07:45 AM,230.0,522.76,752.76,522.76,752.76,100.0,95.65,Success
Panshet,15/08/2024,07:00 AM,9.0,301.61,310.61,299.68,308.68,99.36,100.0,Success
Temghar,15/08/2024,08:05 AM,2.95,105.01,107.96,105.01,107.96,100.0,71.62,Success
Gunjawani,14/08/2024,07:37 AM,0.21,104.48,104.69,96.43,96.64,92.3,79.71,Success
Khadakwasla,14/08/2024,08:00 AM,30.0,55.91,85.91,49.38,79.38,88.32,72.61,Success
Mulshi,14/08/2024,07:15 AM,230.0,522.76,752.76,522.76,752.76,100.0,95.65,Success
Panshet,14/08/2024,07:03 AM,9.0,301.61,310.61,297.62,306.62,98.68,100.0,Success
Temghar,14/08/2024,08:06 AM,2.95,105.01,107.96,105.01,107.96,100.0,71.47,Success
Gunjawani,13/08/2024,07:21 AM,0.21,104.48,104.69,96.43,96.64,92.3,79.19,Success
Khadakwasla,13/08/2024,07:00 AM,30.0,55.91,85.91,50.33,80.33,90.02,74.04,Success
Mulshi,13/08/2024,07:30 AM,230.0,522.76,752.76,522.76,752.76,100.0,95.96,Success
Panshet,13/08/2024,07:00 AM,9.0,301.61,310.61,297.18,306.18,98.53,99.41,Success
Temghar,13/08/2024,08:03 AM,2.95,105.01,107.96,105.01,107.96,100.0,70.93,Success
Gunjawani,12/08/2024,07:25 am,0.21,104.48,104.69,96.43,96.64,92.3,78.68,Success
Khadakwasla,12/08/2024,08:00 am,30.0,55.91,85.91,50.94,80.94,91.11,77.95,Success
Mulshi,12/08/2024,02:00 am,230.0,522.76,752.76,522.76,752.76,100.0,95.49,Success
Panshet,12/08/2024,07:00 am,9.0,301.61,310.61,295.1,304.1,97.84,99.83,Success
Temghar,12/08/2024,08:29 am,2.95,105.01,107.96,105.01,107.96,100.0,70.47,Success
Gunjawani,11/08/2024,07:32 AM,0.21,104.48,104.69,96.43,96.64,92.3,78.17,Success
Khadakwasla,11/08/2024,08:00 AM,30.0,55.91,85.91,51.05,81.05,91.31,82.55,Success
Mulshi,11/08/2024,07:45 AM,230.0,522.76,752.76,522.76,752.76,100.0,95.49,Success
Panshet,11/08/2024,08:00 AM,9.0,301.61,310.61,292.44,301.44,96.96,99.27,Success
Temghar,11/08/2024,08:25 AM,2.95,105.01,107.96,105.01,107.96,100.0,70.2,Success
Gunjawani,10/08/2024,08:25 am,0.21,104.48,104.69,96.43,96.64,92.3,77.65,Success
Khadakwasla,10/08/2024,08:00 am,30.0,55.91,85.91,50.66,80.66,90.61,86.5,Success
Mulshi,10/08/2024,08:00 स.,230.0,522.76,752.76,519.67,749.67,99.41,95.68,Success
Panshet,10/08/2024,07:00 am,9.0,301.61,310.61,288.57,297.57,95.68,98.63,Success
Temghar,10/08/2024,08:03 am,2.95,105.01,107.96,105.01,107.96,100.0,69.66,Success
Gunjawani,09/08/2024,07:44 am,0.21,104.48,104.69,96.43,96.64,92.3,77.14,Success
Khadakwasla,09/08/2024,06:45 am,30.0,55.91,85.91,49.17,79.17,87.94,89.81,Success
Mulshi,09/08/2024,06:00 pm,230.0,522.76,752.76,516.59,746.59,98.82,95.88,Success
Panshet,09/08/2024,07:00 am,9.0,301.61,310.61,283.82,292.82,94.1,97.98,Success
Temghar,09/08/2024,08:18 am,2.95,105.01,107.96,105.01,107.96,100.0,69.32,Success
Gunjawani,08/08/2024,07:34 am,0.21,104.48,104.69,95.74,95.95,91.63,76.63,Success
Khadakwasla,08/08/2024,07:00 am,30.0,55.91,85.91,45.9,75.9,82.1,92.56,Success
Mulshi,08/08/2024,04:30 am,230.0,522.76,752.76,508.46,738.46,97.26,96.03,Success
Panshet,08/08/2024,07:00 am,9.0,301.61,310.61,281.6,290.6,93.37,97.5,Success
Temghar,08/08/2024,08:00 स.,2.95,105.01,107.96,105.01,107.96,100.0,68.94,Success
Gunjawani,07/08/2024,07:47 am,0.21,104.48,104.69,95.27,95.48,91.18,76.37,Success
Khadakwasla,07/08/2024,08:00 am,30.0,55.91,85.91,41.25,71.25,73.78,92.85,Success
Mulshi,07/08/2024,08:21 am,230.0,522.76,752.76,498.8,728.8,95.42,94.65,Success
Panshet,07/08/2024,07:00 am,9.0,301.61,310.61,279.73,288.73,92.75,97.06,Success
Temghar,07/08/2024,08:46 am,2.95,105.01,107.96,105.01,107.96,100.0,68.57,Success
Gunjawani,06/08/2024,07:51 am,0.21,104.48,104.69,94.11,94.32,90.07,75.6,Success
Khadakwasla,06/08/2024,07:00 am,30.0,55.91,85.91,42.68,72.68,76.34,92.61,Success
Mulshi,06/08/2024,08:27 am,230.0,522.76,752.76,493.97,723.97,94.49,94.19,Success
Panshet,06/08/2024,07:00 am,9.0,301.61,310.61,277.15,286.15,91.89,95.14,Success
Temghar,06/08/2024,08:00 स.,2.95,105.01,107.96,105.01,107.96,100.0,67.08,Success
Gunjawani,05/08/2024,07:26 am,0.21,104.48,104.69,93.53,93.74,89.52,74.58,Success
Khadakwasla,05/08/2024,07:00 am,30.0,55.91,85.91,38.33,68.33,68.56,92.34,Success
Mulshi,05/08/2024,07:15 am,230.0,522.76,752.76,501.62,731.62,95.96,95.72,Success
Panshet,05/08/2024,07:00 am,9.0,301.61,310.61,277.45,286.45,91.99,95.23,Success
Temghar,05/08/2024,08:30 am,2.95,105.01,107.96,105.01,107.96,100.0,65.6,Success
Gunjawani,04/08/2024,08:01 am,0.21,104.48,104.69,92.84,93.05,88.86,71.38,Success
Khadakwasla,04/08/2024,07:00 am,30.0,55.91,85.91,42.68,72.68,76.34,92.85,Success
Mulshi,04/08/2024,07:15 am,230.0,522.76,752.76,522.76,752.76,100.0,94.65,Success
Panshet,04/08/2024,05:00 am,9.0,301.61,310.61,282.19,291.19,93.56,93.56,Success
Temghar,04/08/2024,08:00 स.,2.95,105.01,107.96,104.94,107.89,99.93,64.68,Success
Gunjawani,03/08/2024,08:00 am,0.21,104.48,104.69,91.8,92.01,87.86,71.38,Success
Khadakwasla,03/08/2024,07:00 am,30.0,55.91,85.91,47.52,77.52,84.99,94.56,Success
Mulshi,03/08/2024,07:45 am,230.0,522.76,752.76,522.76,752.76,100.0,92.98,Success
Panshet,03/08/2024,07:00 am,9.0,301.61,310.61,281.14,290.14,93.21,91.89,Success
Temghar,03/08/2024,05:30 am,2.95,105.01,107.96,104.87,107.82,99.87,63.76,Success
Gunjawani,02/08/2024,07:27 am,0.21,104.48,104.69,88.32,88.53,84.53,71.15,Success
Khadakwasla,02/08/2024,07:00 am,30.0,55.91,85.91,41.5,71.5,74.23,96.19,Success
Mulshi,02/08/2024,07:45 am,230.0,522.76,752.76,522.76,752.76,100.0,91.92,Success
Panshet,02/08/2024,07:00 am,9.0,301.61,310.61,274.13,283.13,90.89,88.63,Success
Temghar,02/08/2024,07:45 am,2.95,105.01,107.96,100.61,103.56,95.81,61.96,Success
Gunjawani,01/08/2024,07:09 AM,0.21,104.48,104.69,85.42,85.63,81.76,70.79,Success
Khadakwasla,01/08/2024,07:00 AM,30.0,55.91,85.91,41.65,71.65,74.49,97.12,Success
Mulshi,01/08/2024,03:00 AM,230.0,522.76,752.76,522.76,752.76,100.0,90.33,Success
Panshet,01/08/2024,07:00 AM,9.0,301.61,310.61,273.86,282.86,90.8,87.14,Success
Temghar,01/08/2024,07:45 AM,2.95,105.01,107.96,97.68,100.63,93.02,60.88,Success
Gunjawani,31/07/2024,06:56 am,0.21,104.48,104.69,80.6,80.81,77.14,70.32,Success
Khadakwasla,31/07/2024,06:00 am,30.0,55.91,85.91,45.66,75.66,81.67,96.64,Success
Mulshi,31/07/2024,08:21 am,230.0,522.76,752.76,511.68,741.68,97.88,86.48,Success
Panshet,31/07/2024,03:00 am,9.0,301.61,310.61,275.26,284.26,91.26,84.91,Success
Temghar,31/07/2024,06:30 am,2.95,105.01,107.96,93.41,96.36,88.95,58.9,Success
Gunjawani,30/07/2024,06:32 am,0.21,104.48,104.69,76.84,77.05,73.55,69.62,Success
Khadakwasla,30/07/2024,07:00 am,30.0,55.91,85.91,40.0,70.0,71.54,96.89,Success
Mulshi,30/07/2024,08:21 am,230.0,522.76,752.76,492.76,722.76,94.26,84.28,Success
Panshet,30/07/2024,08:00 स.,9.0,301.61,310.61,280.87,289.87,93.12,82.12,Success
Temghar,30/07/2024,07:15 am,2.95,105.01,107.96,88.69,91.64,84.46,57.83,Success
Gunjawani,29/07/2024,06:56 am,0.21,104.48,104.69,75.77,75.98,72.52,68.92,Success
Khadakwasla,29/07/2024,08:34 am,30.0,55.91,85.91,48.22,78.22,86.25,98.41,Success
Mulshi,29/07/2024,08:03 am,230.0,522.76,752.76,475.77,705.77,91.01,80.94,Success
Panshet,29/07/2024,08:34 am,9.0,301.61,310.61,286.48,295.48,94.98,79.34,Success
Temghar,29/07/2024,08:00 स.,2.95,105.01,107.96,85.34,88.29,81.27,55.42,Success
Gunjawani,28/07/2024,08:00 स.,0.21,104.48,104.69,75.11,75.32,71.89,68.22,PDF Not Available
Khadakwasla,28/07/2024,08:00 स.,30.0,55.91,85.91,49.63,79.63,88.77,96.97,PDF Not Available
Mulshi,28/07/2024,08:00 स.,230.0,522.76,752.76,466.05,696.05,89.15,79.03,PDF Not Available
Panshet,28/07/2024,08:00 स.,9.0,301.61,310.61,274.52,283.52,91.02,76.32,PDF Not Available
Temghar,28/07/2024,11:30 am,2.95,105.01,107.96,81.98,84.93,78.07,53.02,Success
Gunjawani,27/07/2024,07:29 am,0.21,104.48,104.69,74.46,74.67,71.27,67.51,Success
Khadakwasla,27/07/2024,08:00 स.,30.0,55.91,85.91,51.05,81.05,91.31,95.52,Success
Mulshi,27/07/2024,07:30 am,230.0,522.76,752.76,456.33,686.33,87.29,77.12,Success
Panshet,27/07/2024,12:30 am,9.0,301.61,310.61,262.56,271.56,87.05,73.29,Success
Temghar,27/07/2024,07:45 am,2.95,105.01,107.96,78.97,81.92,75.2,51.25,Success
Gunjawani,26/07/2024,08:00 स.,0.21,104.48,104.69,74.46,74.67,71.27,33.86,Success
Khadakwasla,26/07/2024,07:00 AM,30.0,55.91,85.91,52.46,82.46,93.83,94.08,Success
Mulshi,26/07/2024,06:45 AM,230.0,522.76,752.76,448.64,678.64,85.82,69.07,Success
Panshet,26/07/2024,08:00 स.,9.0,301.61,310.61,239.28,248.28,79.33,38.14,Success
Temghar,26/07/2024,07:45 AM,2.95,105.01,107.96,75.01,77.96,71.43,46.34,Success
Gunjawani,25/07/2024,07:42 am,0.21,104.48,104.69,74.46,74.67,71.27,0.2,Success
Khadakwasla,25/07/2024,08:00 स.,30.0,55.91,85.91,53.73,83.73,96.1,73.87,Success
Mulshi,25/07/2024,07:59 am,230.0,522.76,752.76,392.38,622.38,75.06,44.0,Success
Panshet,25/07/2024,06:00 PM,9.0,301.61,310.61,216.01,225.01,71.62,2.98,Success
Temghar,25/07/2024,08:00 स.,2.95,105.01,107.96,65.68,68.63,62.55,42.64,Success
Gunjawani,24/07/2024,07:48 am,0.21,104.48,104.69,71.76,71.97,68.68,52.07,Success
Khadakwasla,24/07/2024,06:00 am,30.0,55.91,85.91,55.0,85.0,98.37,53.66,Success
Mulshi,24/07/2024,07:24 am,230.0,522.76,752.76,315.74,545.74,60.4,58.84,Success
Panshet,24/07/2024,07:00 pm,9.0,301.61,310.61,216.01,225.01,71.62,2.98,Success
Temghar,24/07/2024,07:15 pm,2.95,105.01,107.96,56.36,59.31,53.67,38.93,Success
Gunjawani,23/07/2024,07:26 am,0.21,104.48,104.69,68.71,68.92,65.76,45.89,Success
Khadakwasla,23/07/2024,08:41 am,30.0,55.91,85.91,45.1,75.1,80.67,64.1,Success
Mulshi,23/07/2024,07:53 am,230.0,522.76,752.76,273.69,503.69,52.35,53.02,Success
Panshet,23/07/2024,08:41 am,9.0,301.61,310.61,176.16,185.16,58.41,55.63,Success
Temghar,23/07/2024,07:15 am,2.95,105.01,107.96,45.3,48.25,43.14,35.32,Success
Gunjawani,22/07/2024,08:07 am,0.21,104.48,104.69,59.78,59.99,57.22,42.89,Success
Khadakwasla,22/07/2024,08:24 am,30.0,55.91,85.91,41.77,71.77,74.71,62.17,Success
Mulshi,22/07/2024,07:58 am,230.0,522.76,752.76,245.39,475.39,46.94,48.36,Success
Panshet,22/07/2024,08:24 am,9.0,301.61,310.61,173.66,182.66,57.58,51.3,Success
Temghar,22/07/2024,06:30 am,2.95,105.01,107.96,40.31,43.26,38.39,32.6,Success
Gunjawani,21/07/2024,08:05 am,0.21,104.48,104.69,56.68,56.89,54.25,40.89,Success
Khadakwasla,21/07/2024,07:00 am,30.0,55.91,85.91,40.36,70.36,72.19,60.88,Success
Mulshi,21/07/2024,07:45 am,230.0,522.76,752.76,223.99,453.99,42.85,45.37,Success
Panshet,21/07/2024,07:00 am,9.0,301.61,310.61,163.86,172.86,54.33,50.38,Success
Temghar,21/07/2024,07:45 am,2.95,105.01,107.96,37.43,40.38,35.64,31.31,Success
Gunjawani,20/07/2024,07:39 am,0.21,104.48,104.69,53.48,53.69,51.19,36.41,Success
Khadakwasla,20/07/2024,07:00 am,30.0,55.91,85.91,39.26,69.26,70.22,57.49,Success
Mulshi,20/07/2024,07:30 am,230.0,522.76,752.76,206.09,436.09,39.42,43.76,Success
Panshet,20/07/2024,07:00 am,9.0,301.61,310.61,155.8,164.8,51.66,47.58,Success
Temghar,20/07/2024,07:30 am,2.95,105.01,107.96,34.7,37.65,33.04,30.1,Success
Gunjawani,19/07/2024,07:30 am,0.21,104.48,104.69,51.18,51.39,48.99,32.27,Success
Khadakwasla,19/07/2024,07:00 am,30.0,55.91,85.91,38.59,68.59,69.02,47.9,Success
Mulshi,19/07/2024,07:30 am,230.0,522.76,752.76,169.78,399.78,32.48,29.24,Success
Panshet,19/07/2024,06:00 am,9.0,301.61,310.61,148.15,157.15,49.12,41.37,Success
Temghar,19/07/2024,07:30 am,2.95,105.01,107.96,32.5,35.45,30.95,25.3,Success
Gunjawani,18/07/2024,07:32 AM,0.21,104.48,104.69,48.87,49.08,46.77,28.37,Success
Khadakwasla,18/07/2024,07:00 AM,30.0,55.91,85.91,37.95,67.95,67.88,45.5,Success
Mulshi,18/07/2024,07:45 AM,230.0,522.76,752.76,172.11,402.11,32.92,29.24,Success
Panshet,18/07/2024,08:00 स.,9.0,301.61,310.61,144.65,153.65,47.96,37.68,Success
Temghar,18/07/2024,07:45 AM,2.95,105.01,107.96,31.22,34.17,29.73,22.09,Success
Gunjawani,17/07/2024,07:34 am,0.21,104.48,104.69,47.48,47.69,45.44,24.85,Success
Khadakwasla,17/07/2024,07:00 am,30.0,55.91,85.91,37.83,67.83,67.66,43.52,Success
Mulshi,17/07/2024,07:30 am,230.0,522.76,752.76,169.15,399.15,32.36,23.62,Success
Panshet,17/07/2024,08:00 स.,9.0,301.61,310.61,141.14,150.14,46.8,33.98,Success
Temghar,17/07/2024,07:45 am,2.95,105.01,107.96,30.37,33.32,28.92,19.18,Success
Gunjawani,16/07/2024,07:31 am,0.21,104.48,104.69,46.56,46.77,44.56,26.6,Success
Khadakwasla,16/07/2024,08:40 am,30.0,55.91,85.91,37.7,67.7,67.43,47.7,Success
Mulshi,16/07/2024,07:45 am,230.0,522.76,752.76,166.95,396.95,31.94,19.93,Success
Panshet,16/07/2024,08:41 am,9.0,301.61,310.61,137.64,146.64,45.64,30.29,Success
Temghar,16/07/2024,07:45 am,2.95,105.01,107.96,29.68,32.63,28.26,16.99,Success
Gunjawani,15/07/2024,07:29 am,0.21,104.48,104.69,44.82,45.03,42.9,26.6,Success
Khadakwasla,15/07/2024,08:20 am,30.0,55.91,85.91,36.2,66.2,64.75,48.86,Success
Mulshi,15/07/2024,08:29 am,230.0,522.76,752.76,159.41,389.41,30.49,19.71,Success
Panshet,15/07/2024,08:20 am,9.0,301.61,310.61,132.71,141.71,44.0,29.8,Success
Temghar,15/07/2024,07:30 am,2.95,105.01,107.96,28.23,31.18,26.88,16.52,Success
Gunjawani,14/07/2024,07:30 am,0.21,104.48,104.69,40.28,40.49,38.55,25.95,Success
Khadakwasla,14/07/2024,08:00 am,30.0,55.91,85.91,31.08,61.08,55.59,48.28,Success
Mulshi,14/07/2024,07:30 am,230.0,522.76,752.76,136.79,366.79,26.17,19.76,Success
Panshet,14/07/2024,08:00 स.,9.0,301.61,310.61,121.81,130.81,40.39,29.49,Success
Temghar,14/07/2024,07:45 am,2.95,105.01,107.96,24.5,27.45,23.33,16.33,Success
Gunjawani,13/07/2024,07:32 AM,0.21,104.48,104.69,36.8,37.01,35.22,25.95,Success
Khadakwasla,13/07/2024,01:00 AM,30.0,55.91,85.91,27.73,57.73,49.6,50.19,Success
Mulshi,13/07/2024,07:45 AM,230.0,522.76,752.76,107.42,337.42,20.55,19.26,Success
Panshet,13/07/2024,02:00 pm,9.0,301.61,310.61,110.91,119.91,36.77,29.18,Success
Temghar,13/07/2024,07:45 AM,2.95,105.01,107.96,21.37,24.32,20.35,16.07,Success
Gunjawani,12/07/2024,07:30 am,0.21,104.48,104.69,34.64,34.85,33.15,25.07,Success
Khadakwasla,12/07/2024,07:00 am,30.0,55.91,85.91,27.97,57.97,50.03,49.05,Success
Mulshi,12/07/2024,07:45 am,230.0,522.76,752.76,97.14,327.14,18.58,19.2,Success
Panshet,12/07/2024,02:00 PM,9.0,301.61,310.61,102.66,111.66,34.04,28.93,Success
Temghar,12/07/2024,07:45 am,2.95,105.01,107.96,20.16,23.11,19.2,15.71,Success
Gunjawani,11/07/2024,07:50 AM,0.21,104.48,104.69,34.34,34.55,32.87,20.79,Success
Khadakwasla,11/07/2024,06:00 AM,30.0,55.91,85.91,28.95,58.95,51.78,51.57,Success
Mulshi,11/07/2024,07:45 AM,230.0,522.76,752.76,95.68,325.68,18.3,19.31,Success
Panshet,11/07/2024,03:45 AM,9.0,301.61,310.61,98.14,107.14,32.54,28.41,Success
Temghar,11/07/2024,07:45 AM,2.95,105.01,107.96,19.67,22.62,18.73,15.23,Success
Gunjawani,10/07/2024,07:39 AM,0.21,104.48,104.69,32.6,32.81,31.2,18.59,Success
Khadakwasla,10/07/2024,07:00 AM,30.0,55.91,85.91,29.72,59.72,53.16,52.72,Success
Mulshi,10/07/2024,07:45 AM,230.0,522.76,752.76,96.26,326.26,18.41,18.92,Success
Panshet,10/07/2024,08:00 स.,9.0,301.61,310.61,96.16,105.16,31.88,27.38,Success
Temghar,10/07/2024,07:45 AM,2.95,105.01,107.96,19.08,22.03,18.17,14.63,Success
Gunjawani,09/07/2024,06:48 am,0.21,104.48,104.69,32.06,32.27,30.69,17.32,Success
Khadakwasla,09/07/2024,08:00 am,30.0,55.91,85.91,29.82,59.82,53.34,51.93,Success
Mulshi,09/07/2024,07:30 am,230.0,522.76,752.76,94.53,324.53,18.08,17.75,Success
Panshet,09/07/2024,03:00 PM,9.0,301.61,310.61,94.18,103.18,31.23,26.36,Success
Temghar,09/07/2024,07:45 am,2.95,105.01,107.96,18.31,21.26,17.44,13.34,Success
Gunjawani,08/07/2024,08:03 am,0.21,104.48,104.69,30.18,30.39,28.89,15.57,Success
Khadakwasla,08/07/2024,08:43 am,30.0,55.91,85.91,29.07,59.07,51.99,47.21,Success
Mulshi,08/07/2024,07:45 am,230.0,522.76,752.76,88.2,318.2,16.87,16.71,Success
Panshet,08/07/2024,08:43 am,9.0,301.61,310.61,89.16,98.16,29.56,23.49,Success
Temghar,08/07/2024,07:45 am,2.95,105.01,107.96,16.76,19.71,15.96,12.51,Success
Gunjawani,07/07/2024,07:36 am,0.21,104.48,104.69,28.29,28.5,27.08,15.57,Success
Khadakwasla,07/07/2024,07:00 am,30.0,55.91,85.91,27.42,57.42,49.04,47.64,Success
Mulshi,07/07/2024,08:39 am,230.0,522.76,752.76,72.68,302.68,13.9,11.96,Success
Panshet,07/07/2024,08:00 स.,9.0,301.61,310.61,84.46,93.46,28.0,22.64,Success
Temghar,07/07/2024,07:45 am,2.95,105.01,107.96,14.54,17.49,13.85,10.55,Success
Gunjawani,06/07/2024,07:35 am,0.21,104.48,104.69,25.97,26.18,24.86,15.01,Success
Khadakwasla,06/07/2024,07:00 am,30.0,55.91,85.91,26.4,56.4,47.22,45.7,Success
Mulshi,06/07/2024,08:41 am,230.0,522.76,752.76,57.92,287.92,11.08,10.61,Success
Panshet,06/07/2024,04:00 pm,9.0,301.61,310.61,79.75,88.75,26.44,21.8,Success
Temghar,06/07/2024,07:45 am,2.95,105.01,107.96,11.97,14.92,11.4,9.08,Success
Gunjawani,05/07/2024,07:36 am,0.21,104.48,104.69,22.3,22.51,21.34,15.01,Success
Khadakwasla,05/07/2024,07:00 am,30.0,55.91,85.91,24.99,54.99,44.7,43.17,Success
Mulshi,05/07/2024,07:45 am,230.0,522.76,752.76,50.71,280.71,9.7,10.61,Success
Panshet,05/07/2024,08:12 am,9.0,301.61,310.61,72.62,81.62,24.08,21.13,Success
Temghar,05/07/2024,07:45 am,2.95,105.01,107.96,10.06,13.01,9.58,8.8,Success
Gunjawani,04/07/2024,07:31 am,0.21,104.48,104.69,21.91,22.12,20.97,15.01,Success
Khadakwasla,04/07/2024,06:00 am,30.0,55.91,85.91,23.19,53.19,41.48,43.71,Success
Mulshi,04/07/2024,08:30 am,230.0,522.76,752.76,40.22,270.22,7.69,10.2,Success
Panshet,04/07/2024,06:45 am,9.0,301.61,310.61,67.31,76.31,22.32,20.85,Success
Temghar,04/07/2024,07:45 am,2.95,105.01,107.96,7.73,10.68,7.36,8.47,Success
Gunjawani,03/07/2024,07:20 am,0.21,104.48,104.69,19.98,20.19,19.12,15.01,Success
Khadakwasla,03/07/2024,08:36 am,30.0,55.91,85.91,23.67,53.67,42.34,46.65,Success
Mulshi,03/07/2024,07:45 am,230.0,522.76,752.76,40.22,270.22,7.69,10.15,Success
Panshet,03/07/2024,08:36 am,9.0,301.61,310.61,64.24,73.24,21.3,19.31,Success
Temghar,03/07/2024,07:45 am,2.95,105.01,107.96,6.84,9.79,6.51,7.9,Success
Gunjawani,02/07/2024,06:33 AM,0.21,104.48,104.69,17.93,18.14,17.16,15.01,Success
Khadakwasla,02/07/2024,08:27 AM,30.0,55.91,85.91,22.93,52.93,41.01,48.28,Success
Mulshi,02/07/2024,07:30 AM,230.0,522.76,752.76,35.12,265.12,6.72,9.2,Success
Panshet,02/07/2024,08:28 AM,9.0,301.61,310.61,59.34,68.34,19.67,18.2,Success
Temghar,02/07/2024,08:00 स.,2.95,105.01,107.96,5.13,8.08,4.89,6.76,Success
Gunjawani,01/07/2024,08:10 AM,0.21,104.48,104.69,15.69,15.9,15.02,14.87,Success
Khadakwasla,01/07/2024,07:00 AM,30.0,55.91,85.91,23.19,53.19,41.48,49.6,Success
Mulshi,01/07/2024,07:45 AM,230.0,522.76,752.76,29.52,259.52,5.65,7.88,Success
Panshet,01/07/2024,07:37 AM,9.0,301.61,310.61,55.59,64.59,18.43,16.85,Success
Temghar,01/07/2024,08:00 स.,2.95,105.01,107.96,3.42,6.37,3.26,5.62,Success
Gunjawani,30/06/2024,07:31 AM,0.21,104.48,104.69,13.79,14.0,13.2,14.87,Success
Khadakwasla,30/06/2024,08:35 AM,30.0,55.91,85.91,23.67,53.67,42.34,49.79,Success
Mulshi,30/06/2024,07:45 AM,230.0,522.76,752.76,23.52,253.52,4.5,6.52,Success
Panshet,30/06/2024,08:36 AM,9.0,301.61,310.61,51.8,60.8,17.17,15.49,Success
Temghar,30/06/2024,08:00 स.,2.95,105.01,107.96,1.71,4.66,1.63,4.49,Success
Gunjawani,29/06/2024,07:54 am,0.21,104.48,104.69,12.58,12.79,12.04,14.87,Success
Khadakwasla,29/06/2024,07:00 am,30.0,55.91,85.91,22.6,52.6,40.42,49.6,Success
Mulshi,29/06/2024,07:45 am,230.0,522.76,752.76,22.78,252.78,4.36,4.12,Success
Panshet,29/06/2024,07:45 am,9.0,301.61,310.61,49.26,58.26,16.33,15.47,Success
Temghar,29/06/2024,12:08 PM,2.95,105.01,107.96,0.0,2.95,0.0,3.35,Success
Gunjawani,28/06/2024,07:30 AM,0.21,104.48,104.69,11.95,12.16,11.44,15.01,Success
Khadakwasla,28/06/2024,08:50 AM,30.0,55.91,85.91,22.56,52.56,40.35,47.9,Success
Mulshi,28/06/2024,08:45 AM,230.0,522.76,752.76,19.3,249.3,3.69,3.06,Success
Panshet,28/06/2024,08:50 AM,9.0,301.61,310.61,46.08,55.08,15.28,14.4,Success
Temghar,28/06/2024,09:45 pm,2.95,105.01,107.96,1.86,4.81,1.77,3.22,Success
Gunjawani,27/06/2024,07:36 am,0.21,104.48,104.69,11.44,11.65,10.95,15.15,Success
Khadakwasla,27/06/2024,08:00 स.,30.0,55.91,85.91,22.37,52.37,40.01,47.01,Success
Mulshi,27/06/2024,07:30 am,230.0,522.76,752.76,15.82,245.82,3.03,1.64,Success
Panshet,27/06/2024,08:00 स.,9.0,301.61,310.61,44.24,53.24,14.67,13.22,Success
Temghar,27/06/2024,08:00 स.,2.95,105.01,107.96,1.25,4.2,1.19,2.8,Success
Gunjawani,26/06/2024,08:12 am,0.21,104.48,104.69,10.93,11.14,10.46,15.29,Success
Khadakwasla,26/06/2024,07:00 am,30.0,55.91,85.91,22.18,52.18,39.67,46.12,Success
Mulshi,26/06/2024,07:45 am,230.0,522.76,752.76,18.06,248.06,3.45,1.41,Success
Panshet,26/06/2024,04:00 pm,9.0,301.61,310.61,42.4,51.4,14.06,12.04,Success
Temghar,26/06/2024,04:30 pm,2.95,105.01,107.96,0.63,3.58,0.6,2.38,Success
Gunjawani,25/06/2024,07:25 am,0.21,104.48,104.69,10.8,11.01,10.34,15.43,Success
Khadakwasla,25/06/2024,07:00 am,30.0,55.91,85.91,23.64,53.64,42.28,45.07,Success
Mulshi,25/06/2024,07:45 am,230.0,522.76,752.76,22.03,252.03,4.21,1.27,Success
Panshet,25/06/2024,07:00 am,9.0,301.61,310.61,41.78,50.78,13.85,13.11,Success
Temghar,25/06/2024,07:45 am,2.95,105.01,107.96,1.15,4.1,1.1,2.41,Success
Gunjawani,24/06/2024,07:06 am,0.21,104.48,104.69,10.8,11.01,10.34,15.57,Success
Khadakwasla,24/06/2024,06:48 am,30.0,55.91,85.91,25.56,55.56,45.72,45.07,Success
Mulshi,24/06/2024,07:23 am,230.0,522.76,752.76,24.27,254.27,4.64,1.08,Success
Panshet,24/06/2024,06:49 am,9.0,301.61,310.61,41.24,50.24,13.67,12.86,Success
Temghar,24/06/2024,08:00 स.,2.95,105.01,107.96,1.12,4.07,1.07,2.53,Success
Gunjawani,23/06/2024,08:02 am,0.21,104.48,104.69,10.35,10.56,9.91,15.89,Success
Khadakwasla,23/06/2024,08:24 am,30.0,55.91,85.91,27.01,57.01,48.31,44.88,Success
Mulshi,23/06/2024,07:45 am,230.0,522.76,752.76,25.76,255.76,4.93,0.94,Success
Panshet,23/06/2024,08:24 am,9.0,301.61,310.61,40.14,49.14,13.31,12.81,Success
Temghar,23/06/2024,07:45 am,2.95,105.01,107.96,1.1,4.05,1.05,2.64,Success
Gunjawani,22/06/2024,07:52 am,0.21,104.48,104.69,10.23,10.44,9.79,16.05,Success
Khadakwasla,22/06/2024,08:25 am,30.0,55.91,85.91,28.31,58.31,50.63,43.0,Success
Mulshi,22/06/2024,07:15 am,230.0,522.76,752.76,25.51,255.51,4.88,1.54,Success
Panshet,22/06/2024,07:00 am,9.0,301.61,310.61,35.25,44.25,11.69,12.83,Success
Temghar,22/06/2024,07:15 am,2.95,105.01,107.96,0.56,3.51,0.53,2.74,Success
Gunjawani,21/06/2024,07:53 am,0.21,104.48,104.69,10.23,10.44,9.79,16.37,Success
Khadakwasla,21/06/2024,06:00 am,30.0,55.91,85.91,28.69,58.69,51.31,43.0,Success
Mulshi,21/06/2024,07:45 am,230.0,522.76,752.76,26.01,256.01,4.98,2.1,Success
Panshet,21/06/2024,08:00 am,9.0,301.61,310.61,38.48,47.48,12.76,12.83,Success
Temghar,21/06/2024,07:45 am,2.95,105.01,107.96,0.0,2.95,0.0,2.86,Success
Gunjawani,20/06/2024,07:33 am,0.21,104.48,104.69,10.23,10.44,9.79,16.37,Success
Khadakwasla,20/06/2024,07:00 am,30.0,55.91,85.91,27.11,57.11,48.49,43.17,Success
Mulshi,20/06/2024,07:45 am,230.0,522.76,752.76,27.5,257.5,5.26,2.24,Success
Panshet,20/06/2024,07:45 am,9.0,301.61,310.61,39.37,48.37,13.05,12.86,Success
Temghar,20/06/2024,07:45 am,2.95,105.01,107.96,0.0,2.95,0.0,2.93,Success
Gunjawani,19/06/2024,07:30 am,0.21,104.48,104.69,10.23,10.44,9.79,16.53,Success
Khadakwasla,19/06/2024,07:00 am,30.0,55.91,85.91,24.77,54.77,44.3,43.17,Success
Mulshi,19/06/2024,07:31 am,230.0,522.76,752.76,27.75,257.75,5.31,2.89,Success
Panshet,19/06/2024,07:00 am,9.0,301.61,310.61,40.83,49.83,13.54,12.94,Success
Temghar,19/06/2024,07:45 am,2.95,105.01,107.96,0.18,3.13,0.17,3.04,Success
Gunjawani,18/06/2024,07:46 am,0.21,104.48,104.69,10.69,10.9,10.23,16.68,Success
Khadakwasla,18/06/2024,07:00 am,30.0,55.91,85.91,23.3,53.3,41.67,43.17,Success
Mulshi,18/06/2024,07:45 am,230.0,522.76,752.76,29.78,259.78,5.7,2.98,Success
Panshet,18/06/2024,07:00 am,9.0,301.61,310.61,41.46,50.46,13.75,12.92,Success
Temghar,18/06/2024,07:45 am,2.95,105.01,107.96,1.25,4.2,1.19,3.15,Success
Gunjawani,17/06/2024,07:35 am,0.21,104.48,104.69,10.93,11.14,10.46,16.84,Success
Khadakwasla,17/06/2024,08:00 स.,30.0,55.91,85.91,22.88,52.88,40.92,43.63,Success
Mulshi,17/06/2024,07:32 am,230.0,522.76,752.76,32.07,262.07,6.13,3.41,Success
Panshet,17/06/2024,08:00 स.,9.0,301.61,310.61,41.7,50.7,13.83,12.9,Success
Temghar,17/06/2024,08:00 स.,2.95,105.01,107.96,1.34,4.29,1.28,3.26,Success
Gunjawani,16/06/2024,06:33 am,0.21,104.48,104.69,11.18,11.39,10.7,16.84,Success
Khadakwasla,16/06/2024,06:00 pm,30.0,55.91,85.91,22.47,52.47,40.19,44.09,Success
Mulshi,16/06/2024,07:45 am,230.0,522.76,752.76,35.63,265.63,6.82,3.79,Success
Panshet,16/06/2024,07:00 am,9.0,301.61,310.61,41.95,50.95,13.91,12.88,Success
Temghar,16/06/2024,05:45 pm,2.95,105.01,107.96,1.42,4.37,1.35,3.37,Success
Gunjawani,15/06/2024,07:08 am,0.21,104.48,104.69,11.56,11.77,11.06,16.84,Success
Khadakwasla,15/06/2024,07:00 am,30.0,55.91,85.91,21.87,51.87,39.12,46.49,Success
Mulshi,15/06/2024,07:45 am,230.0,522.76,752.76,37.67,267.67,7.21,4.12,Success
Panshet,15/06/2024,07:00 am,9.0,301.61,310.61,41.62,50.62,13.8,12.88,Success
Temghar,15/06/2024,07:45 am,2.95,105.01,107.96,1.59,4.54,1.51,3.42,Success
Gunjawani,14/06/2024,07:44 am,0.21,104.48,104.69,11.82,12.03,11.31,17.16,Success
Khadakwasla,14/06/2024,07:00 am,30.0,55.91,85.91,21.47,51.47,38.4,52.17,Success
Mulshi,14/06/2024,08:20 am,230.0,522.76,752.76,39.45,269.45,7.55,4.93,Success
Panshet,14/06/2024,07:00 am,9.0,301.61,310.61,41.19,50.19,13.66,12.94,Success
Temghar,14/06/2024,07:30 am,2.95,105.01,107.96,1.34,4.29,1.28,3.51,Success
Gunjawani,13/06/2024,07:00 am,0.21,104.48,104.69,12.08,12.29,11.56,17.16,Success
Khadakwasla,13/06/2024,07:00 am,30.0,55.91,85.91,23.06,53.06,41.24,51.93,Success
Mulshi,13/06/2024,07:30 am,230.0,522.76,752.76,42.82,272.82,8.19,4.93,Success
Panshet,13/06/2024,07:00 am,9.0,301.61,310.61,41.13,50.13,13.64,12.94,Success
Temghar,13/06/2024,07:45 am,2.95,105.01,107.96,1.83,4.78,1.74,3.53,Success
Gunjawani,12/06/2024,06:43 am,0.21,104.48,104.69,12.46,12.67,11.93,17.32,Success
Khadakwasla,12/06/2024,07:00 am,30.0,55.91,85.91,24.56,54.56,43.93,55.58,Success
Mulshi,12/06/2024,07:30 am,230.0,522.76,752.76,45.98,275.98,8.8,5.26,Success
Panshet,12/06/2024,07:00 am,9.0,301.61,310.61,40.98,49.98,13.59,12.88,Success
Temghar,12/06/2024,07:30 am,2.95,105.01,107.96,1.32,4.27,1.26,3.61,Success
Gunjawani,11/06/2024,06:47 am,0.21,104.48,104.69,12.71,12.92,12.17,17.32,Success
Khadakwasla,11/06/2024,08:39 am,30.0,55.91,85.91,26.26,56.26,46.97,62.22,Success
Mulshi,11/06/2024,07:45 am,230.0,522.76,752.76,49.13,279.13,9.4,5.94,Success
Panshet,11/06/2024,08:40 am,9.0,301.61,310.61,41.07,50.07,13.62,12.94,Success
Temghar,11/06/2024,07:45 am,2.95,105.01,107.96,2.06,5.01,1.96,3.75,Success
Gunjawani,10/06/2024,06:48 AM,0.21,104.48,104.69,13.22,13.43,12.65,17.64,Success
Khadakwasla,10/06/2024,07:00 AM,30.0,55.91,85.91,27.53,57.53,49.24,62.67,Success
Mulshi,10/06/2024,07:45 AM,230.0,522.76,752.76,52.82,282.82,10.1,6.18,Success
Panshet,10/06/2024,07:00 AM,9.0,301.61,310.61,41.62,50.62,13.8,12.96,Success
Temghar,10/06/2024,07:45 AM,2.95,105.01,107.96,1.26,4.21,1.2,3.81,Success
Gunjawani,09/06/2024,07:31 AM,0.21,104.48,104.69,13.93,14.14,13.33,17.96,Success
Khadakwasla,09/06/2024,07:00 AM,30.0,55.91,85.91,29.17,59.17,52.17,66.62,Success
Mulshi,09/06/2024,07:30 AM,230.0,522.76,752.76,52.82,282.82,10.1,6.67,Success
Panshet,09/06/2024,07:15 AM,9.0,301.61,310.61,41.07,50.07,13.62,13.09,Success
Temghar,09/06/2024,07:30 AM,2.95,105.01,107.96,1.13,4.08,1.08,3.85,Success
Gunjawani,08/06/2024,07:30 AM,0.21,104.48,104.69,14.52,14.73,13.9,18.27,Success
Khadakwasla,08/06/2024,08:43 AM,30.0,55.91,85.91,29.36,59.36,52.51,64.32,Success
Mulshi,08/06/2024,07:45 AM,230.0,522.76,752.76,53.87,283.87,10.3,7.55,Success
Panshet,08/06/2024,08:43 AM,9.0,301.61,310.61,41.07,50.07,13.62,13.97,Success
Temghar,08/06/2024,07:45 AM,2.95,105.01,107.96,2.34,5.29,2.23,4.04,Success
Gunjawani,07/06/2024,07:30 am,0.21,104.48,104.69,14.81,15.02,14.17,18.59,Success
Khadakwasla,07/06/2024,08:23 am,30.0,55.91,85.91,29.7,59.7,53.12,63.77,Success
Mulshi,07/06/2024,07:45 am,230.0,522.76,752.76,57.65,287.65,11.03,8.19,Success
Panshet,07/06/2024,08:24 am,9.0,301.61,310.61,41.07,50.07,13.62,14.26,Success
Temghar,07/06/2024,07:45 am,2.95,105.01,107.96,2.47,5.42,2.35,4.04,Success
Gunjawani,06/06/2024,07:07 am,0.21,104.48,104.69,15.1,15.31,14.45,18.75,Success
Khadakwasla,06/06/2024,08:35 am,30.0,55.91,85.91,29.7,59.7,53.12,63.94,Success
Mulshi,06/06/2024,07:45 am,230.0,522.76,752.76,60.63,290.63,11.6,8.39,Success
Panshet,06/06/2024,08:36 am,9.0,301.61,310.61,41.89,50.89,13.89,14.66,Success
Temghar,06/06/2024,07:45 am,2.95,105.01,107.96,2.62,5.57,2.5,4.07,Success
Gunjawani,05/06/2024,06:28 am,0.21,104.48,104.69,15.39,15.6,14.73,18.94,Success
Khadakwasla,05/06/2024,08:21 am,30.0,55.91,85.91,28.31,58.31,50.63,60.19,Success
Mulshi,05/06/2024,07:45 am,230.0,522.76,752.76,64.96,294.96,12.43,9.1,Success
Panshet,05/06/2024,08:22 am,9.0,301.61,310.61,44.38,53.38,14.71,15.15,Success
Temghar,05/06/2024,07:45 am,2.95,105.01,107.96,2.76,5.71,2.63,4.18,Success
Gunjawani,04/06/2024,07:15 am,0.21,104.48,104.69,15.69,15.9,15.02,19.49,Success
Khadakwasla,04/06/2024,07:00 am,30.0,55.91,85.91,25.22,55.22,45.11,53.98,Success
Mulshi,04/06/2024,07:45 am,230.0,522.76,752.76,69.62,299.62,13.32,9.75,Success
Panshet,04/06/2024,06:56 am,9.0,301.61,310.61,46.39,55.39,15.38,15.75,Success
Temghar,04/06/2024,07:45 am,2.95,105.01,107.96,2.9,5.85,2.76,4.28,Success
Gunjawani,03/06/2024,08:00 स.,0.21,104.48,104.69,15.98,16.19,15.29,19.67,Success
Khadakwasla,03/06/2024,08:26 AM,30.0,55.91,85.91,24.23,54.23,43.34,46.25,Success
Mulshi,03/06/2024,07:45 AM,230.0,522.76,752.76,73.24,303.24,14.01,9.85,Success
Panshet,03/06/2024,08:27 AM,9.0,301.61,310.61,47.95,56.95,15.9,16.22,Success
Temghar,03/06/2024,07:45 AM,2.95,105.01,107.96,3.02,5.97,2.88,4.29,Success
Gunjawani,02/06/2024,07:42 AM,0.21,104.48,104.69,16.27,16.48,15.57,19.86,Success
Khadakwasla,02/06/2024,07:00 am,30.0,55.91,85.91,20.68,50.68,36.99,41.24,Success
Mulshi,02/06/2024,07:30 am,230.0,522.76,752.76,73.79,303.79,14.12,10.25,Success
Panshet,02/06/2024,07:46 am,9.0,301.61,310.61,49.88,58.88,16.54,16.65,Success
Temghar,02/06/2024,07:30 am,2.95,105.01,107.96,3.1,6.05,2.95,4.38,Success
Gunjawani,01/06/2024,05:58 am,0.21,104.48,104.69,16.6,16.81,15.89,20.23,Success
Khadakwasla,01/06/2024,08:17 am,30.0,55.91,85.91,20.49,50.49,36.65,35.32,Success
Mulshi,01/06/2024,07:45 am,230.0,522.76,752.76,77.13,307.13,14.75,11.49,Success
Panshet,01/06/2024,08:17 am,9.0,301.61,310.61,51.46,60.46,17.06,17.34,Success
Temghar,01/06/2024,07:45 am,2.95,105.01,107.96,3.27,6.22,3.11,4.46,Success
Gunjawani,31/05/2024,06:02 am,0.21,104.48,104.69,16.93,17.14,16.2,20.6,Success
Khadakwasla,31/05/2024,08:00 am,30.0,55.91,85.91,19.97,49.97,35.72,36.09,Success
Mulshi,31/05/2024,07:45 am,230.0,522.76,752.76,79.91,309.91,15.29,12.12,Success
Panshet,31/05/2024,06:09 am,9.0,301.61,310.61,52.73,61.73,17.48,17.08,Success
Temghar,31/05/2024,07:45 am,2.95,105.01,107.96,3.37,6.32,3.21,4.62,Success
Gunjawani,30/05/2024,07:31 am,0.21,104.48,104.69,17.27,17.48,16.53,22.45,Success
Khadakwasla,30/05/2024,08:43 am,30.0,55.91,85.91,21.68,51.68,38.78,38.78,Success
Mulshi,30/05/2024,07:45 am,230.0,522.76,752.76,82.44,312.44,15.77,12.95,Success
Panshet,30/05/2024,08:44 am,9.0,301.61,310.61,52.92,61.92,17.55,17.08,Success
Temghar,30/05/2024,07:45 am,2.95,105.01,107.96,3.52,6.47,3.35,4.7,Success
Gunjawani,29/05/2024,07:16 AM,0.21,104.48,104.69,17.6,17.81,16.85,22.45,Success
Khadakwasla,29/05/2024,08:25 AM,30.0,55.91,85.91,22.56,52.56,40.35,42.27,Success
Mulshi,29/05/2024,07:45 AM,230.0,522.76,752.76,85.32,315.32,16.32,12.95,Success
Panshet,29/05/2024,08:26 AM,9.0,301.61,310.61,53.19,62.19,17.64,17.08,Success
Temghar,29/05/2024,07:45 AM,2.95,105.01,107.96,3.64,6.59,3.47,4.8,Success
Gunjawani,28/05/2024,05:59 AM,0.21,104.48,104.69,17.93,18.14,17.16,22.45,Success
Khadakwasla,28/05/2024,08:19 AM,30.0,55.91,85.91,24.54,54.54,43.89,44.88,Success
Mulshi,28/05/2024,07:45 AM,230.0,522.76,752.76,87.62,317.62,16.76,14.12,Success
Panshet,28/05/2024,08:20 AM,9.0,301.61,310.61,53.19,62.19,17.64,17.34,Success
Temghar,28/05/2024,07:45 AM,2.95,105.01,107.96,3.8,6.75,3.62,4.74,Success
Gunjawani,27/05/2024,07:12 AM,0.21,104.48,104.69,18.26,18.47,17.48,22.45,Success
Khadakwasla,27/05/2024,07:00 AM,30.0,55.91,85.91,24.24,54.24,43.36,44.88,Success
Mulshi,27/05/2024,07:45 AM,230.0,522.76,752.76,89.63,319.63,17.15,14.54,Success
Panshet,27/05/2024,08:00 स.,9.0,301.61,310.61,53.54,62.54,17.75,17.37,Success
Temghar,27/05/2024,07:45 AM,2.95,105.01,107.96,3.93,6.88,3.74,4.87,Success
Gunjawani,26/05/2024,07:57 AM,0.21,104.48,104.69,18.76,18.97,17.96,22.45,Success
Khadakwasla,26/05/2024,07:00 AM,30.0,55.91,85.91,24.87,54.87,44.48,47.9,Success
Mulshi,26/05/2024,07:45 AM,230.0,522.76,752.76,90.78,320.78,17.37,15.34,Success
Panshet,26/05/2024,09:00 PM,9.0,301.61,310.61,53.88,62.88,17.86,17.39,Success
Temghar,26/05/2024,01:00 AM,2.95,105.01,107.96,4.07,7.02,3.88,4.92,Success
Gunjawani,25/05/2024,07:45 AM,0.21,104.48,104.69,19.09,19.3,18.27,22.45,Success
Khadakwasla,25/05/2024,08:18 AM,30.0,55.91,85.91,26.26,56.26,46.97,52.72,Success
Mulshi,25/05/2024,07:45 AM,230.0,522.76,752.76,91.94,321.94,17.59,15.72,Success
Panshet,25/05/2024,08:19 AM,9.0,301.61,310.61,53.62,62.62,17.78,17.37,Success
Temghar,25/05/2024,07:45 AM,2.95,105.01,107.96,4.22,7.17,4.02,4.98,Success
Gunjawani,24/05/2024,07:06 AM,0.21,104.48,104.69,19.59,19.8,18.75,22.45,Success
Khadakwasla,24/05/2024,08:15 AM,30.0,55.91,85.91,25.56,55.56,45.72,55.58,Success
Mulshi,24/05/2024,07:45 AM,230.0,522.76,752.76,93.95,323.95,17.97,16.1,Success
Panshet,24/05/2024,08:16 AM,9.0,301.61,310.61,53.81,62.81,17.84,17.5,Success
Temghar,24/05/2024,07:45 AM,2.95,105.01,107.96,4.42,7.37,4.21,5.05,Success
Gunjawani,23/05/2024,07:36 AM,0.21,104.48,104.69,19.98,20.19,19.12,26.82,Success
Khadakwasla,23/05/2024,08:42 AM,30.0,55.91,85.91,25.56,55.56,45.72,61.97,Success
Mulshi,23/05/2024,07:45 AM,230.0,522.76,752.76,98.02,328.02,18.75,16.6,Success
Panshet,23/05/2024,08:42 AM,9.0,301.61,310.61,54.21,63.21,17.97,17.59,Success
Temghar,23/05/2024,07:45 AM,2.95,105.01,107.96,4.46,7.41,4.25,5.15,Success
Gunjawani,22/05/2024,06:29 AM,0.21,104.48,104.69,20.36,20.57,19.49,26.82,Success
Khadakwasla,22/05/2024,08:42 AM,30.0,55.91,85.91,25.56,55.56,45.72,61.97,Success
Mulshi,22/05/2024,07:45 AM,230.0,522.76,752.76,101.25,331.25,19.37,17.26,Success
Panshet,22/05/2024,08:42 AM,9.0,301.61,310.61,55.98,64.98,18.56,18.0,Success
Temghar,22/05/2024,07:45 AM,2.95,105.01,107.96,4.65,7.6,4.43,5.24,Success
Gunjawani,21/05/2024,08:01 AM,0.21,104.48,104.69,20.75,20.96,19.86,26.82,Success
Khadakwasla,21/05/2024,08:00 AM,30.0,55.91,85.91,25.22,55.22,45.11,60.66,Success
Mulshi,21/05/2024,08:45 AM,230.0,522.76,752.76,105.36,335.36,20.15,18.36,Success
Panshet,21/05/2024,08:40 AM,9.0,301.61,310.61,57.3,66.3,19.0,18.59,Success
Temghar,21/05/2024,08:45 AM,2.95,105.01,107.96,4.82,7.77,4.59,5.31,Success
Gunjawani,20/05/2024,08:00 स.,0.21,104.48,104.69,20.75,20.96,19.86,26.82,Success
Khadakwasla,20/05/2024,08:00 स.,30.0,55.91,85.91,25.22,55.22,45.11,60.66,Success
Mulshi,20/05/2024,08:00 स.,230.0,522.76,752.76,105.36,335.36,20.15,18.36,Success
Panshet,20/05/2024,08:00 स.,9.0,301.61,310.61,57.3,66.3,19.0,18.59,Success
Temghar,20/05/2024,08:00 स.,2.95,105.01,107.96,4.82,7.77,4.59,5.31,Success
Gunjawani,19/05/2024,08:00 स.,0.21,104.48,104.69,20.75,20.96,19.86,26.82,Success
Khadakwasla,19/05/2024,08:00 स.,30.0,55.91,85.91,25.22,55.22,45.11,60.66,Success
Mulshi,19/05/2024,08:00 स.,230.0,522.76,752.76,105.36,335.36,20.15,18.36,Success
Panshet,19/05/2024,08:00 स.,9.0,301.61,310.61,57.3,66.3,19.0,18.59,Success
Temghar,19/05/2024,08:00 स.,2.95,105.01,107.96,4.82,7.77,4.59,5.31,Success
Gunjawani,18/05/2024,08:00 स.,0.21,104.48,104.69,20.75,20.96,19.86,26.82,Success
Khadakwasla,18/05/2024,08:00 स.,30.0,55.91,85.91,25.22,55.22,45.11,60.66,Success
Mulshi,18/05/2024,08:00 स.,230.0,522.76,752.76,105.36,335.36,20.15,18.36,Success
Panshet,18/05/2024,08:00 स.,9.0,301.61,310.61,57.3,66.3,19.0,18.59,Success
Temghar,18/05/2024,08:00 स.,2.95,105.01,107.96,4.82,7.77,4.59,5.31,Success
Gunjawani,17/05/2024,08:00 स.,0.21,104.48,104.69,20.75,20.96,19.86,26.82,Success
Khadakwasla,17/05/2024,08:00 स.,30.0,55.91,85.91,25.22,55.22,45.11,60.66,Success
Mulshi,17/05/2024,08:00 स.,230.0,522.76,752.76,105.36,335.36,20.15,18.36,Success
Panshet,17/05/2024,08:00 स.,9.0,301.61,310.61,57.3,66.3,19.0,18.59,Success
Temghar,17/05/2024,08:00 स.,2.95,105.01,107.96,4.82,7.77,4.59,5.31,Success
Gunjawani,16/05/2024,08:00 स.,0.21,104.48,104.69,20.75,20.96,19.86,26.82,Success
Khadakwasla,16/05/2024,08:00 स.,30.0,55.91,85.91,25.22,55.22,45.11,60.66,Success
Mulshi,16/05/2024,08:00 स.,230.0,522.76,752.76,105.36,335.36,20.15,18.36,Success
Panshet,16/05/2024,08:00 स.,9.0,301.61,310.61,57.3,66.3,19.0,18.59,Success
Temghar,16/05/2024,08:00 स.,2.95,105.01,107.96,4.82,7.77,4.59,5.31,Success
Gunjawani,15/05/2024,08:00 स.,0.21,104.48,104.69,20.75,20.96,19.86,26.82,Success
Khadakwasla,15/05/2024,08:00 स.,30.0,55.91,85.91,25.22,55.22,45.11,60.66,Success
Mulshi,15/05/2024,08:00 स.,230.0,522.76,752.76,105.36,335.36,20.15,18.36,Success
Panshet,15/05/2024,08:00 स.,9.0,301.61,310.61,57.3,66.3,19.0,18.59,Success
Temghar,15/05/2024,08:00 स.,2.95,105.01,107.96,4.82,7.77,4.59,5.31,Success
Gunjawani,14/05/2024,08:00 स.,0.21,104.48,104.69,20.75,20.96,19.86,26.82,Success
Khadakwasla,14/05/2024,08:00 स.,30.0,55.91,85.91,25.22,55.22,45.11,60.66,Success
Mulshi,14/05/2024,08:00 स.,230.0,522.76,752.76,105.36,335.36,20.15,18.36,Success
Panshet,14/05/2024,08:00 स.,9.0,301.61,310.61,57.3,66.3,19.0,18.59,Success
Temghar,14/05/2024,08:00 स.,2.95,105.01,107.96,4.82,7.77,4.59,5.31,Success
Gunjawani,13/05/2024,08:00 स.,0.21,104.48,104.69,20.75,20.96,19.86,26.82,Success
Khadakwasla,13/05/2024,08:00 स.,30.0,55.91,85.91,25.22,55.22,45.11,60.66,Success
Mulshi,13/05/2024,08:00 स.,230.0,522.76,752.76,105.36,335.36,20.15,18.36,Success
Panshet,13/05/2024,08:00 स.,9.0,301.61,310.61,57.3,66.3,19.0,18.59,Success
Temghar,13/05/2024,08:00 स.,2.95,105.01,107.96,4.82,7.77,4.59,5.31,Success
Gunjawani,12/05/2024,08:00 स.,0.21,104.48,104.69,20.75,20.96,19.86,26.82,Success
Khadakwasla,12/05/2024,08:00 स.,30.0,55.91,85.91,25.22,55.22,45.11,60.66,Success
Mulshi,12/05/2024,08:00 स.,230.0,522.76,752.76,105.36,335.36,20.15,18.36,Success
Panshet,12/05/2024,08:00 स.,9.0,301.61,310.61,57.3,66.3,19.0,18.59,Success
Temghar,12/05/2024,08:00 स.,2.95,105.01,107.96,4.82,7.77,4.59,5.31,Success
Gunjawani,11/05/2024,08:00 स.,0.21,104.48,104.69,20.75,20.96,19.86,26.82,Success
Khadakwasla,11/05/2024,08:00 स.,30.0,55.91,85.91,25.22,55.22,45.11,60.66,Success
Mulshi,11/05/2024,08:00 स.,230.0,522.76,752.76,105.36,335.36,20.15,18.36,Success
Panshet,11/05/2024,08:00 स.,9.0,301.61,310.61,57.3,66.3,19.0,18.59,Success
Temghar,11/05/2024,08:00 स.,2.95,105.01,107.96,4.82,7.77,4.59,5.31,Success
Gunjawani,10/05/2024,08:00 स.,0.21,104.48,104.69,20.75,20.96,19.86,26.82,Success
Khadakwasla,10/05/2024,08:00 स.,30.0,55.91,85.91,25.22,55.22,45.11,60.66,Success
Mulshi,10/05/2024,08:00 स.,230.0,522.76,752.76,105.36,335.36,20.15,18.36,Success
Panshet,10/05/2024,08:00 स.,9.0,301.61,310.61,57.3,66.3,19.0,18.59,Success
Temghar,10/05/2024,08:00 स.,2.95,105.01,107.96,4.82,7.77,4.59,5.31,Success
Gunjawani,09/05/2024,08:00 स.,0.21,104.48,104.69,20.75,20.96,19.86,26.82,Success
Khadakwasla,09/05/2024,08:00 स.,30.0,55.91,85.91,25.22,55.22,45.11,60.66,Success
Mulshi,09/05/2024,08:00 स.,230.0,522.76,752.76,105.36,335.36,20.15,18.36,Success
Panshet,09/05/2024,08:00 स.,9.0,301.61,310.61,57.3,66.3,19.0,18.59,Success
Temghar,09/05/2024,08:00 स.,2.95,105.01,107.96,4.82,7.77,4.59,5.31,Success
Gunjawani,08/05/2024,08:00 स.,0.21,104.48,104.69,20.75,20.96,19.86,26.82,Success
Khadakwasla,08/05/2024,08:00 स.,30.0,55.91,85.91,25.22,55.22,45.11,60.66,Success
Mulshi,08/05/2024,08:00 स.,230.0,522.76,752.76,105.36,335.36,20.15,18.36,Success
Panshet,08/05/2024,08:00 स.,9.0,301.61,310.61,57.3,66.3,19.0,18.59,Success
Temghar,08/05/2024,08:00 स.,2.95,105.01,107.96,4.82,7.77,4.59,5.31,Success
Gunjawani,07/05/2024,08:00 स.,0.21,104.48,104.69,20.75,20.96,19.86,26.82,Success
Khadakwasla,07/05/2024,08:00 स.,30.0,55.91,85.91,25.22,55.22,45.11,60.66,Success
Mulshi,07/05/2024,08:00 स.,230.0,522.76,752.76,105.36,335.36,20.15,18.36,Success
Panshet,07/05/2024,08:00 स.,9.0,301.61,310.61,57.3,66.3,19.0,18.59,Success
Temghar,07/05/2024,08:00 स.,2.95,105.01,107.96,4.82,7.77,4.59,5.31,Success
Gunjawani,06/05/2024,08:00 स.,0.21,104.48,104.69,20.75,20.96,19.86,26.82,Success
Khadakwasla,06/05/2024,08:00 स.,30.0,55.91,85.91,25.22,55.22,45.11,60.66,Success
Mulshi,06/05/2024,08:00 स.,230.0,522.76,752.76,105.36,335.36,20.15,18.36,Success
Panshet,06/05/2024,08:00 स.,9.0,301.61,310.61,57.3,66.3,19.0,18.59,Success
Temghar,06/05/2024,08:00 स.,2.95,105.01,107.96,4.82,7.77,4.59,5.31,Success
Gunjawani,05/05/2024,08:00 स.,0.21,104.48,104.69,20.75,20.96,19.86,26.82,Success
Khadakwasla,05/05/2024,08:00 स.,30.0,55.91,85.91,25.22,55.22,45.11,60.66,Success
Mulshi,05/05/2024,08:00 स.,230.0,522.76,752.76,105.36,335.36,20.15,18.36,Success
Panshet,05/05/2024,08:00 स.,9.0,301.61,310.61,57.3,66.3,19.0,18.59,Success
Temghar,05/05/2024,08:00 स.,2.95,105.01,107.96,4.82,7.77,4.59,5.31,Success
Gunjawani,04/05/2024,08:00 स.,0.21,104.48,104.69,20.75,20.96,19.86,26.82,Success
Khadakwasla,04/05/2024,08:00 स.,30.0,55.91,85.91,25.22,55.22,45.11,60.66,Success
Mulshi,04/05/2024,08:00 स.,230.0,522.76,752.76,105.36,335.36,20.15,18.36,Success
Panshet,04/05/2024,08:00 स.,9.0,301.61,310.61,57.3,66.3,19.0,18.59,Success
Temghar,04/05/2024,08:00 स.,2.95,105.01,107.96,4.82,7.77,4.59,5.31,Success
Gunjawani,03/05/2024,08:00 स.,0.21,104.48,104.69,20.75,20.96,19.86,26.82,Success
Khadakwasla,03/05/2024,08:00 स.,30.0,55.91,85.91,25.22,55.22,45.11,60.66,Success
Mulshi,03/05/2024,08:00 स.,230.0,522.76,752.76,105.36,335.36,20.15,18.36,Success
Panshet,03/05/2024,08:00 स.,9.0,301.61,310.61,57.3,66.3,19.0,18.59,Success
Temghar,03/05/2024,08:00 स.,2.95,105.01,107.96,4.82,7.77,4.59,5.31,Success
Gunjawani,02/05/2024,08:00 स.,0.21,104.48,104.69,20.75,20.96,19.86,26.82,Success
Khadakwasla,02/05/2024,08:00 स.,30.0,55.91,85.91,25.22,55.22,45.11,60.66,Success
Mulshi,02/05/2024,08:00 स.,230.0,522.76,752.76,105.36,335.36,20.15,18.36,Success
Panshet,02/05/2024,08:00 स.,9.0,301.61,310.61,57.3,66.3,19.0,18.59,Success
Temghar,02/05/2024,08:00 स.,2.95,105.01,107.96,4.82,7.77,4.59,5.31,Success
Gunjawani,01/05/2024,08:00 स.,0.21,104.48,104.69,20.75,20.96,19.86,26.82,Success
Khadakwasla,01/05/2024,08:00 स.,30.0,55.91,85.91,25.22,55.22,45.11,60.66,Success
Mulshi,01/05/2024,08:00 स.,230.0,522.76,752.76,105.36,335.36,20.15,18.36,Success
Panshet,01/05/2024,08:00 स.,9.0,301.61,310.61,57.3,66.3,19.0,18.59,Success
Temghar,01/05/2024,08:00 स.,2.95,105.01,107.96,4.82,7.77,4.59,5.31,Success
Gunjawani,30/04/2024,08:00 स.,0.21,104.48,104.69,20.75,20.96,19.86,26.82,Success
Khadakwasla,30/04/2024,08:00 स.,30.0,55.91,85.91,25.22,55.22,45.11,60.66,Success
Mulshi,30/04/2024,08:00 स.,230.0,522.76,752.76,105.36,335.36,20.15,18.36,Success
Panshet,30/04/2024,08:00 स.,9.0,301.61,310.61,57.3,66.3,19.0,18.59,Success
Temghar,30/04/2024,08:00 स.,2.95,105.01,107.96,4.82,7.77,4.59,5.31,Success
Gunjawani,29/04/2024,08:00 स.,0.21,104.48,104.69,20.75,20.96,19.86,26.82,Success
Khadakwasla,29/04/2024,08:00 स.,30.0,55.91,85.91,25.22,55.22,45.11,60.66,Success
Mulshi,29/04/2024,08:00 स.,230.0,522.76,752.76,105.36,335.36,20.15,18.36,Success
Panshet,29/04/2024,08:00 स.,9.0,301.61,310.61,57.3,66.3,19.0,18.59,Success
Temghar,29/04/2024,08:00 स.,2.95,105.01,107.96,4.82,7.77,4.59,5.31,Success
Gunjawani,28/04/2024,08:00 स.,0.21,104.48,104.69,20.75,20.96,19.86,26.82,Success
Khadakwasla,28/04/2024,08:00 स.,30.0,55.91,85.91,25.22,55.22,45.11,60.66,Success
Mulshi,28/04/2024,08:00 स.,230.0,522.76,752.76,105.36,335.36,20.15,18.36,Success
Panshet,28/04/2024,08:00 स.,9.0,301.61,310.61,57.3,66.3,19.0,18.59,Success
Temghar,28/04/2024,08:00 स.,2.95,105.01,107.96,4.82,7.77,4.59,5.31,Success
Gunjawani,27/04/2024,08:00 स.,0.21,104.48,104.69,20.75,20.96,19.86,26.82,Success
Khadakwasla,27/04/2024,08:00 स.,30.0,55.91,85.91,25.22,55.22,45.11,60.66,Success
Mulshi,27/04/2024,08:00 स.,230.0,522.76,752.76,105.36,335.36,20.15,18.36,Success
Panshet,27/04/2024,08:00 स.,9.0,301.61,310.61,57.3,66.3,19.0,18.59,Success
Temghar,27/04/2024,08:00 स.,2.95,105.01,107.96,4.82,7.77,4.59,5.31,Success
Gunjawani,26/04/2024,08:00 स.,0.21,104.48,104.69,20.75,20.96,19.86,26.82,Success
Khadakwasla,26/04/2024,08:00 स.,30.0,55.91,85.91,25.22,55.22,45.11,60.66,Success
Mulshi,26/04/2024,08:00 स.,230.0,522.76,752.76,105.36,335.36,20.15,18.36,Success
Panshet,26/04/2024,08:00 स.,9.0,301.61,310.61,57.3,66.3,19.0,18.59,Success
Temghar,26/04/2024,08:00 स.,2.95,105.01,107.96,4.82,7.77,4.59,5.31,Success
Gunjawani,25/04/2024,08:00 स.,0.21,104.48,104.69,20.75,20.96,19.86,26.82,Success
Khadakwasla,25/04/2024,08:00 स.,30.0,55.91,85.91,25.22,55.22,45.11,60.66,Success
Mulshi,25/04/2024,08:00 स.,230.0,522.76,752.76,105.36,335.36,20.15,18.36,Success
Panshet,25/04/2024,08:00 स.,9.0,301.61,310.61,57.3,66.3,19.0,18.59,Success
Temghar,25/04/2024,08:00 स.,2.95,105.01,107.96,4.82,7.77,4.59,5.31,Success
Gunjawani,24/04/2024,08:00 स.,0.21,104.48,104.69,20.75,20.96,19.86,26.82,Success
Khadakwasla,24/04/2024,08:00 स.,30.0,55.91,85.91,25.22,55.22,45.11,60.66,Success
Mulshi,24/04/2024,08:00 स.,230.0,522.76,752.76,105.36,335.36,20.15,18.36,Success
Panshet,24/04/2024,08:00 स.,9.0,301.61,310.61,57.3,66.3,19.0,18.59,Success
Temghar,24/04/2024,08:00 स.,2.95,105.01,107.96,4.82,7.77,4.59,5.31,Success
Gunjawani,23/04/2024,08:00 स.,0.21,104.48,104.69,20.75,20.96,19.86,26.82,Success
Khadakwasla,23/04/2024,08:00 स.,30.0,55.91,85.91,25.22,55.22,45.11,60.66,Success
Mulshi,23/04/2024,08:00 स.,230.0,522.76,752.76,105.36,335.36,20.15,18.36,Success
Panshet,23/04/2024,08:00 स.,9.0,301.61,310.61,57.3,66.3,19.0,18.59,Success
Temghar,23/04/2024,08:00 स.,2.95,105.01,107.96,4.82,7.77,4.59,5.31,Success
Gunjawani,22/04/2024,08:00 स.,0.21,104.48,104.69,20.75,20.96,19.86,26.82,Success
Khadakwasla,22/04/2024,08:00 स.,30.0,55.91,85.91,25.22,55.22,45.11,60.66,Success
Mulshi,22/04/2024,08:00 स.,230.0,522.76,752.76,105.36,335.36,20.15,18.36,Success
Panshet,22/04/2024,08:00 स.,9.0,301.61,310.61,57.3,66.3,19.0,18.59,Success
Temghar,22/04/2024,08:00 स.,2.95,105.01,107.96,4.82,7.77,4.59,5.31,Success
Gunjawani,21/04/2024,08:00 स.,0.21,104.48,104.69,20.75,20.96,19.86,26.82,Success
Khadakwasla,21/04/2024,08:00 स.,30.0,55.91,85.91,25.22,55.22,45.11,60.66,Success
Mulshi,21/04/2024,08:00 स.,230.0,522.76,752.76,105.36,335.36,20.15,18.36,Success
Panshet,21/04/2024,08:00 स.,9.0,301.61,310.61,57.3,66.3,19.0,18.59,Success
Temghar,21/04/2024,08:00 स.,2.95,105.01,107.96,4.82,7.77,4.59,5.31,Success
Gunjawani,20/04/2024,08:00 स.,0.21,104.48,104.69,20.75,20.96,19.86,26.82,Success
Khadakwasla,20/04/2024,08:00 स.,30.0,55.91,85.91,25.22,55.22,45.11,60.66,Success
Mulshi,20/04/2024,08:00 स.,230.0,522.76,752.76,105.36,335.36,20.15,18.36,Success
Panshet,20/04/2024,08:00 स.,9.0,301.61,310.61,57.3,66.3,19.0,18.59,Success
Temghar,20/04/2024,08:00 स.,2.95,105.01,107.96,4.82,7.77,4.59,5.31,Success
Gunjawani,19/04/2024,08:00 स.,0.21,104.48,104.69,20.75,20.96,19.86,26.82,Success
Khadakwasla,19/04/2024,08:00 स.,30.0,55.91,85.91,25.22,55.22,45.11,60.66,Success
Mulshi,19/04/2024,08:00 स.,230.0,522.76,752.76,105.36,335.36,20.15,18.36,Success
Panshet,19/04/2024,08:00 स.,9.0,301.61,310.61,57.3,66.3,19.0,18.59,Success
Temghar,19/04/2024,08:00 स.,2.95,105.01,107.96,4.82,7.77,4.59,5.31,Success
Gunjawani,18/04/2024,08:00 स.,0.21,104.48,104.69,20.75,20.96,19.86,26.82,Success
Khadakwasla,18/04/2024,08:00 स.,30.0,55.91,85.91,25.22,55.22,45.11,60.66,Success
Mulshi,18/04/2024,08:00 स.,230.0,522.76,752.76,105.36,335.36,20.15,18.36,Success
Panshet,18/04/2024,08:00 स.,9.0,301.61,310.61,57.3,66.3,19.0,18.59,Success
Temghar,18/04/2024,08:00 स.,2.95,105.01,107.96,4.82,7.77,4.59,5.31,Success
Gunjawani,17/04/2024,08:00 स.,0.21,104.48,104.69,20.75,20.96,19.86,26.82,Success
Khadakwasla,17/04/2024,08:00 स.,30.0,55.91,85.91,25.22,55.22,45.11,60.66,Success
Mulshi,17/04/2024,08:00 स.,230.0,522.76,752.76,105.36,335.36,20.15,18.36,Success
Panshet,17/04/2024,08:00 स.,9.0,301.61,310.61,57.3,66.3,19.0,18.59,Success
Temghar,17/04/2024,08:00 स.,2.95,105.01,107.96,4.82,7.77,4.59,5.31,Success
Gunjawani,16/04/2024,08:00 स.,0.21,104.48,104.69,20.75,20.96,19.86,26.82,Success
Khadakwasla,16/04/2024,08:00 स.,30.0,55.91,85.91,25.22,55.22,45.11,60.66,Success
Mulshi,16/04/2024,08:00 स.,230.0,522.76,752.76,105.36,335.36,20.15,18.36,Success
Panshet,16/04/2024,08:00 स.,9.0,301.61,310.61,57.3,66.3,19.0,18.59,Success
Temghar,16/04/2024,08:00 स.,2.95,105.01,107.96,4.82,7.77,4.59,5.31,Success
Gunjawani,15/04/2024,08:00 स.,0.21,104.48,104.69,20.75,20.96,19.86,26.82,Success
Khadakwasla,15/04/2024,08:00 स.,30.0,55.91,85.91,25.22,55.22,45.11,60.66,Success
Mulshi,15/04/2024,08:00 स.,230.0,522.76,752.76,105.36,335.36,20.15,18.36,Success
Panshet,15/04/2024,08:00 स.,9.0,301.61,310.61,57.3,66.3,19.0,18.59,Success
Temghar,15/04/2024,08:00 स.,2.95,105.01,107.96,4.82,7.77,4.59,5.31,Success
Gunjawani,14/04/2024,08:00 स.,0.21,104.48,104.69,20.75,20.96,19.86,26.82,Success
Khadakwasla,14/04/2024,08:00 स.,30.0,55.91,85.91,25.22,55.22,45.11,60.66,Success
Mulshi,14/04/2024,08:00 स.,230.0,522.76,752.76,105.36,335.36,20.15,18.36,Success
Panshet,14/04/2024,08:00 स.,9.0,301.61,310.61,57.3,66.3,19.0,18.59,Success
Temghar,14/04/2024,08:00 स.,2.95,105.01,107.96,4.82,7.77,4.59,5.31,Success
Gunjawani,13/04/2024,08:00 स.,0.21,104.48,104.69,20.75,20.96,19.86,26.82,Success
Khadakwasla,13/04/2024,08:00 स.,30.0,55.91,85.91,25.22,55.22,45.11,60.66,Success
Mulshi,13/04/2024,08:00 स.,230.0,522.76,752.76,105.36,335.36,20.15,18.36,Success
Panshet,13/04/2024,08:00 स.,9.0,301.61,310.61,57.3,66.3,19.0,18.59,Success
Temghar,13/04/2024,08:00 स.,2.95,105.01,107.96,4.82,7.77,4.59,5.31,Success
Gunjawani,12/04/2024,08:00 स.,0.21,104.48,104.69,20.75,20.96,19.86,26.82,Success
Khadakwasla,12/04/2024,08:00 स.,30.0,55.91,85.91,25.22,55.22,45.11,60.66,Success
Mulshi,12/04/2024,08:00 स.,230.0,522.76,752.76,105.36,335.36,20.15,18.36,Success
Panshet,12/04/2024,08:00 स.,9.0,301.61,310.61,57.3,66.3,19.0,18.59,Success
Temghar,12/04/2024,08:00 स.,2.95,105.01,107.96,4.82,7.77,4.59,5.31,Success
Gunjawani,11/04/2024,08:00 स.,0.21,104.48,104.69,20.75,20.96,19.86,26.82,Success
Khadakwasla,11/04/2024,08:00 स.,30.0,55.91,85.91,25.22,55.22,45.11,60.66,Success
Mulshi,11/04/2024,08:00 स.,230.0,522.76,752.76,105.36,335.36,20.15,18.36,Success
Panshet,11/04/2024,08:00 स.,9.0,301.61,310.61,57.3,66.3,19.0,18.59,Success
Temghar,11/04/2024,08:00 स.,2.95,105.01,107.96,4.82,7.77,4.59,5.31,Success
Gunjawani,10/04/2024,08:00 स.,0.21,104.48,104.69,20.75,20.96,19.86,26.82,Success
Khadakwasla,10/04/2024,08:00 स.,30.0,55.91,85.91,25.22,55.22,45.11,60.66,Success
Mulshi,10/04/2024,08:00 स.,230.0,522.76,752.76,105.36,335.36,20.15,18.36,Success
Panshet,10/04/2024,08:00 स.,9.0,301.61,310.61,57.3,66.3,19.0,18.59,Success
Temghar,10/04/2024,08:00 स.,2.95,105.01,107.96,4.82,7.77,4.59,5.31,Success
Gunjawani,09/04/2024,08:00 स.,0.21,104.48,104.69,20.75,20.96,19.86,26.82,Success
Khadakwasla,09/04/2024,08:00 स.,30.0,55.91,85.91,25.22,55.22,45.11,60.66,Success
Mulshi,09/04/2024,08:00 स.,230.0,522.76,752.76,105.36,335.36,20.15,18.36,Success
Panshet,09/04/2024,08:00 स.,9.0,301.61,310.61,57.3,66.3,19.0,18.59,Success
Temghar,09/04/2024,08:00 स.,2.95,105.01,107.96,4.82,7.77,4.59,5.31,Success
Gunjawani,08/04/2024,08:00 स.,0.21,104.48,104.69,20.75,20.96,19.86,26.82,Success
Khadakwasla,08/04/2024,08:00 स.,30.0,55.91,85.91,25.22,55.22,45.11,60.66,Success
Mulshi,08/04/2024,08:00 स.,230.0,522.76,752.76,105.36,335.36,20.15,18.36,Success
Panshet,08/04/2024,08:00 स.,9.0,301.61,310.61,57.3,66.3,19.0,18.59,Success
Temghar,08/04/2024,08:00 स.,2.95,105.01,107.96,4.82,7.77,4.59,5.31,Success
Gunjawani,07/04/2024,08:00 स.,0.21,104.48,104.69,20.75,20.96,19.86,26.82,Success
Khadakwasla,07/04/2024,08:00 स.,30.0,55.91,85.91,25.22,55.22,45.11,60.66,Success
Mulshi,07/04/2024,08:00 स.,230.0,522.76,752.76,105.36,335.36,20.15,18.36,Success
Panshet,07/04/2024,08:00 स.,9.0,301.61,310.61,57.3,66.3,19.0,18.59,Success
Temghar,07/04/2024,08:00 स.,2.95,105.01,107.96,4.82,7.77,4.59,5.31,Success
Gunjawani,06/04/2024,08:00 स.,0.21,104.48,104.69,20.75,20.96,19.86,26.82,Success
Khadakwasla,06/04/2024,08:00 स.,30.0,55.91,85.91,25.22,55.22,45.11,60.66,Success
Mulshi,06/04/2024,08:00 स.,230.0,522.76,752.76,105.36,335.36,20.15,18.36,Success
Panshet,06/04/2024,08:00 स.,9.0,301.61,310.61,57.3,66.3,19.0,18.59,Success
Temghar,06/04/2024,08:00 स.,2.95,105.01,107.96,4.82,7.77,4.59,5.31,Success
Gunjawani,05/04/2024,08:00 स.,0.21,104.48,104.69,20.75,20.96,19.86,26.82,Success
Khadakwasla,05/04/2024,08:00 स.,30.0,55.91,85.91,25.22,55.22,45.11,60.66,Success
Mulshi,05/04/2024,08:00 स.,230.0,522.76,752.76,105.36,335.36,20.15,18.36,Success
Panshet,05/04/2024,08:00 स.,9.0,301.61,310.61,57.3,66.3,19.0,18.59,Success
Temghar,05/04/2024,08:00 स.,2.95,105.01,107.96,4.82,7.77,4.59,5.31,Success
Gunjawani,04/04/2024,08:00 स.,0.21,104.48,104.69,20.75,20.96,19.86,26.82,Success
Khadakwasla,04/04/2024,08:00 स.,30.0,55.91,85.91,25.22,55.22,45.11,60.66,Success
Mulshi,04/04/2024,08:00 स.,230.0,522.76,752.76,105.36,335.36,20.15,18.36,Success
Panshet,04/04/2024,08:00 स.,9.0,301.61,310.61,57.3,66.3,19.0,18.59,Success
Temghar,04/04/2024,08:00 स.,2.95,105.01,107.96,4.82,7.77,4.59,5.31,Success
Gunjawani,03/04/2024,08:00 स.,0.21,104.48,104.69,20.75,20.96,19.86,26.82,Success
Khadakwasla,03/04/2024,08:00 स.,30.0,55.91,85.91,25.22,55.22,45.11,60.66,Success
Mulshi,03/04/2024,08:00 स.,230.0,522.76,752.76,105.36,335.36,20.15,18.36,Success
Panshet,03/04/2024,08:00 स.,9.0,301.61,310.61,57.3,66.3,19.0,18.59,Success
Temghar,03/04/2024,08:00 स.,2.95,105.01,107.96,4.82,7.77,4.59,5.31,Success
Gunjawani,02/04/2024,08:00 स.,0.21,104.48,104.69,20.75,20.96,19.86,26.82,Success
Khadakwasla,02/04/2024,08:00 स.,30.0,55.91,85.91,25.22,55.22,45.11,60.66,Success
Mulshi,02/04/2024,08:00 स.,230.0,522.76,752.76,105.36,335.36,20.15,18.36,Success
Panshet,02/04/2024,08:00 स.,9.0,301.61,310.61,57.3,66.3,19.0,18.59,Success
Temghar,02/04/2024,08:00 स.,2.95,105.01,107.96,4.82,7.77,4.59,5.31,Success
Gunjawani,01/04/2024,08:00 स.,0.21,104.48,104.69,20.75,20.96,19.86,26.82,Success
Khadakwasla,01/04/2024,08:00 स.,30.0,55.91,85.91,25.22,55.22,45.11,60.66,Success
Mulshi,01/04/2024,08:00 स.,230.0,522.76,752.76,105.36,335.36,20.15,18.36,Success
Panshet,01/04/2024,08:00 स.,9.0,301.61,310.61,57.3,66.3,19.0,18.59,Success
Temghar,01/04/2024,08:00 स.,2.95,105.01,107.96,4.82,7.77,4.59,5.31,Success
Gunjawani,31/03/2024,08:00 स.,0.21,104.48,104.69,20.75,20.96,19.86,26.82,Success
Khadakwasla,31/03/2024,08:00 स.,30.0,55.91,85.91,25.22,55.22,45.11,60.66,Success
Mulshi,31/03/2024,08:00 स.,230.0,522.76,752.76,105.36,335.36,20.15,18.36,Success
Panshet,31/03/2024,08:00 स.,9.0,301.61,310.61,57.3,66.3,19.0,18.59,Success
Temghar,31/03/2024,08:00 स.,2.95,105.01,107.96,4.82,7.77,4.59,5.31,Success
Gunjawani,30/03/2024,08:00 स.,0.21,104.48,104.69,20.75,20.96,19.86,26.82,Success
Khadakwasla,30/03/2024,08:00 स.,30.0,55.91,85.91,25.22,55.22,45.11,60.66,Success
Mulshi,30/03/2024,08:00 स.,230.0,522.76,752.76,105.36,335.36,20.15,18.36,Success
Panshet,30/03/2024,08:00 स.,9.0,301.61,310.61,57.3,66.3,19.0,18.59,Success
Temghar,30/03/2024,08:00 स.,2.95,105.01,107.96,4.82,7.77,4.59,5.31,Success
Gunjawani,29/03/2024,08:00 स.,0.21,104.48,104.69,20.75,20.96,19.86,26.82,Success
Khadakwasla,29/03/2024,08:00 स.,30.0,55.91,85.91,25.22,55.22,45.11,60.66,Success
Mulshi,29/03/2024,08:00 स.,230.0,522.76,752.76,105.36,335.36,20.15,18.36,Success
Panshet,29/03/2024,08:00 स.,9.0,301.61,310.61,57.3,66.3,19.0,18.59,Success
Temghar,29/03/2024,08:00 स.,2.95,105.01,107.96,4.82,7.77,4.59,5.31,Success
Gunjawani,28/03/2024,08:00 स.,0.21,104.48,104.69,20.75,20.96,19.86,26.82,Success
Khadakwasla,28/03/2024,08:00 स.,30.0,55.91,85.91,25.22,55.22,45.11,60.66,Success
Mulshi,28/03/2024,08:00 स.,230.0,522.76,752.76,105.36,335.36,20.15,18.36,Success
Panshet,28/03/2024,08:00 स.,9.0,301.61,310.61,57.3,66.3,19.0,18.59,Success
Temghar,28/03/2024,08:00 स.,2.95,105.01,107.96,4.82,7.77,4.59,5.31,Success
Gunjawani,27/03/2024,08:00 स.,0.21,104.48,104.69,20.75,20.96,19.86,26.82,Success
Khadakwasla,27/03/2024,08:00 स.,30.0,55.91,85.91,25.22,55.22,45.11,60.66,Success
Mulshi,27/03/2024,08:00 स.,230.0,522.76,752.76,105.36,335.36,20.15,18.36,Success
Panshet,27/03/2024,08:00 स.,9.0,301.61,310.61,57.3,66.3,19.0,18.59,Success
Temghar,27/03/2024,08:00 स.,2.95,105.01,107.96,4.82,7.77,4.59,5.31,Success
Gunjawani,26/03/2024,08:00 स.,0.21,104.48,104.69,20.75,20.96,19.86,26.82,Success
Khadakwasla,26/03/2024,08:00 स.,30.0,55.91,85.91,25.22,55.22,45.11,60.66,Success
Mulshi,26/03/2024,08:00 स.,230.0,522.76,752.76,105.36,335.36,20.15,18.36,Success
Panshet,26/03/2024,08:00 स.,9.0,301.61,310.61,57.3,66.3,19.0,18.59,Success
Temghar,26/03/2024,08:00 स.,2.95,105.01,107.96,4.82,7.77,4.59,5.31,Success
Gunjawani,25/03/2024,08:00 स.,0.21,104.48,104.69,20.75,20.96,19.86,26.82,Success
Khadakwasla,25/03/2024,08:00 स.,30.0,55.91,85.91,25.22,55.22,45.11,60.66,Success
Mulshi,25/03/2024,08:00 स.,230.0,522.76,752.76,105.36,335.36,20.15,18.36,Success
Panshet,25/03/2024,08:00 स.,9.0,301.61,310.61,57.3,66.3,19.0,18.59,Success
Temghar,25/03/2024,08:00 स.,2.95,105.01,107.96,4.82,7.77,4.59,5.31,Success
Gunjawani,24/03/2024,08:00 स.,0.21,104.48,104.69,20.75,20.96,19.86,26.82,Success
Khadakwasla,24/03/2024,08:00 स.,30.0,55.91,85.91,25.22,55.22,45.11,60.66,Success
Mulshi,24/03/2024,08:00 स.,230.0,522.76,752.76,105.36,335.36,20.15,18.36,Success
Panshet,24/03/2024,08:00 स.,9.0,301.61,310.61,57.3,66.3,19.0,18.59,Success
Temghar,24/03/2024,08:00 स.,2.95,105.01,107.96,4.82,7.77,4.59,5.31,Success
Gunjawani,23/03/2024,08:00 स.,0.21,104.48,104.69,20.75,20.96,19.86,26.82,Success
Khadakwasla,23/03/2024,08:00 स.,30.0,55.91,85.91,25.22,55.22,45.11,60.66,Success
Mulshi,23/03/2024,08:00 स.,230.0,522.76,752.76,105.36,335.36,20.15,18.36,Success
Panshet,23/03/2024,08:00 स.,9.0,301.61,310.61,57.3,66.3,19.0,18.59,Success
Temghar,23/03/2024,08:00 स.,2.95,105.01,107.96,4.82,7.77,4.59,5.31,Success
Gunjawani,22/03/2024,08:00 स.,0.21,104.48,104.69,20.75,20.96,19.86,26.82,Success
Khadakwasla,22/03/2024,08:00 स.,30.0,55.91,85.91,25.22,55.22,45.11,60.66,Success
Mulshi,22/03/2024,08:00 स.,230.0,522.76,752.76,105.36,335.36,20.15,18.36,Success
Panshet,22/03/2024,08:00 स.,9.0,301.61,310.61,57.3,66.3,19.0,18.59,Success
Temghar,22/03/2024,08:00 स.,2.95,105.01,107.96,4.82,7.77,4.59,5.31,Success
Gunjawani,21/03/2024,08:00 स.,0.21,104.48,104.69,20.75,20.96,19.86,26.82,Success
Khadakwasla,21/03/2024,08:00 स.,30.0,55.91,85.91,25.22,55.22,45.11,60.66,Success
Mulshi,21/03/2024,08:00 स.,230.0,522.76,752.76,105.36,335.36,20.15,18.36,Success
Panshet,21/03/2024,08:00 स.,9.0,301.61,310.61,57.3,66.3,19.0,18.59,Success
Temghar,21/03/2024,08:00 स.,2.95,105.01,107.96,4.82,7.77,4.59,5.31,Success
Gunjawani,20/03/2024,08:00 स.,0.21,104.48,104.69,20.75,20.96,19.86,26.82,Success
Khadakwasla,20/03/2024,08:00 स.,30.0,55.91,85.91,25.22,55.22,45.11,60.66,Success
Mulshi,20/03/2024,08:00 स.,230.0,522.76,752.76,105.36,335.36,20.15,18.36,Success
Panshet,20/03/2024,08:00 स.,9.0,301.61,310.61,57.3,66.3,19.0,18.59,Success
Temghar,20/03/2024,08:00 स.,2.95,105.01,107.96,4.82,7.77,4.59,5.31,Success
Gunjawani,19/03/2024,08:00 स.,0.21,104.48,104.69,20.75,20.96,19.86,26.82,Success
Khadakwasla,19/03/2024,08:00 स.,30.0,55.91,85.91,25.22,55.22,45.11,60.66,Success
Mulshi,19/03/2024,08:00 स.,230.0,522.76,752.76,105.36,335.36,20.15,18.36,Success
Panshet,19/03/2024,08:00 स.,9.0,301.61,310.61,57.3,66.3,19.0,18.59,Success
Temghar,19/03/2024,08:00 स.,2.95,105.01,107.96,4.82,7.77,4.59,5.31,Success
Gunjawani,18/03/2024,08:00 स.,0.21,104.48,104.69,20.75,20.96,19.86,26.82,Success
Khadakwasla,18/03/2024,08:00 स.,30.0,55.91,85.91,25.22,55.22,45.11,60.66,Success
Mulshi,18/03/2024,08:00 स.,230.0,522.76,752.76,105.36,335.36,20.15,18.36,Success
Panshet,18/03/2024,08:00 स.,9.0,301.61,310.61,57.3,66.3,19.0,18.59,Success
Temghar,18/03/2024,08:00 स.,2.95,105.01,107.96,4.82,7.77,4.59,5.31,Success
Gunjawani,17/03/2024,08:00 स.,0.21,104.48,104.69,20.75,20.96,19.86,26.82,Success
Khadakwasla,17/03/2024,08:00 स.,30.0,55.91,85.91,25.22,55.22,45.11,60.66,Success
Mulshi,17/03/2024,08:00 स.,230.0,522.76,752.76,105.36,335.36,20.15,18.36,Success
Panshet,17/03/2024,08:00 स.,9.0,301.61,310.61,57.3,66.3,19.0,18.59,Success
Temghar,17/03/2024,08:00 स.,2.95,105.01,107.96,4.82,7.77,4.59,5.31,Success
Gunjawani,16/03/2024,08:00 स.,0.21,104.48,104.69,20.75,20.96,19.86,26.82,Success
Khadakwasla,16/03/2024,08:00 स.,30.0,55.91,85.91,25.22,55.22,45.11,60.66,Success
Mulshi,16/03/2024,08:00 स.,230.0,522.76,752.76,105.36,335.36,20.15,18.36,Success
Panshet,16/03/2024,08:00 स.,9.0,301.61,310.61,57.3,66.3,19.0,18.59,Success
Temghar,16/03/2024,08:00 स.,2.95,105.01,107.96,4.82,7.77,4.59,5.31,Success
Gunjawani,15/03/2024,08:00 स.,0.21,104.48,104.69,20.75,20.96,19.86,26.82,Success
Khadakwasla,15/03/2024,08:00 स.,30.0,55.91,85.91,25.22,55.22,45.11,60.66,Success
Mulshi,15/03/2024,08:00 स.,230.0,522.76,752.76,105.36,335.36,20.15,18.36,Success
Panshet,15/03/2024,08:00 स.,9.0,301.61,310.61,57.3,66.3,19.0,18.59,Success
Temghar,15/03/2024,08:00 स.,2.95,105.01,107.96,4.82,7.77,4.59,5.31,Success
Gunjawani,14/03/2024,08:00 स.,0.21,104.48,104.69,20.75,20.96,19.86,26.82,Success
Khadakwasla,14/03/2024,08:00 स.,30.0,55.91,85.91,25.22,55.22,45.11,60.66,Success
Mulshi,14/03/2024,08:00 स.,230.0,522.76,752.76,105.36,335.36,20.15,18.36,Success
Panshet,14/03/2024,08:00 स.,9.0,301.61,310.61,57.3,66.3,19.0,18.59,Success
Temghar,14/03/2024,08:00 स.,2.95,105.01,107.96,4.82,7.77,4.59,5.31,Success
Gunjawani,13/03/2024,08:00 स.,0.21,104.48,104.69,20.75,20.96,19.86,26.82,Success
Khadakwasla,13/03/2024,08:00 स.,30.0,55.91,85.91,25.22,55.22,45.11,60.66,Success
Mulshi,13/03/2024,08:00 स.,230.0,522.76,752.76,105.36,335.36,20.15,18.36,Success
Panshet,13/03/2024,08:00 स.,9.0,301.61,310.61,57.3,66.3,19.0,18.59,Success
Temghar,13/03/2024,08:00 स.,2.95,105.01,107.96,4.82,7.77,4.59,5.31,Success
Gunjawani,12/03/2024,08:00 स.,0.21,104.48,104.69,20.75,20.96,19.86,26.82,Success
Khadakwasla,12/03/2024,08:00 स.,30.0,55.91,85.91,25.22,55.22,45.11,60.66,Success
Mulshi,12/03/2024,08:00 स.,230.0,522.76,752.76,105.36,335.36,20.15,18.36,Success
Panshet,12/03/2024,08:00 स.,9.0,301.61,310.61,57.3,66.3,19.0,18.59,Success
Temghar,12/03/2024,08:00 स.,2.95,105.01,107.96,4.82,7.77,4.59,5.31,Success
Gunjawani,11/03/2024,08:00 स.,0.21,104.48,104.69,20.75,20.96,19.86,26.82,Success
Khadakwasla,11/03/2024,08:00 स.,30.0,55.91,85.91,25.22,55.22,45.11,60.66,Success
Mulshi,11/03/2024,08:00 स.,230.0,522.76,752.76,105.36,335.36,20.15,18.36,Success
Panshet,11/03/2024,08:00 स.,9.0,301.61,310.61,57.3,66.3,19.0,18.59,Success
Temghar,11/03/2024,08:00 स.,2.95,105.01,107.96,4.82,7.77,4.59,5.31,Success
Gunjawani,10/03/2024,08:00 स.,0.21,104.48,104.69,20.75,20.96,19.86,26.82,Success
Khadakwasla,10/03/2024,08:00 स.,30.0,55.91,85.91,25.22,55.22,45.11,60.66,Success
Mulshi,10/03/2024,08:00 स.,230.0,522.76,752.76,105.36,335.36,20.15,18.36,Success
Panshet,10/03/2024,08:00 स.,9.0,301.61,310.61,57.3,66.3,19.0,18.59,Success
Temghar,10/03/2024,08:00 स.,2.95,105.01,107.96,4.82,7.77,4.59,5.31,Success
Gunjawani,09/03/2024,08:00 स.,0.21,104.48,104.69,20.75,20.96,19.86,26.82,Success
Khadakwasla,09/03/2024,08:00 स.,30.0,55.91,85.91,25.22,55.22,45.11,60.66,Success
Mulshi,09/03/2024,08:00 स.,230.0,522.76,752.76,105.36,335.36,20.15,18.36,Success
Panshet,09/03/2024,08:00 स.,9.0,301.61,310.61,57.3,66.3,19.0,18.59,Success
Temghar,09/03/2024,08:00 स.,2.95,105.01,107.96,4.82,7.77,4.59,5.31,Success
Gunjawani,08/03/2024,08:00 स.,0.21,104.48,104.69,20.75,20.96,19.86,26.82,Success
Khadakwasla,08/03/2024,08:00 स.,30.0,55.91,85.91,25.22,55.22,45.11,60.66,Success
Mulshi,08/03/2024,08:00 स.,230.0,522.76,752.76,105.36,335.36,20.15,18.36,Success
Panshet,08/03/2024,08:00 स.,9.0,301.61,310.61,57.3,66.3,19.0,18.59,Success
Temghar,08/03/2024,08:00 स.,2.95,105.01,107.96,4.82,7.77,4.59,5.31,Success
Gunjawani,07/03/2024,08:00 स.,0.21,104.48,104.69,20.75,20.96,19.86,26.82,Success
Khadakwasla,07/03/2024,08:00 स.,30.0,55.91,85.91,25.22,55.22,45.11,60.66,Success
Mulshi,07/03/2024,08:00 स.,230.0,522.76,752.76,105.36,335.36,20.15,18.36,Success
Panshet,07/03/2024,08:00 स.,9.0,301.61,310.61,57.3,66.3,19.0,18.59,Success
Temghar,07/03/2024,08:00 स.,2.95,105.01,107.96,4.82,7.77,4.59,5.31,Success
Gunjawani,06/03/2024,08:00 स.,0.21,104.48,104.69,20.75,20.96,19.86,26.82,Success
Khadakwasla,06/03/2024,08:00 स.,30.0,55.91,85.91,25.22,55.22,45.11,60.66,Success
Mulshi,06/03/2024,08:00 स.,230.0,522.76,752.76,105.36,335.36,20.15,18.36,Success
Panshet,06/03/2024,08:00 स.,9.0,301.61,310.61,57.3,66.3,19.0,18.59,Success
Temghar,06/03/2024,08:00 स.,2.95,105.01,107.96,4.82,7.77,4.59,5.31,Success
Gunjawani,05/03/2024,08:00 स.,0.21,104.48,104.69,20.75,20.96,19.86,26.82,Success
Khadakwasla,05/03/2024,08:00 स.,30.0,55.91,85.91,25.22,55.22,45.11,60.66,Success
Mulshi,05/03/2024,08:00 स.,230.0,522.76,752.76,105.36,335.36,20.15,18.36,Success
Panshet,05/03/2024,08:00 स.,9.0,301.61,310.61,57.3,66.3,19.0,18.59,Success
Temghar,05/03/2024,08:00 स.,2.95,105.01,107.96,4.82,7.77,4.59,5.31,Success
Gunjawani,04/03/2024,08:00 स.,0.21,104.48,104.69,20.75,20.96,19.86,26.82,Success
Khadakwasla,04/03/2024,08:00 स.,30.0,55.91,85.91,25.22,55.22,45.11,60.66,Success
Mulshi,04/03/2024,08:00 स.,230.0,522.76,752.76,105.36,335.36,20.15,18.36,Success
Panshet,04/03/2024,08:00 स.,9.0,301.61,310.61,57.3,66.3,19.0,18.59,Success
Temghar,04/03/2024,08:00 स.,2.95,105.01,107.96,4.82,7.77,4.59,5.31,Success
Gunjawani,03/03/2024,08:00 स.,0.21,104.48,104.69,20.75,20.96,19.86,26.82,Success
Khadakwasla,03/03/2024,08:00 स.,30.0,55.91,85.91,25.22,55.22,45.11,60.66,Success
Mulshi,03/03/2024,08:00 स.,230.0,522.76,752.76,105.36,335.36,20.15,18.36,Success
Panshet,03/03/2024,08:00 स.,9.0,301.61,310.61,57.3,66.3,19.0,18.59,Success
Temghar,03/03/2024,08:00 स.,2.95,105.01,107.96,4.82,7.77,4.59,5.31,Success
Gunjawani,02/03/2024,08:00 स.,0.21,104.48,104.69,20.75,20.96,19.86,26.82,Success
Khadakwasla,02/03/2024,08:00 स.,30.0,55.91,85.91,25.22,55.22,45.11,60.66,Success
Mulshi,02/03/2024,08:00 स.,230.0,522.76,752.76,105.36,335.36,20.15,18.36,Success
Panshet,02/03/2024,08:00 स.,9.0,301.61,310.61,57.3,66.3,19.0,18.59,Success
Temghar,02/03/2024,08:00 स.,2.95,105.01,107.96,4.82,7.77,4.59,5.31,Success
Gunjawani,01/03/2024,08:00 स.,0.21,104.48,104.69,20.75,20.96,19.86,26.82,Success
Khadakwasla,01/03/2024,08:00 स.,30.0,55.91,85.91,25.22,55.22,45.11,60.66,Success
Mulshi,01/03/2024,08:00 स.,230.0,522.76,752.76,105.36,335.36,20.15,18.36,Success
Panshet,01/03/2024,08:00 स.,9.0,301.61,310.61,57.3,66.3,19.0,18.59,Success
Temghar,01/03/2024,08:00 स.,2.95,105.01,107.96,4.82,7.77,4.59,5.31,Success
Gunjawani,29/02/2024,08:00 स.,0.21,104.48,104.69,20.75,20.96,19.86,26.82,Success
Khadakwasla,29/02/2024,08:00 स.,30.0,55.91,85.91,25.22,55.22,45.11,60.66,Success
Mulshi,29/02/2024,08:00 स.,230.0,522.76,752.76,105.36,335.36,20.15,18.36,Success
Panshet,29/02/2024,08:00 स.,9.0,301.61,310.61,57.3,66.3,19.0,18.59,Success
Temghar,29/02/2024,08:00 स.,2.95,105.01,107.96,4.82,7.77,4.59,5.31,Success
Gunjawani,28/02/2024,08:00 स.,0.21,104.48,104.69,20.75,20.96,19.86,26.82,Success
Khadakwasla,28/02/2024,08:00 स.,30.0,55.91,85.91,25.22,55.22,45.11,60.66,Success
Mulshi,28/02/2024,08:00 स.,230.0,522.76,752.76,105.36,335.36,20.15,18.36,Success
Panshet,28/02/2024,08:00 स.,9.0,301.61,310.61,57.3,66.3,19.0,18.59,Success
Temghar,28/02/2024,08:00 स.,2.95,105.01,107.96,4.82,7.77,4.59,5.31,Success
Gunjawani,27/02/2024,08:00 स.,0.21,104.48,104.69,20.75,20.96,19.86,26.82,Success
Khadakwasla,27/02/2024,08:00 स.,30.0,55.91,85.91,25.22,55.22,45.11,60.66,Success
Mulshi,27/02/2024,08:00 स.,230.0,522.76,752.76,105.36,335.36,20.15,18.36,Success
Panshet,27/02/2024,08:00 स.,9.0,301.61,310.61,57.3,66.3,19.0,18.59,Success
Temghar,27/02/2024,08:00 स.,2.95,105.01,107.96,4.82,7.77,4.59,5.31,Success
Gunjawani,26/02/2024,08:00 स.,0.21,104.48,104.69,20.75,20.96,19.86,26.82,Success
Khadakwasla,26/02/2024,08:00 स.,30.0,55.91,85.91,25.22,55.22,45.11,60.66,Success
Mulshi,26/02/2024,08:00 स.,230.0,522.76,752.76,105.36,335.36,20.15,18.36,Success
Panshet,26/02/2024,08:00 स.,9.0,301.61,310.61,57.3,66.3,19.0,18.59,Success
Temghar,26/02/2024,08:00 स.,2.95,105.01,107.96,4.82,7.77,4.59,5.31,Success
Gunjawani,25/02/2024,08:00 स.,0.21,104.48,104.69,20.75,20.96,19.86,26.82,Success
Khadakwasla,25/02/2024,08:00 स.,30.0,55.91,85.91,25.22,55.22,45.11,60.66,Success
Mulshi,25/02/2024,08:00 स.,230.0,522.76,752.76,105.36,335.36,20.15,18.36,Success
Panshet,25/02/2024,08:00 स.,9.0,301.61,310.61,57.3,66.3,19.0,18.59,Success
Temghar,25/02/2024,08:00 स.,2.95,105.01,107.96,4.82,7.77,4.59,5.31,Success
Gunjawani,24/02/2024,08:00 स.,0.21,104.48,104.69,20.75,20.96,19.86,26.82,Success
Khadakwasla,24/02/2024,08:00 स.,30.0,55.91,85.91,25.22,55.22,45.11,60.66,Success
Mulshi,24/02/2024,08:00 स.,230.0,522.76,752.76,105.36,335.36,20.15,18.36,Success
Panshet,24/02/2024,08:00 स.,9.0,301.61,310.61,57.3,66.3,19.0,18.59,Success
Temghar,24/02/2024,08:00 स.,2.95,105.01,107.96,4.82,7.77,4.59,5.31,Success
Gunjawani,23/02/2024,08:00 स.,0.21,104.48,104.69,20.75,20.96,19.86,26.82,Success
Khadakwasla,23/02/2024,08:00 स.,30.0,55.91,85.91,25.22,55.22,45.11,60.66,Success
Mulshi,23/02/2024,08:00 स.,230.0,522.76,752.76,105.36,335.36,20.15,18.36,Success
Panshet,23/02/2024,08:00 स.,9.0,301.61,310.61,57.3,66.3,19.0,18.59,Success
Temghar,23/02/2024,08:00 स.,2.95,105.01,107.96,4.82,7.77,4.59,5.31,Success
Gunjawani,22/02/2024,08:00 स.,0.21,104.48,104.69,20.75,20.96,19.86,26.82,Success
Khadakwasla,22/02/2024,08:00 स.,30.0,55.91,85.91,25.22,55.22,45.11,60.66,Success
Mulshi,22/02/2024,08:00 स.,230.0,522.76,752.76,105.36,335.36,20.15,18.36,Success
Panshet,22/02/2024,08:00 स.,9.0,301.61,310.61,57.3,66.3,19.0,18.59,Success
Temghar,22/02/2024,08:00 स.,2.95,105.01,107.96,4.82,7.77,4.59,5.31,Success
Gunjawani,21/02/2024,08:00 स.,0.21,104.48,104.69,20.75,20.96,19.86,26.82,Success
Khadakwasla,21/02/2024,08:00 स.,30.0,55.91,85.91,25.22,55.22,45.11,60.66,Success
Mulshi,21/02/2024,08:00 स.,230.0,522.76,752.76,105.36,335.36,20.15,18.36,Success
Panshet,21/02/2024,08:00 स.,9.0,301.61,310.61,57.3,66.3,19.0,18.59,Success
Temghar,21/02/2024,08:00 स.,2.95,105.01,107.96,4.82,7.77,4.59,5.31,Success
Gunjawani,20/02/2024,08:00 स.,0.21,104.48,104.69,20.75,20.96,19.86,26.82,Success
Khadakwasla,20/02/2024,08:00 स.,30.0,55.91,85.91,25.22,55.22,45.11,60.66,Success
Mulshi,20/02/2024,08:00 स.,230.0,522.76,752.76,105.36,335.36,20.15,18.36,Success
Panshet,20/02/2024,08:00 स.,9.0,301.61,310.61,57.3,66.3,19.0,18.59,Success
Temghar,20/02/2024,08:00 स.,2.95,105.01,107.96,4.82,7.77,4.59,5.31,Success
Gunjawani,19/02/2024,08:00 स.,0.21,104.48,104.69,20.75,20.96,19.86,26.82,Success
Khadakwasla,19/02/2024,08:00 स.,30.0,55.91,85.91,25.22,55.22,45.11,60.66,Success
Mulshi,19/02/2024,08:00 स.,230.0,522.76,752.76,105.36,335.36,20.15,18.36,Success
Panshet,19/02/2024,08:00 स.,9.0,301.61,310.61,57.3,66.3,19.0,18.59,Success
Temghar,19/02/2024,08:00 स.,2.95,105.01,107.96,4.82,7.77,4.59,5.31,Success
Gunjawani,18/02/2024,08:00 स.,0.21,104.48,104.69,20.75,20.96,19.86,26.82,Success
Khadakwasla,18/02/2024,08:00 स.,30.0,55.91,85.91,25.22,55.22,45.11,60.66,Success
Mulshi,18/02/2024,08:00 स.,230.0,522.76,752.76,105.36,335.36,20.15,18.36,Success
Panshet,18/02/2024,08:00 स.,9.0,301.61,310.61,57.3,66.3,19.0,18.59,Success
Temghar,18/02/2024,08:00 स.,2.95,105.01,107.96,4.82,7.77,4.59,5.31,Success
Gunjawani,17/02/2024,08:00 स.,0.21,104.48,104.69,20.75,20.96,19.86,26.82,Success
Khadakwasla,17/02/2024,08:00 स.,30.0,55.91,85.91,25.22,55.22,45.11,60.66,Success
Mulshi,17/02/2024,08:00 स.,230.0,522.76,752.76,105.36,335.36,20.15,18.36,Success
Panshet,17/02/2024,08:00 स.,9.0,301.61,310.61,57.3,66.3,19.0,18.59,Success
Temghar,17/02/2024,08:00 स.,2.95,105.01,107.96,4.82,7.77,4.59,5.31,Success
Gunjawani,16/02/2024,08:00 स.,0.21,104.48,104.69,20.75,20.96,19.86,26.82,Success
Khadakwasla,16/02/2024,08:00 स.,30.0,55.91,85.91,25.22,55.22,45.11,60.66,Success
Mulshi,16/02/2024,08:00 स.,230.0,522.76,752.76,105.36,335.36,20.15,18.36,Success
Panshet,16/02/2024,08:00 स.,9.0,301.61,310.61,57.3,66.3,19.0,18.59,Success
Temghar,16/02/2024,08:00 स.,2.95,105.01,107.96,4.82,7.77,4.59,5.31,Success
Gunjawani,15/02/2024,08:00 स.,0.21,104.48,104.69,20.75,20.96,19.86,26.82,Success
Khadakwasla,15/02/2024,08:00 स.,30.0,55.91,85.91,25.22,55.22,45.11,60.66,Success
Mulshi,15/02/2024,08:00 स.,230.0,522.76,752.76,105.36,335.36,20.15,18.36,Success
Panshet,15/02/2024,08:00 स.,9.0,301.61,310.61,57.3,66.3,19.0,18.59,Success
Temghar,15/02/2024,08:00 स.,2.95,105.01,107.96,4.82,7.77,4.59,5.31,Success
Gunjawani,14/02/2024,08:00 स.,0.21,104.48,104.69,20.75,20.96,19.86,26.82,Success
Khadakwasla,14/02/2024,08:00 स.,30.0,55.91,85.91,25.22,55.22,45.11,60.66,Success
Mulshi,14/02/2024,08:00 स.,230.0,522.76,752.76,105.36,335.36,20.15,18.36,Success
Panshet,14/02/2024,08:00 स.,9.0,301.61,310.61,57.3,66.3,19.0,18.59,Success
Temghar,14/02/2024,08:00 स.,2.95,105.01,107.96,4.82,7.77,4.59,5.31,Success
Gunjawani,13/02/2024,08:00 स.,0.21,104.48,104.69,20.75,20.96,19.86,26.82,Success
Khadakwasla,13/02/2024,08:00 स.,30.0,55.91,85.91,25.22,55.22,45.11,60.66,Success
Mulshi,13/02/2024,08:00 स.,230.0,522.76,752.76,105.36,335.36,20.15,18.36,Success
Panshet,13/02/2024,08:00 स.,9.0,301.61,310.61,57.3,66.3,19.0,18.59,Success
Temghar,13/02/2024,08:00 स.,2.95,105.01,107.96,4.82,7.77,4.59,5.31,Success
Gunjawani,12/02/2024,08:00 स.,0.21,104.48,104.69,20.75,20.96,19.86,26.82,Success
Khadakwasla,12/02/2024,08:00 स.,30.0,55.91,85.91,25.22,55.22,45.11,60.66,Success
Mulshi,12/02/2024,08:00 स.,230.0,522.76,752.76,105.36,335.36,20.15,18.36,Success
Panshet,12/02/2024,08:00 स.,9.0,301.61,310.61,57.3,66.3,19.0,18.59,Success
Temghar,12/02/2024,08:00 स.,2.95,105.01,107.96,4.82,7.77,4.59,5.31,Success
Gunjawani,11/02/2024,08:00 स.,0.21,104.48,104.69,20.75,20.96,19.86,26.82,Success
Khadakwasla,11/02/2024,08:00 स.,30.0,55.91,85.91,25.22,55.22,45.11,60.66,Success
Mulshi,11/02/2024,08:00 स.,230.0,522.76,752.76,105.36,335.36,20.15,18.36,Success
Panshet,11/02/2024,08:00 स.,9.0,301.61,310.61,57.3,66.3,19.0,18.59,Success
Temghar,11/02/2024,08:00 स.,2.95,105.01,107.96,4.82,7.77,4.59,5.31,Success
Gunjawani,10/02/2024,08:00 स.,0.21,104.48,104.69,20.75,20.96,19.86,26.82,Success
Khadakwasla,10/02/2024,08:00 स.,30.0,55.91,85.91,25.22,55.22,45.11,60.66,Success
Mulshi,10/02/2024,08:00 स.,230.0,522.76,752.76,105.36,335.36,20.15,18.36,Success
Panshet,10/02/2024,08:00 स.,9.0,301.61,310.61,57.3,66.3,19.0,18.59,Success
Temghar,10/02/2024,08:00 स.,2.95,105.01,107.96,4.82,7.77,4.59,5.31,Success
Gunjawani,09/02/2024,08:00 स.,0.21,104.48,104.69,20.75,20.96,19.86,26.82,Success
Khadakwasla,09/02/2024,08:00 स.,30.0,55.91,85.91,25.22,55.22,45.11,60.66,Success
Mulshi,09/02/2024,08:00 स.,230.0,522.76,752.76,105.36,335.36,20.15,18.36,Success
Panshet,09/02/2024,08:00 स.,9.0,301.61,310.61,57.3,66.3,19.0,18.59,Success
Temghar,09/02/2024,08:00 स.,2.95,105.01,107.96,4.82,7.77,4.59,5.31,Success
Gunjawani,08/02/2024,08:00 स.,0.21,104.48,104.69,20.75,20.96,19.86,26.82,Success
Khadakwasla,08/02/2024,08:00 स.,30.0,55.91,85.91,25.22,55.22,45.11,60.66,Success
Mulshi,08/02/2024,08:00 स.,230.0,522.76,752.76,105.36,335.36,20.15,18.36,Success
Panshet,08/02/2024,08:00 स.,9.0,301.61,310.61,57.3,66.3,19.0,18.59,Success
Temghar,08/02/2024,08:00 स.,2.95,105.01,107.96,4.82,7.77,4.59,5.31,Success
Gunjawani,07/02/2024,08:00 स.,0.21,104.48,104.69,20.75,20.96,19.86,26.82,Success
Khadakwasla,07/02/2024,08:00 स.,30.0,55.91,85.91,25.22,55.22,45.11,60.66,Success
Mulshi,07/02/2024,08:00 स.,230.0,522.76,752.76,105.36,335.36,20.15,18.36,Success
Panshet,07/02/2024,08:00 स.,9.0,301.61,310.61,57.3,66.3,19.0,18.59,Success
Temghar,07/02/2024,08:00 स.,2.95,105.01,107.96,4.82,7.77,4.59,5.31,Success
Gunjawani,06/02/2024,08:00 स.,0.21,104.48,104.69,20.75,20.96,19.86,26.82,Success
Khadakwasla,06/02/2024,08:00 स.,30.0,55.91,85.91,25.22,55.22,45.11,60.66,Success
Mulshi,06/02/2024,08:00 स.,230.0,522.76,752.76,105.36,335.36,20.15,18.36,Success
Panshet,06/02/2024,08:00 स.,9.0,301.61,310.61,57.3,66.3,19.0,18.59,Success
Temghar,06/02/2024,08:00 स.,2.95,105.01,107.96,4.82,7.77,4.59,5.31,Success
Gunjawani,05/02/2024,08:00 स.,0.21,104.48,104.69,20.75,20.96,19.86,26.82,Success
Khadakwasla,05/02/2024,08:00 स.,30.0,55.91,85.91,25.22,55.22,45.11,60.66,Success
Mulshi,05/02/2024,08:00 स.,230.0,522.76,752.76,105.36,335.36,20.15,18.36,Success
Panshet,05/02/2024,08:00 स.,9.0,301.61,310.61,57.3,66.3,19.0,18.59,Success
Temghar,05/02/2024,08:00 स.,2.95,105.01,107.96,4.82,7.77,4.59,5.31,Success
Gunjawani,04/02/2024,08:00 स.,0.21,104.48,104.69,20.75,20.96,19.86,26.82,Success
Khadakwasla,04/02/2024,08:00 स.,30.0,55.91,85.91,25.22,55.22,45.11,60.66,Success
Mulshi,04/02/2024,08:00 स.,230.0,522.76,752.76,105.36,335.36,20.15,18.36,Success
Panshet,04/02/2024,08:00 स.,9.0,301.61,310.61,57.3,66.3,19.0,18.59,Success
Temghar,04/02/2024,08:00 स.,2.95,105.01,107.96,4.82,7.77,4.59,5.31,Success
Gunjawani,03/02/2024,08:00 स.,0.21,104.48,104.69,20.75,20.96,19.86,26.82,Success
Khadakwasla,03/02/2024,08:00 स.,30.0,55.91,85.91,25.22,55.22,45.11,60.66,Success
Mulshi,03/02/2024,08:00 स.,230.0,522.76,752.76,105.36,335.36,20.15,18.36,Success
Panshet,03/02/2024,08:00 स.,9.0,301.61,310.61,57.3,66.3,19.0,18.59,Success
Temghar,03/02/2024,08:00 स.,2.95,105.01,107.96,4.82,7.77,4.59,5.31,Success
Gunjawani,02/02/2024,08:00 स.,0.21,104.48,104.69,20.75,20.96,19.86,26.82,Success
Khadakwasla,02/02/2024,08:00 स.,30.0,55.91,85.91,25.22,55.22,45.11,60.66,Success
Mulshi,02/02/2024,08:00 स.,230.0,522.76,752.76,105.36,335.36,20.15,18.36,Success
Panshet,02/02/2024,08:00 स.,9.0,301.61,310.61,57.3,66.3,19.0,18.59,Success
Temghar,02/02/2024,08:00 स.,2.95,105.01,107.96,4.82,7.77,4.59,5.31,Success
Gunjawani,01/02/2024,08:00 स.,0.21,104.48,104.69,20.75,20.96,19.86,26.82,Success
Khadakwasla,01/02/2024,08:00 स.,30.0,55.91,85.91,25.22,55.22,45.11,60.66,Success
Mulshi,01/02/2024,08:00 स.,230.0,522.76,752.76,105.36,335.36,20.15,18.36,Success
Panshet,01/02/2024,08:00 स.,9.0,301.61,310.61,57.3,66.3,19.0,18.59,Success
Temghar,01/02/2024,08:00 स.,2.95,105.01,107.96,4.82,7.77,4.59,5.31,Success
Gunjawani,31/01/2024,08:00 स.,0.21,104.48,104.69,20.75,20.96,19.86,26.82,Success
Khadakwasla,31/01/2024,08:00 स.,30.0,55.91,85.91,25.22,55.22,45.11,60.66,Success
Mulshi,31/01/2024,08:00 स.,230.0,522.76,752.76,105.36,335.36,20.15,18.36,Success
Panshet,31/01/2024,08:00 स.,9.0,301.61,310.61,57.3,66.3,19.0,18.59,Success
Temghar,31/01/2024,08:00 स.,2.95,105.01,107.96,4.82,7.77,4.59,5.31,Success
Gunjawani,30/01/2024,08:00 स.,0.21,104.48,104.69,20.75,20.96,19.86,26.82,Success
Khadakwasla,30/01/2024,08:00 स.,30.0,55.91,85.91,25.22,55.22,45.11,60.66,Success
Mulshi,30/01/2024,08:00 स.,230.0,522.76,752.76,105.36,335.36,20.15,18.36,Success
Panshet,30/01/2024,08:00 स.,9.0,301.61,310.61,57.3,66.3,19.0,18.59,Success
Temghar,30/01/2024,08:00 स.,2.95,105.01,107.96,4.82,7.77,4.59,5.31,Success
Gunjawani,29/01/2024,08:00 स.,0.21,104.48,104.69,20.75,20.96,19.86,26.82,Success
Khadakwasla,29/01/2024,08:00 स.,30.0,55.91,85.91,25.22,55.22,45.11,60.66,Success
Mulshi,29/01/2024,08:00 स.,230.0,522.76,752.76,105.36,335.36,20.15,18.36,Success
Panshet,29/01/2024,08:00 स.,9.0,301.61,310.61,57.3,66.3,19.0,18.59,Success
Temghar,29/01/2024,08:00 स.,2.95,105.01,107.96,4.82,7.77,4.59,5.31,Success
Gunjawani,28/01/2024,08:00 स.,0.21,104.48,104.69,20.75,20.96,19.86,26.82,Success
Khadakwasla,28/01/2024,08:00 स.,30.0,55.91,85.91,25.22,55.22,45.11,60.66,Success
Mulshi,28/01/2024,08:00 स.,230.0,522.76,752.76,105.36,335.36,20.15,18.36,Success
Panshet,28/01/2024,08:00 स.,9.0,301.61,310.61,57.3,66.3,19.0,18.59,Success
Temghar,28/01/2024,08:00 स.,2.95,105.01,107.96,4.82,7.77,4.59,5.31,Success
Gunjawani,27/01/2024,08:00 स.,0.21,104.48,104.69,20.75,20.96,19.86,26.82,Success
Khadakwasla,27/01/2024,08:00 स.,30.0,55.91,85.91,25.22,55.22,45.11,60.66,Success
Mulshi,27/01/2024,08:00 स.,230.0,522.76,752.76,105.36,335.36,20.15,18.36,Success
Panshet,27/01/2024,08:00 स.,9.0,301.61,310.61,57.3,66.3,19.0,18.59,Success
Temghar,27/01/2024,08:00 स.,2.95,105.01,107.96,4.82,7.77,4.59,5.31,Success
Gunjawani,26/01/2024,08:00 स.,0.21,104.48,104.69,20.75,20.96,19.86,26.82,Success
Khadakwasla,26/01/2024,08:00 स.,30.0,55.91,85.91,25.22,55.22,45.11,60.66,Success
Mulshi,26/01/2024,08:00 स.,230.0,522.76,752.76,105.36,335.36,20.15,18.36,Success
Panshet,26/01/2024,08:00 स.,9.0,301.61,310.61,57.3,66.3,19.0,18.59,Success
Temghar,26/01/2024,08:00 स.,2.95,105.01,107.96,4.82,7.77,4.59,5.31,Success
Gunjawani,25/01/2024,08:00 स.,0.21,104.48,104.69,20.75,20.96,19.86,26.82,Success
Khadakwasla,25/01/2024,08:00 स.,30.0,55.91,85.91,25.22,55.22,45.11,60.66,Success
Mulshi,25/01/2024,08:00 स.,230.0,522.76,752.76,105.36,335.36,20.15,18.36,Success
Panshet,25/01/2024,08:00 स.,9.0,301.61,310.61,57.3,66.3,19.0,18.59,Success
Temghar,25/01/2024,08:00 स.,2.95,105.01,107.96,4.82,7.77,4.59,5.31,Success
Gunjawani,24/01/2024,08:00 स.,0.21,104.48,104.69,20.75,20.96,19.86,26.82,Success
Khadakwasla,24/01/2024,08:00 स.,30.0,55.91,85.91,25.22,55.22,45.11,60.66,Success
Mulshi,24/01/2024,08:00 स.,230.0,522.76,752.76,105.36,335.36,20.15,18.36,Success
Panshet,24/01/2024,08:00 स.,9.0,301.61,310.61,57.3,66.3,19.0,18.59,Success
Temghar,24/01/2024,08:00 स.,2.95,105.01,107.96,4.82,7.77,4.59,5.31,Success
Gunjawani,23/01/2024,08:00 स.,0.21,104.48,104.69,20.75,20.96,19.86,26.82,Success
Khadakwasla,23/01/2024,08:00 स.,30.0,55.91,85.91,25.22,55.22,45.11,60.66,Success
Mulshi,23/01/2024,08:00 स.,230.0,522.76,752.76,105.36,335.36,20.15,18.36,Success
Panshet,23/01/2024,08:00 स.,9.0,301.61,310.61,57.3,66.3,19.0,18.59,Success
Temghar,23/01/2024,08:00 स.,2.95,105.01,107.96,4.82,7.77,4.59,5.31,Success
Gunjawani,22/01/2024,08:00 स.,0.21,104.48,104.69,20.75,20.96,19.86,26.82,Success
Khadakwasla,22/01/2024,08:00 स.,30.0,55.91,85.91,25.22,55.22,45.11,60.66,Success
Mulshi,22/01/2024,08:00 स.,230.0,522.76,752.76,105.36,335.36,20.15,18.36,Success
Panshet,22/01/2024,08:00 स.,9.0,301.61,310.61,57.3,66.3,19.0,18.59,Success
Temghar,22/01/2024,08:00 स.,2.95,105.01,107.96,4.82,7.77,4.59,5.31,Success
Gunjawani,21/01/2024,08:00 स.,0.21,104.48,104.69,20.75,20.96,19.86,26.82,Success
Khadakwasla,21/01/2024,08:00 स.,30.0,55.91,85.91,25.22,55.22,45.11,60.66,Success
Mulshi,21/01/2024,08:00 स.,230.0,522.76,752.76,105.36,335.36,20.15,18.36,Success
Panshet,21/01/2024,08:00 स.,9.0,301.61,310.61,57.3,66.3,19.0,18.59,Success
Temghar,21/01/2024,08:00 स.,2.95,105.01,107.96,4.82,7.77,4.59,5.31,Success
Gunjawani,20/01/2024,08:00 स.,0.21,104.48,104.69,20.75,20.96,19.86,26.82,Success
Khadakwasla,20/01/2024,08:00 स.,30.0,55.91,85.91,25.22,55.22,45.11,60.66,Success
Mulshi,20/01/2024,08:00 स.,230.0,522.76,752.76,105.36,335.36,20.15,18.36,Success
Panshet,20/01/2024,08:00 स.,9.0,301.61,310.61,57.3,66.3,19.0,18.59,Success
Temghar,20/01/2024,08:00 स.,2.95,105.01,107.96,4.82,7.77,4.59,5.31,Success
Gunjawani,19/01/2024,08:00 स.,0.21,104.48,104.69,20.75,20.96,19.86,26.82,Success
Khadakwasla,19/01/2024,08:00 स.,30.0,55.91,85.91,25.22,55.22,45.11,60.66,Success
Mulshi,19/01/2024,08:00 स.,230.0,522.76,752.76,105.36,335.36,20.15,18.36,Success
Panshet,19/01/2024,08:00 स.,9.0,301.61,310.61,57.3,66.3,19.0,18.59,Success
Temghar,19/01/2024,08:00 स.,2.95,105.01,107.96,4.82,7.77,4.59,5.31,Success
Gunjawani,18/01/2024,08:00 स.,0.21,104.48,104.69,20.75,20.96,19.86,26.82,Success
Khadakwasla,18/01/2024,08:00 स.,30.0,55.91,85.91,25.22,55.22,45.11,60.66,Success
Mulshi,18/01/2024,08:00 स.,230.0,522.76,752.76,105.36,335.36,20.15,18.36,Success
Panshet,18/01/2024,08:00 स.,9.0,301.61,310.61,57.3,66.3,19.0,18.59,Success
Temghar,18/01/2024,08:00 स.,2.95,105.01,107.96,4.82,7.77,4.59,5.31,Success
Gunjawani,17/01/2024,08:00 स.,0.21,104.48,104.69,20.75,20.96,19.86,26.82,Success
Khadakwasla,17/01/2024,08:00 स.,30.0,55.91,85.91,25.22,55.22,45.11,60.66,Success
Mulshi,17/01/2024,08:00 स.,230.0,522.76,752.76,105.36,335.36,20.15,18.36,Success
Panshet,17/01/2024,08:00 स.,9.0,301.61,310.61,57.3,66.3,19.0,18.59,Success
Temghar,17/01/2024,08:00 स.,2.95,105.01,107.96,4.82,7.77,4.59,5.31,Success
Gunjawani,16/01/2024,08:00 स.,0.21,104.48,104.69,20.75,20.96,19.86,26.82,Success
Khadakwasla,16/01/2024,08:00 स.,30.0,55.91,85.91,25.22,55.22,45.11,60.66,Success
Mulshi,16/01/2024,08:00 स.,230.0,522.76,752.76,105.36,335.36,20.15,18.36,Success
Panshet,16/01/2024,08:00 स.,9.0,301.61,310.61,57.3,66.3,19.0,18.59,Success
Temghar,16/01/2024,08:00 स.,2.95,105.01,107.96,4.82,7.77,4.59,5.31,Success
Gunjawani,15/01/2024,08:00 स.,0.21,104.48,104.69,20.75,20.96,19.86,26.82,Success
Khadakwasla,15/01/2024,08:00 स.,30.0,55.91,85.91,25.22,55.22,45.11,60.66,Success
Mulshi,15/01/2024,08:00 स.,230.0,522.76,752.76,105.36,335.36,20.15,18.36,Success
Panshet,15/01/2024,08:00 स.,9.0,301.61,310.61,57.3,66.3,19.0,18.59,Success
Temghar,15/01/2024,08:00 स.,2.95,105.01,107.96,4.82,7.77,4.59,5.31,Success
Gunjawani,14/01/2024,08:00 स.,0.21,104.48,104.69,20.75,20.96,19.86,26.82,Success
Khadakwasla,14/01/2024,08:00 स.,30.0,55.91,85.91,25.22,55.22,45.11,60.66,Success
Mulshi,14/01/2024,08:00 स.,230.0,522.76,752.76,105.36,335.36,20.15,18.36,Success
Panshet,14/01/2024,08:00 स.,9.0,301.61,310.61,57.3,66.3,19.0,18.59,Success
Temghar,14/01/2024,08:00 स.,2.95,105.01,107.96,4.82,7.77,4.59,5.31,Success
Gunjawani,13/01/2024,08:00 स.,0.21,104.48,104.69,20.75,20.96,19.86,26.82,Success
Khadakwasla,13/01/2024,08:00 स.,30.0,55.91,85.91,25.22,55.22,45.11,60.66,Success
Mulshi,13/01/2024,08:00 स.,230.0,522.76,752.76,105.36,335.36,20.15,18.36,Success
Panshet,13/01/2024,08:00 स.,9.0,301.61,310.61,57.3,66.3,19.0,18.59,Success
Temghar,13/01/2024,08:00 स.,2.95,105.01,107.96,4.82,7.77,4.59,5.31,Success
Gunjawani,12/01/2024,08:00 स.,0.21,104.48,104.69,20.75,20.96,19.86,26.82,Success
Khadakwasla,12/01/2024,08:00 स.,30.0,55.91,85.91,25.22,55.22,45.11,60.66,Success
Mulshi,12/01/2024,08:00 स.,230.0,522.76,752.76,105.36,335.36,20.15,18.36,Success
Panshet,12/01/2024,08:00 स.,9.0,301.61,310.61,57.3,66.3,19.0,18.59,Success
Temghar,12/01/2024,08:00 स.,2.95,105.01,107.96,4.82,7.77,4.59,5.31,Success
Gunjawani,11/01/2024,08:00 स.,0.21,104.48,104.69,20.75,20.96,19.86,26.82,Success
Khadakwasla,11/01/2024,08:00 स.,30.0,55.91,85.91,25.22,55.22,45.11,60.66,Success
Mulshi,11/01/2024,08:00 स.,230.0,522.76,752.76,105.36,335.36,20.15,18.36,Success
Panshet,11/01/2024,08:00 स.,9.0,301.61,310.61,57.3,66.3,19.0,18.59,Success
Temghar,11/01/2024,08:00 स.,2.95,105.01,107.96,4.82,7.77,4.59,5.31,Success
Gunjawani,10/01/2024,08:00 स.,0.21,104.48,104.69,20.75,20.96,19.86,26.82,Success
Khadakwasla,10/01/2024,08:00 स.,30.0,55.91,85.91,25.22,55.22,45.11,60.66,Success
Mulshi,10/01/2024,08:00 स.,230.0,522.76,752.76,105.36,335.36,20.15,18.36,Success
Panshet,10/01/2024,08:00 स.,9.0,301.61,310.61,57.3,66.3,19.0,18.59,Success
Temghar,10/01/2024,08:00 स.,2.95,105.01,107.96,4.82,7.77,4.59,5.31,Success
Gunjawani,09/01/2024,08:00 स.,0.21,104.48,104.69,20.75,20.96,19.86,26.82,Success
Khadakwasla,09/01/2024,08:00 स.,30.0,55.91,85.91,25.22,55.22,45.11,60.66,Success
Mulshi,09/01/2024,08:00 स.,230.0,522.76,752.76,105.36,335.36,20.15,18.36,Success
Panshet,09/01/2024,08:00 स.,9.0,301.61,310.61,57.3,66.3,19.0,18.59,Success
Temghar,09/01/2024,08:00 स.,2.95,105.01,107.96,4.82,7.77,4.59,5.31,Success
Gunjawani,08/01/2024,08:00 स.,0.21,104.48,104.69,20.75,20.96,19.86,26.82,Success
Khadakwasla,08/01/2024,08:00 स.,30.0,55.91,85.91,25.22,55.22,45.11,60.66,Success
Mulshi,08/01/2024,08:00 स.,230.0,522.76,752.76,105.36,335.36,20.15,18.36,Success
Panshet,08/01/2024,08:00 स.,9.0,301.61,310.61,57.3,66.3,19.0,18.59,Success
Temghar,08/01/2024,08:00 स.,2.95,105.01,107.96,4.82,7.77,4.59,5.31,Success
Gunjawani,07/01/2024,08:00 स.,0.21,104.48,104.69,20.75,20.96,19.86,26.82,Success
Khadakwasla,07/01/2024,08:00 स.,30.0,55.91,85.91,25.22,55.22,45.11,60.66,Success
Mulshi,07/01/2024,08:00 स.,230.0,522.76,752.76,105.36,335.36,20.15,18.36,Success
Panshet,07/01/2024,08:00 स.,9.0,301.61,310.61,57.3,66.3,19.0,18.59,Success
Temghar,07/01/2024,08:00 स.,2.95,105.01,107.96,4.82,7.77,4.59,5.31,Success
Gunjawani,06/01/2024,08:00 स.,0.21,104.48,104.69,20.75,20.96,19.86,26.82,Success
Khadakwasla,06/01/2024,08:00 स.,30.0,55.91,85.91,25.22,55.22,45.11,60.66,Success
Mulshi,06/01/2024,08:00 स.,230.0,522.76,752.76,105.36,335.36,20.15,18.36,Success
Panshet,06/01/2024,08:00 स.,9.0,301.61,310.61,57.3,66.3,19.0,18.59,Success
Temghar,06/01/2024,08:00 स.,2.95,105.01,107.96,4.82,7.77,4.59,5.31,Success
Gunjawani,05/01/2024,08:00 स.,0.21,104.48,104.69,20.75,20.96,19.86,26.82,Success
Khadakwasla,05/01/2024,08:00 स.,30.0,55.91,85.91,25.22,55.22,45.11,60.66,Success
Mulshi,05/01/2024,08:00 स.,230.0,522.76,752.76,105.36,335.36,20.15,18.36,Success
Panshet,05/01/2024,08:00 स.,9.0,301.61,310.61,57.3,66.3,19.0,18.59,Success
Temghar,05/01/2024,08:00 स.,2.95,105.01,107.96,4.82,7.77,4.59,5.31,Success
Gunjawani,04/01/2024,08:00 स.,0.21,104.48,104.69,20.75,20.96,19.86,26.82,Success
Khadakwasla,04/01/2024,08:00 स.,30.0,55.91,85.91,25.22,55.22,45.11,60.66,Success
Mulshi,04/01/2024,08:00 स.,230.0,522.76,752.76,105.36,335.36,20.15,18.36,Success
Panshet,04/01/2024,08:00 स.,9.0,301.61,310.61,57.3,66.3,19.0,18.59,Success
Temghar,04/01/2024,08:00 स.,2.95,105.01,107.96,4.82,7.77,4.59,5.31,Success
Gunjawani,03/01/2024,08:00 स.,0.21,104.48,104.69,20.75,20.96,19.86,26.82,Success
Khadakwasla,03/01/2024,08:00 स.,30.0,55.91,85.91,25.22,55.22,45.11,60.66,Success
Mulshi,03/01/2024,08:00 स.,230.0,522.76,752.76,105.36,335.36,20.15,18.36,Success
Panshet,03/01/2024,08:00 स.,9.0,301.61,310.61,57.3,66.3,19.0,18.59,Success
Temghar,03/01/2024,08:00 स.,2.95,105.01,107.96,4.82,7.77,4.59,5.31,Success
Gunjawani,02/01/2024,08:00 स.,0.21,104.48,104.69,20.75,20.96,19.86,26.82,Success
Khadakwasla,02/01/2024,08:00 स.,30.0,55.91,85.91,25.22,55.22,45.11,60.66,Success
Mulshi,02/01/2024,08:00 स.,230.0,522.76,752.76,105.36,335.36,20.15,18.36,Success
Panshet,02/01/2024,08:00 स.,9.0,301.61,310.61,57.3,66.3,19.0,18.59,Success
Temghar,02/01/2024,08:00 स.,2.95,105.01,107.96,4.82,7.77,4.59,5.31,Success
Gunjawani,01/01/2024,08:00 स.,0.21,104.48,104.69,20.75,20.96,19.86,26.82,Success
Khadakwasla,01/01/2024,08:00 स.,30.0,55.91,85.91,25.22,55.22,45.11,60.66,Success
Mulshi,01/01/2024,08:00 स.,230.0,522.76,752.76,105.36,335.36,20.15,18.36,Success
Panshet,01/01/2024,08:00 स.,9.0,301.61,310.61,57.3,66.3,19.0,18.59,Success
Temghar,01/01/2024,08:00 स.,2.95,105.01,107.96,4.82,7.77,4.59,5.31,Success
